Reference,Value,Footprint,Datasheet,Qty,Part Number
D1,APA102-2020,LED_SMD:LED-APA102-2020,http://www.led-color.com/upload/201604/APA102-2020%20SMD%20LED.pdf,1,APA102-2020
D2,APA102-2020,LED_SMD:LED-APA102-2020,http://www.led-color.com/upload/201604/APA102-2020%20SMD%20LED.pdf,1,APA102-2020
D3,APA102-2020,LED_SMD:LED-APA102-2020,http://www.led-color.com/upload/201604/APA102-2020%20SMD%20LED.pdf,1,APA102-2020
D4,APA102-2020,LED_SMD:LED-APA102-2020,http://www.led-color.com/upload/201604/APA102-2020%20SMD%20LED.pdf,1,APA102-2020
D5,APA102-2020,LED_SMD:LED-APA102-2020,http://www.led-color.com/upload/201604/APA102-2020%20SMD%20LED.pdf,1,APA102-2020
D6,APA102-2020,LED_SMD:LED-APA102-2020,http://www.led-color.com/upload/201604/APA102-2020%20SMD%20LED.pdf,1,APA102-2020
D7,APA102-2020,LED_SMD:LED-APA102-2020,http://www.led-color.com/upload/201604/APA102-2020%20SMD%20LED.pdf,1,APA102-2020
D8,APA102-2020,LED_SMD:LED-APA102-2020,http://www.led-color.com/upload/201604/APA102-2020%20SMD%20LED.pdf,1,APA102-2020
D9,APA102-2020,LED_SMD:LED-APA102-2020,http://www.led-color.com/upload/201604/APA102-2020%20SMD%20LED.pdf,1,APA102-2020
D10,APA102-2020,LED_SMD:LED-APA102-2020,http://www.led-color.com/upload/201604/APA102-2020%20SMD%20LED.pdf,1,APA102-2020
D11,APA102-2020,LED_SMD:LED-APA102-2020,http://www.led-color.com/upload/201604/APA102-2020%20SMD%20LED.pdf,1,APA102-2020
D12,APA102-2020,LED_SMD:LED-APA102-2020,http://www.led-color.com/upload/201604/APA102-2020%20SMD%20LED.pdf,1,APA102-2020
D13,APA102-2020,LED_SMD:LED-APA102-2020,http://www.led-color.com/upload/201604/APA102-2020%20SMD%20LED.pdf,1,APA102-2020
D14,APA102-2020,LED_SMD:LED-APA102-2020,http://www.led-color.com/upload/201604/APA102-2020%20SMD%20LED.pdf,1,APA102-2020
D15,APA102-2020,LED_SMD:LED-APA102-2020,http://www.led-color.com/upload/201604/APA102-2020%20SMD%20LED.pdf,1,APA102-2020
D16,APA102-2020,LED_SMD:LED-APA102-2020,http://www.led-color.com/upload/201604/APA102-2020%20SMD%20LED.pdf,1,APA102-2020
D17,APA102-2020,LED_SMD:LED-APA102-2020,http://www.led-color.com/upload/201604/APA102-2020%20SMD%20LED.pdf,1,APA102-2020
D18,APA102-2020,LED_SMD:LED-APA102-2020,http://www.led-color.com/upload/201604/APA102-2020%20SMD%20LED.pdf,1,APA102-2020
D19,APA102-2020,LED_SMD:LED-APA102-2020,http://www.led-color.com/upload/201604/APA102-2020%20SMD%20LED.pdf,1,APA102-2020
D20,APA102-2020,LED_SMD:LED-APA102-2020,http://www.led-color.com/upload/201604/APA102-2020%20SMD%20LED.pdf,1,APA102-2020
D21,APA102-2020,LED_SMD:LED-APA102-2020,http://www.led-color.com/upload/201604/APA102-2020%20SMD%20LED.pdf,1,APA102-2020
D22,APA102-2020,LED_SMD:LED-APA102-2020,http://www.led-color.com/upload/201604/APA102-2020%20SMD%20LED.pdf,1,APA102-2020
D23,APA102-2020,LED_SMD:LED-APA102-2020,http://www.led-color.com/upload/201604/APA102-2020%20SMD%20LED.pdf,1,APA102-2020
D24,APA102-2020,LED_SMD:LED-APA102-2020,http://www.led-color.com/upload/201604/APA102-2020%20SMD%20LED.pdf,1,APA102-2020
D25,APA102-2020,LED_SMD:LED-APA102-2020,http://www.led-color.com/upload/201604/APA102-2020%20SMD%20LED.pdf,1,APA102-2020
D26,APA102-2020,LED_SMD:LED-APA102-2020,http://www.led-color.com/upload/201604/APA102-2020%20SMD%20LED.pdf,1,APA102-2020
D27,APA102-2020,LED_SMD:LED-APA102-2020,http://www.led-color.com/upload/201604/APA102-2020%20SMD%20LED.pdf,1,APA102-2020
D28,APA102-2020,LED_SMD:LED-APA102-2020,http://www.led-color.com/upload/201604/APA102-2020%20SMD%20LED.pdf,1,APA102-2020
D29,APA102-2020,LED_SMD:LED-APA102-2020,http://www.led-color.com/upload/201604/APA102-2020%20SMD%20LED.pdf,1,APA102-2020
D30,APA102-2020,LED_SMD:LED-APA102-2020,http://www.led-color.com/upload/201604/APA102-2020%20SMD%20LED.pdf,1,APA102-2020
D31,APA102-2020,LED_SMD:LED-APA102-2020,http://www.led-color.com/upload/201604/APA102-2020%20SMD%20LED.pdf,1,APA102-2020
D32,APA102-2020,LED_SMD:LED-APA102-2020,http://www.led-color.com/upload/201604/APA102-2020%20SMD%20LED.pdf,1,APA102-2020
D33,APA102-2020,LED_SMD:LED-APA102-2020,http://www.led-color.com/upload/201604/APA102-2020%20SMD%20LED.pdf,1,APA102-2020
D34,APA102-2020,LED_SMD:LED-APA102-2020,http://www.led-color.com/upload/201604/APA102-2020%20SMD%20LED.pdf,1,APA102-2020
D35,APA102-2020,LED_SMD:LED-APA102-2020,http://www.led-color.com/upload/201604/APA102-2020%20SMD%20LED.pdf,1,APA102-2020
D36,APA102-2020,LED_SMD:LED-APA102-2020,http://www.led-color.com/upload/201604/APA102-2020%20SMD%20LED.pdf,1,APA102-2020
D37,APA102-2020,LED_SMD:LED-APA102-2020,http://www.led-color.com/upload/201604/APA102-2020%20SMD%20LED.pdf,1,APA102-2020
D38,APA102-2020,LED_SMD:LED-APA102-2020,http://www.led-color.com/upload/201604/APA102-2020%20SMD%20LED.pdf,1,APA102-2020
D39,APA102-2020,LED_SMD:LED-APA102-2020,http://www.led-color.com/upload/201604/APA102-2020%20SMD%20LED.pdf,1,APA102-2020
D40,APA102-2020,LED_SMD:LED-APA102-2020,http://www.led-color.com/upload/201604/APA102-2020%20SMD%20LED.pdf,1,APA102-2020
D41,APA102-2020,LED_SMD:LED-APA102-2020,http://www.led-color.com/upload/201604/APA102-2020%20SMD%20LED.pdf,1,APA102-2020
D42,APA102-2020,LED_SMD:LED-APA102-2020,http://www.led-color.com/upload/201604/APA102-2020%20SMD%20LED.pdf,1,APA102-2020
D43,APA102-2020,LED_SMD:LED-APA102-2020,http://www.led-color.com/upload/201604/APA102-2020%20SMD%20LED.pdf,1,APA102-2020
D44,APA102-2020,LED_SMD:LED-APA102-2020,http://www.led-color.com/upload/201604/APA102-2020%20SMD%20LED.pdf,1,APA102-2020
D45,APA102-2020,LED_SMD:LED-APA102-2020,http://www.led-color.com/upload/201604/APA102-2020%20SMD%20LED.pdf,1,APA102-2020
D46,APA102-2020,LED_SMD:LED-APA102-2020,http://www.led-color.com/upload/201604/APA102-2020%20SMD%20LED.pdf,1,APA102-2020
D47,APA102-2020,LED_SMD:LED-APA102-2020,http://www.led-color.com/upload/201604/APA102-2020%20SMD%20LED.pdf,1,APA102-2020
D48,APA102-2020,LED_SMD:LED-APA102-2020,http://www.led-color.com/upload/201604/APA102-2020%20SMD%20LED.pdf,1,APA102-2020
D49,APA102-2020,LED_SMD:LED-APA102-2020,http://www.led-color.com/upload/201604/APA102-2020%20SMD%20LED.pdf,1,APA102-2020
D50,APA102-2020,LED_SMD:LED-APA102-2020,http://www.led-color.com/upload/201604/APA102-2020%20SMD%20LED.pdf,1,APA102-2020
D51,APA102-2020,LED_SMD:LED-APA102-2020,http://www.led-color.com/upload/201604/APA102-2020%20SMD%20LED.pdf,1,APA102-2020
D52,APA102-2020,LED_SMD:LED-APA102-2020,http://www.led-color.com/upload/201604/APA102-2020%20SMD%20LED.pdf,1,APA102-2020
D53,APA102-2020,LED_SMD:LED-APA102-2020,http://www.led-color.com/upload/201604/APA102-2020%20SMD%20LED.pdf,1,APA102-2020
D54,APA102-2020,LED_SMD:LED-APA102-2020,http://www.led-color.com/upload/201604/APA102-2020%20SMD%20LED.pdf,1,APA102-2020
D55,APA102-2020,LED_SMD:LED-APA102-2020,http://www.led-color.com/upload/201604/APA102-2020%20SMD%20LED.pdf,1,APA102-2020
D56,APA102-2020,LED_SMD:LED-APA102-2020,http://www.led-color.com/upload/201604/APA102-2020%20SMD%20LED.pdf,1,APA102-2020
D57,APA102-2020,LED_SMD:LED-APA102-2020,http://www.led-color.com/upload/201604/APA102-2020%20SMD%20LED.pdf,1,APA102-2020
D58,APA102-2020,LED_SMD:LED-APA102-2020,http://www.led-color.com/upload/201604/APA102-2020%20SMD%20LED.pdf,1,APA102-2020
D59,APA102-2020,LED_SMD:LED-APA102-2020,http://www.led-color.com/upload/201604/APA102-2020%20SMD%20LED.pdf,1,APA102-2020
D60,APA102-2020,LED_SMD:LED-APA102-2020,http://www.led-color.com/upload/201604/APA102-2020%20SMD%20LED.pdf,1,APA102-2020
D61,APA102-2020,LED_SMD:LED-APA102-2020,http://www.led-color.com/upload/201604/APA102-2020%20SMD%20LED.pdf,1,APA102-2020
D62,APA102-2020,LED_SMD:LED-APA102-2020,http://www.led-color.com/upload/201604/APA102-2020%20SMD%20LED.pdf,1,APA102-2020
D63,APA102-2020,LED_SMD:LED-APA102-2020,http://www.led-color.com/upload/201604/APA102-2020%20SMD%20LED.pdf,1,APA102-2020
D64,APA102-2020,LED_SMD:LED-APA102-2020,http://www.led-color.com/upload/201604/APA102-2020%20SMD%20LED.pdf,1,APA102-2020
D65,APA102-2020,LED_SMD:LED-APA102-2020,http://www.led-color.com/upload/201604/APA102-2020%20SMD%20LED.pdf,1,APA102-2020
D66,APA102-2020,LED_SMD:LED-APA102-2020,http://www.led-color.com/upload/201604/APA102-2020%20SMD%20LED.pdf,1,APA102-2020
D67,APA102-2020,LED_SMD:LED-APA102-2020,http://www.led-color.com/upload/201604/APA102-2020%20SMD%20LED.pdf,1,APA102-2020
D68,APA102-2020,LED_SMD:LED-APA102-2020,http://www.led-color.com/upload/201604/APA102-2020%20SMD%20LED.pdf,1,APA102-2020
D69,APA102-2020,LED_SMD:LED-APA102-2020,http://www.led-color.com/upload/201604/APA102-2020%20SMD%20LED.pdf,1,APA102-2020
D70,APA102-2020,LED_SMD:LED-APA102-2020,http://www.led-color.com/upload/201604/APA102-2020%20SMD%20LED.pdf,1,APA102-2020
D71,APA102-2020,LED_SMD:LED-APA102-2020,http://www.led-color.com/upload/201604/APA102-2020%20SMD%20LED.pdf,1,APA102-2020
D72,APA102-2020,LED_SMD:LED-APA102-2020,http://www.led-color.com/upload/201604/APA102-2020%20SMD%20LED.pdf,1,APA102-2020
D73,APA102-2020,LED_SMD:LED-APA102-2020,http://www.led-color.com/upload/201604/APA102-2020%20SMD%20LED.pdf,1,APA102-2020
D74,APA102-2020,LED_SMD:LED-APA102-2020,http://www.led-color.com/upload/201604/APA102-2020%20SMD%20LED.pdf,1,APA102-2020
D75,APA102-2020,LED_SMD:LED-APA102-2020,http://www.led-color.com/upload/201604/APA102-2020%20SMD%20LED.pdf,1,APA102-2020
D76,APA102-2020,LED_SMD:LED-APA102-2020,http://www.led-color.com/upload/201604/APA102-2020%20SMD%20LED.pdf,1,APA102-2020
D77,APA102-2020,LED_SMD:LED-APA102-2020,http://www.led-color.com/upload/201604/APA102-2020%20SMD%20LED.pdf,1,APA102-2020
D78,APA102-2020,LED_SMD:LED-APA102-2020,http://www.led-color.com/upload/201604/APA102-2020%20SMD%20LED.pdf,1,APA102-2020
D79,APA102-2020,LED_SMD:LED-APA102-2020,http://www.led-color.com/upload/201604/APA102-2020%20SMD%20LED.pdf,1,APA102-2020
D80,APA102-2020,LED_SMD:LED-APA102-2020,http://www.led-color.com/upload/201604/APA102-2020%20SMD%20LED.pdf,1,APA102-2020
D81,APA102-2020,LED_SMD:LED-APA102-2020,http://www.led-color.com/upload/201604/APA102-2020%20SMD%20LED.pdf,1,APA102-2020
D82,APA102-2020,LED_SMD:LED-APA102-2020,http://www.led-color.com/upload/201604/APA102-2020%20SMD%20LED.pdf,1,APA102-2020
D83,APA102-2020,LED_SMD:LED-APA102-2020,http://www.led-color.com/upload/201604/APA102-2020%20SMD%20LED.pdf,1,APA102-2020
D84,APA102-2020,LED_SMD:LED-APA102-2020,http://www.led-color.com/upload/201604/APA102-2020%20SMD%20LED.pdf,1,APA102-2020
D85,APA102-2020,LED_SMD:LED-APA102-2020,http://www.led-color.com/upload/201604/APA102-2020%20SMD%20LED.pdf,1,APA102-2020
D86,APA102-2020,LED_SMD:LED-APA102-2020,http://www.led-color.com/upload/201604/APA102-2020%20SMD%20LED.pdf,1,APA102-2020
D87,APA102-2020,LED_SMD:LED-APA102-2020,http://www.led-color.com/upload/201604/APA102-2020%20SMD%20LED.pdf,1,APA102-2020
D88,APA102-2020,LED_SMD:LED-APA102-2020,http://www.led-color.com/upload/201604/APA102-2020%20SMD%20LED.pdf,1,APA102-2020
D89,APA102-2020,LED_SMD:LED-APA102-2020,http://www.led-color.com/upload/201604/APA102-2020%20SMD%20LED.pdf,1,APA102-2020
D90,APA102-2020,LED_SMD:LED-APA102-2020,http://www.led-color.com/upload/201604/APA102-2020%20SMD%20LED.pdf,1,APA102-2020
D91,APA102-2020,LED_SMD:LED-APA102-2020,http://www.led-color.com/upload/201604/APA102-2020%20SMD%20LED.pdf,1,APA102-2020
D92,APA102-2020,LED_SMD:LED-APA102-2020,http://www.led-color.com/upload/201604/APA102-2020%20SMD%20LED.pdf,1,APA102-2020
D93,APA102-2020,LED_SMD:LED-APA102-2020,http://www.led-color.com/upload/201604/APA102-2020%20SMD%20LED.pdf,1,APA102-2020
D94,APA102-2020,LED_SMD:LED-APA102-2020,http://www.led-color.com/upload/201604/APA102-2020%20SMD%20LED.pdf,1,APA102-2020
D95,APA102-2020,LED_SMD:LED-APA102-2020,http://www.led-color.com/upload/201604/APA102-2020%20SMD%20LED.pdf,1,APA102-2020
D96,APA102-2020,LED_SMD:LED-APA102-2020,http://www.led-color.com/upload/201604/APA102-2020%20SMD%20LED.pdf,1,APA102-2020
D97,APA102-2020,LED_SMD:LED-APA102-2020,http://www.led-color.com/upload/201604/APA102-2020%20SMD%20LED.pdf,1,APA102-2020
D98,APA102-2020,LED_SMD:LED-APA102-2020,http://www.led-color.com/upload/201604/APA102-2020%20SMD%20LED.pdf,1,APA102-2020
D99,APA102-2020,LED_SMD:LED-APA102-2020,http://www.led-color.com/upload/201604/APA102-2020%20SMD%20LED.pdf,1,APA102-2020
D100,APA102-2020,LED_SMD:LED-APA102-2020,http://www.led-color.com/upload/201604/APA102-2020%20SMD%20LED.pdf,1,APA102-2020
D101,APA102-2020,LED_SMD:LED-APA102-2020,http://www.led-color.com/upload/201604/APA102-2020%20SMD%20LED.pdf,1,APA102-2020
D102,APA102-2020,LED_SMD:LED-APA102-2020,http://www.led-color.com/upload/201604/APA102-2020%20SMD%20LED.pdf,1,APA102-2020
D103,APA102-2020,LED_SMD:LED-APA102-2020,http://www.led-color.com/upload/201604/APA102-2020%20SMD%20LED.pdf,1,APA102-2020
D104,APA102-2020,LED_SMD:LED-APA102-2020,http://www.led-color.com/upload/201604/APA102-2020%20SMD%20LED.pdf,1,APA102-2020
D105,APA102-2020,LED_SMD:LED-APA102-2020,http://www.led-color.com/upload/201604/APA102-2020%20SMD%20LED.pdf,1,APA102-2020
D106,APA102-2020,LED_SMD:LED-APA102-2020,http://www.led-color.com/upload/201604/APA102-2020%20SMD%20LED.pdf,1,APA102-2020
D107,APA102-2020,LED_SMD:LED-APA102-2020,http://www.led-color.com/upload/201604/APA102-2020%20SMD%20LED.pdf,1,APA102-2020
D108,APA102-2020,LED_SMD:LED-APA102-2020,http://www.led-color.com/upload/201604/APA102-2020%20SMD%20LED.pdf,1,APA102-2020
D109,APA102-2020,LED_SMD:LED-APA102-2020,http://www.led-color.com/upload/201604/APA102-2020%20SMD%20LED.pdf,1,APA102-2020
D110,APA102-2020,LED_SMD:LED-APA102-2020,http://www.led-color.com/upload/201604/APA102-2020%20SMD%20LED.pdf,1,APA102-2020
D111,APA102-2020,LED_SMD:LED-APA102-2020,http://www.led-color.com/upload/201604/APA102-2020%20SMD%20LED.pdf,1,APA102-2020
D112,APA102-2020,LED_SMD:LED-APA102-2020,http://www.led-color.com/upload/201604/APA102-2020%20SMD%20LED.pdf,1,APA102-2020
D113,APA102-2020,LED_SMD:LED-APA102-2020,http://www.led-color.com/upload/201604/APA102-2020%20SMD%20LED.pdf,1,APA102-2020
D114,APA102-2020,LED_SMD:LED-APA102-2020,http://www.led-color.com/upload/201604/APA102-2020%20SMD%20LED.pdf,1,APA102-2020
D115,APA102-2020,LED_SMD:LED-APA102-2020,http://www.led-color.com/upload/201604/APA102-2020%20SMD%20LED.pdf,1,APA102-2020
D116,APA102-2020,LED_SMD:LED-APA102-2020,http://www.led-color.com/upload/201604/APA102-2020%20SMD%20LED.pdf,1,APA102-2020
D117,APA102-2020,LED_SMD:LED-APA102-2020,http://www.led-color.com/upload/201604/APA102-2020%20SMD%20LED.pdf,1,APA102-2020
D118,APA102-2020,LED_SMD:LED-APA102-2020,http://www.led-color.com/upload/201604/APA102-2020%20SMD%20LED.pdf,1,APA102-2020
D119,APA102-2020,LED_SMD:LED-APA102-2020,http://www.led-color.com/upload/201604/APA102-2020%20SMD%20LED.pdf,1,APA102-2020
D120,APA102-2020,LED_SMD:LED-APA102-2020,http://www.led-color.com/upload/201604/APA102-2020%20SMD%20LED.pdf,1,APA102-2020
D121,APA102-2020,LED_SMD:LED-APA102-2020,http://www.led-color.com/upload/201604/APA102-2020%20SMD%20LED.pdf,1,APA102-2020
D122,APA102-2020,LED_SMD:LED-APA102-2020,http://www.led-color.com/upload/201604/APA102-2020%20SMD%20LED.pdf,1,APA102-2020
D123,APA102-2020,LED_SMD:LED-APA102-2020,http://www.led-color.com/upload/201604/APA102-2020%20SMD%20LED.pdf,1,APA102-2020
D124,APA102-2020,LED_SMD:LED-APA102-2020,http://www.led-color.com/upload/201604/APA102-2020%20SMD%20LED.pdf,1,APA102-2020
D125,APA102-2020,LED_SMD:LED-APA102-2020,http://www.led-color.com/upload/201604/APA102-2020%20SMD%20LED.pdf,1,APA102-2020
D126,APA102-2020,LED_SMD:LED-APA102-2020,http://www.led-color.com/upload/201604/APA102-2020%20SMD%20LED.pdf,1,APA102-2020
D127,APA102-2020,LED_SMD:LED-APA102-2020,http://www.led-color.com/upload/201604/APA102-2020%20SMD%20LED.pdf,1,APA102-2020
D128,APA102-2020,LED_SMD:LED-APA102-2020,http://www.led-color.com/upload/201604/APA102-2020%20SMD%20LED.pdf,1,APA102-2020
D129,APA102-2020,LED_SMD:LED-APA102-2020,http://www.led-color.com/upload/201604/APA102-2020%20SMD%20LED.pdf,1,APA102-2020
D130,APA102-2020,LED_SMD:LED-APA102-2020,http://www.led-color.com/upload/201604/APA102-2020%20SMD%20LED.pdf,1,APA102-2020
D131,APA102-2020,LED_SMD:LED-APA102-2020,http://www.led-color.com/upload/201604/APA102-2020%20SMD%20LED.pdf,1,APA102-2020
D132,APA102-2020,LED_SMD:LED-APA102-2020,http://www.led-color.com/upload/201604/APA102-2020%20SMD%20LED.pdf,1,APA102-2020
D133,APA102-2020,LED_SMD:LED-APA102-2020,http://www.led-color.com/upload/201604/APA102-2020%20SMD%20LED.pdf,1,APA102-2020
D134,APA102-2020,LED_SMD:LED-APA102-2020,http://www.led-color.com/upload/201604/APA102-2020%20SMD%20LED.pdf,1,APA102-2020
D135,APA102-2020,LED_SMD:LED-APA102-2020,http://www.led-color.com/upload/201604/APA102-2020%20SMD%20LED.pdf,1,APA102-2020
D136,APA102-2020,LED_SMD:LED-APA102-2020,http://www.led-color.com/upload/201604/APA102-2020%20SMD%20LED.pdf,1,APA102-2020
D137,APA102-2020,LED_SMD:LED-APA102-2020,http://www.led-color.com/upload/201604/APA102-2020%20SMD%20LED.pdf,1,APA102-2020
D138,APA102-2020,LED_SMD:LED-APA102-2020,http://www.led-color.com/upload/201604/APA102-2020%20SMD%20LED.pdf,1,APA102-2020
D139,APA102-2020,LED_SMD:LED-APA102-2020,http://www.led-color.com/upload/201604/APA102-2020%20SMD%20LED.pdf,1,APA102-2020
D140,APA102-2020,LED_SMD:LED-APA102-2020,http://www.led-color.com/upload/201604/APA102-2020%20SMD%20LED.pdf,1,APA102-2020
D141,APA102-2020,LED_SMD:LED-APA102-2020,http://www.led-color.com/upload/201604/APA102-2020%20SMD%20LED.pdf,1,APA102-2020
D142,APA102-2020,LED_SMD:LED-APA102-2020,http://www.led-color.com/upload/201604/APA102-2020%20SMD%20LED.pdf,1,APA102-2020
D143,APA102-2020,LED_SMD:LED-APA102-2020,http://www.led-color.com/upload/201604/APA102-2020%20SMD%20LED.pdf,1,APA102-2020
D144,APA102-2020,LED_SMD:LED-APA102-2020,http://www.led-color.com/upload/201604/APA102-2020%20SMD%20LED.pdf,1,APA102-2020
D145,APA102-2020,LED_SMD:LED-APA102-2020,http://www.led-color.com/upload/201604/APA102-2020%20SMD%20LED.pdf,1,APA102-2020
D146,APA102-2020,LED_SMD:LED-APA102-2020,http://www.led-color.com/upload/201604/APA102-2020%20SMD%20LED.pdf,1,APA102-2020
D147,APA102-2020,LED_SMD:LED-APA102-2020,http://www.led-color.com/upload/201604/APA102-2020%20SMD%20LED.pdf,1,APA102-2020
D148,APA102-2020,LED_SMD:LED-APA102-2020,http://www.led-color.com/upload/201604/APA102-2020%20SMD%20LED.pdf,1,APA102-2020
D149,APA102-2020,LED_SMD:LED-APA102-2020,http://www.led-color.com/upload/201604/APA102-2020%20SMD%20LED.pdf,1,APA102-2020
D150,APA102-2020,LED_SMD:LED-APA102-2020,http://www.led-color.com/upload/201604/APA102-2020%20SMD%20LED.pdf,1,APA102-2020
D151,APA102-2020,LED_SMD:LED-APA102-2020,http://www.led-color.com/upload/201604/APA102-2020%20SMD%20LED.pdf,1,APA102-2020
D152,APA102-2020,LED_SMD:LED-APA102-2020,http://www.led-color.com/upload/201604/APA102-2020%20SMD%20LED.pdf,1,APA102-2020
D153,APA102-2020,LED_SMD:LED-APA102-2020,http://www.led-color.com/upload/201604/APA102-2020%20SMD%20LED.pdf,1,APA102-2020
D154,APA102-2020,LED_SMD:LED-APA102-2020,http://www.led-color.com/upload/201604/APA102-2020%20SMD%20LED.pdf,1,APA102-2020
D155,APA102-2020,LED_SMD:LED-APA102-2020,http://www.led-color.com/upload/201604/APA102-2020%20SMD%20LED.pdf,1,APA102-2020
D156,APA102-2020,LED_SMD:LED-APA102-2020,http://www.led-color.com/upload/201604/APA102-2020%20SMD%20LED.pdf,1,APA102-2020
D157,APA102-2020,LED_SMD:LED-APA102-2020,http://www.led-color.com/upload/201604/APA102-2020%20SMD%20LED.pdf,1,APA102-2020
D158,APA102-2020,LED_SMD:LED-APA102-2020,http://www.led-color.com/upload/201604/APA102-2020%20SMD%20LED.pdf,1,APA102-2020
D159,APA102-2020,LED_SMD:LED-APA102-2020,http://www.led-color.com/upload/201604/APA102-2020%20SMD%20LED.pdf,1,APA102-2020
D160,APA102-2020,LED_SMD:LED-APA102-2020,http://www.led-color.com/upload/201604/APA102-2020%20SMD%20LED.pdf,1,APA102-2020
D161,APA102-2020,LED_SMD:LED-APA102-2020,http://www.led-color.com/upload/201604/APA102-2020%20SMD%20LED.pdf,1,APA102-2020
D162,APA102-2020,LED_SMD:LED-APA102-2020,http://www.led-color.com/upload/201604/APA102-2020%20SMD%20LED.pdf,1,APA102-2020
D163,APA102-2020,LED_SMD:LED-APA102-2020,http://www.led-color.com/upload/201604/APA102-2020%20SMD%20LED.pdf,1,APA102-2020
D164,APA102-2020,LED_SMD:LED-APA102-2020,http://www.led-color.com/upload/201604/APA102-2020%20SMD%20LED.pdf,1,APA102-2020
D165,APA102-2020,LED_SMD:LED-APA102-2020,http://www.led-color.com/upload/201604/APA102-2020%20SMD%20LED.pdf,1,APA102-2020
D166,APA102-2020,LED_SMD:LED-APA102-2020,http://www.led-color.com/upload/201604/APA102-2020%20SMD%20LED.pdf,1,APA102-2020
D167,APA102-2020,LED_SMD:LED-APA102-2020,http://www.led-color.com/upload/201604/APA102-2020%20SMD%20LED.pdf,1,APA102-2020
D168,APA102-2020,LED_SMD:LED-APA102-2020,http://www.led-color.com/upload/201604/APA102-2020%20SMD%20LED.pdf,1,APA102-2020
D169,APA102-2020,LED_SMD:LED-APA102-2020,http://www.led-color.com/upload/201604/APA102-2020%20SMD%20LED.pdf,1,APA102-2020
D170,APA102-2020,LED_SMD:LED-APA102-2020,http://www.led-color.com/upload/201604/APA102-2020%20SMD%20LED.pdf,1,APA102-2020
D171,APA102-2020,LED_SMD:LED-APA102-2020,http://www.led-color.com/upload/201604/APA102-2020%20SMD%20LED.pdf,1,APA102-2020
D172,APA102-2020,LED_SMD:LED-APA102-2020,http://www.led-color.com/upload/201604/APA102-2020%20SMD%20LED.pdf,1,APA102-2020
D173,APA102-2020,LED_SMD:LED-APA102-2020,http://www.led-color.com/upload/201604/APA102-2020%20SMD%20LED.pdf,1,APA102-2020
D174,APA102-2020,LED_SMD:LED-APA102-2020,http://www.led-color.com/upload/201604/APA102-2020%20SMD%20LED.pdf,1,APA102-2020
D175,APA102-2020,LED_SMD:LED-APA102-2020,http://www.led-color.com/upload/201604/APA102-2020%20SMD%20LED.pdf,1,APA102-2020
D176,APA102-2020,LED_SMD:LED-APA102-2020,http://www.led-color.com/upload/201604/APA102-2020%20SMD%20LED.pdf,1,APA102-2020
D177,APA102-2020,LED_SMD:LED-APA102-2020,http://www.led-color.com/upload/201604/APA102-2020%20SMD%20LED.pdf,1,APA102-2020
D178,APA102-2020,LED_SMD:LED-APA102-2020,http://www.led-color.com/upload/201604/APA102-2020%20SMD%20LED.pdf,1,APA102-2020
D179,APA102-2020,LED_SMD:LED-APA102-2020,http://www.led-color.com/upload/201604/APA102-2020%20SMD%20LED.pdf,1,APA102-2020
D180,APA102-2020,LED_SMD:LED-APA102-2020,http://www.led-color.com/upload/201604/APA102-2020%20SMD%20LED.pdf,1,APA102-2020
D181,APA102-2020,LED_SMD:LED-APA102-2020,http://www.led-color.com/upload/201604/APA102-2020%20SMD%20LED.pdf,1,APA102-2020
D182,APA102-2020,LED_SMD:LED-APA102-2020,http://www.led-color.com/upload/201604/APA102-2020%20SMD%20LED.pdf,1,APA102-2020
D183,APA102-2020,LED_SMD:LED-APA102-2020,http://www.led-color.com/upload/201604/APA102-2020%20SMD%20LED.pdf,1,APA102-2020
D184,APA102-2020,LED_SMD:LED-APA102-2020,http://www.led-color.com/upload/201604/APA102-2020%20SMD%20LED.pdf,1,APA102-2020
D185,APA102-2020,LED_SMD:LED-APA102-2020,http://www.led-color.com/upload/201604/APA102-2020%20SMD%20LED.pdf,1,APA102-2020
D186,APA102-2020,LED_SMD:LED-APA102-2020,http://www.led-color.com/upload/201604/APA102-2020%20SMD%20LED.pdf,1,APA102-2020
D187,APA102-2020,LED_SMD:LED-APA102-2020,http://www.led-color.com/upload/201604/APA102-2020%20SMD%20LED.pdf,1,APA102-2020
D188,APA102-2020,LED_SMD:LED-APA102-2020,http://www.led-color.com/upload/201604/APA102-2020%20SMD%20LED.pdf,1,APA102-2020
D189,APA102-2020,LED_SMD:LED-APA102-2020,http://www.led-color.com/upload/201604/APA102-2020%20SMD%20LED.pdf,1,APA102-2020
D190,APA102-2020,LED_SMD:LED-APA102-2020,http://www.led-color.com/upload/201604/APA102-2020%20SMD%20LED.pdf,1,APA102-2020
D191,APA102-2020,LED_SMD:LED-APA102-2020,http://www.led-color.com/upload/201604/APA102-2020%20SMD%20LED.pdf,1,APA102-2020
D192,APA102-2020,LED_SMD:LED-APA102-2020,http://www.led-color.com/upload/201604/APA102-2020%20SMD%20LED.pdf,1,APA102-2020
D193,APA102-2020,LED_SMD:LED-APA102-2020,http://www.led-color.com/upload/201604/APA102-2020%20SMD%20LED.pdf,1,APA102-2020
D194,APA102-2020,LED_SMD:LED-APA102-2020,http://www.led-color.com/upload/201604/APA102-2020%20SMD%20LED.pdf,1,APA102-2020
D195,APA102-2020,LED_SMD:LED-APA102-2020,http://www.led-color.com/upload/201604/APA102-2020%20SMD%20LED.pdf,1,APA102-2020
D196,APA102-2020,LED_SMD:LED-APA102-2020,http://www.led-color.com/upload/201604/APA102-2020%20SMD%20LED.pdf,1,APA102-2020
D197,APA102-2020,LED_SMD:LED-APA102-2020,http://www.led-color.com/upload/201604/APA102-2020%20SMD%20LED.pdf,1,APA102-2020
D198,APA102-2020,LED_SMD:LED-APA102-2020,http://www.led-color.com/upload/201604/APA102-2020%20SMD%20LED.pdf,1,APA102-2020
D199,APA102-2020,LED_SMD:LED-APA102-2020,http://www.led-color.com/upload/201604/APA102-2020%20SMD%20LED.pdf,1,APA102-2020
D200,APA102-2020,LED_SMD:LED-APA102-2020,http://www.led-color.com/upload/201604/APA102-2020%20SMD%20LED.pdf,1,APA102-2020
D201,APA102-2020,LED_SMD:LED-APA102-2020,http://www.led-color.com/upload/201604/APA102-2020%20SMD%20LED.pdf,1,APA102-2020
D202,APA102-2020,LED_SMD:LED-APA102-2020,http://www.led-color.com/upload/201604/APA102-2020%20SMD%20LED.pdf,1,APA102-2020
D203,APA102-2020,LED_SMD:LED-APA102-2020,http://www.led-color.com/upload/201604/APA102-2020%20SMD%20LED.pdf,1,APA102-2020
D204,APA102-2020,LED_SMD:LED-APA102-2020,http://www.led-color.com/upload/201604/APA102-2020%20SMD%20LED.pdf,1,APA102-2020
D205,APA102-2020,LED_SMD:LED-APA102-2020,http://www.led-color.com/upload/201604/APA102-2020%20SMD%20LED.pdf,1,APA102-2020
D206,APA102-2020,LED_SMD:LED-APA102-2020,http://www.led-color.com/upload/201604/APA102-2020%20SMD%20LED.pdf,1,APA102-2020
D207,APA102-2020,LED_SMD:LED-APA102-2020,http://www.led-color.com/upload/201604/APA102-2020%20SMD%20LED.pdf,1,APA102-2020
D208,APA102-2020,LED_SMD:LED-APA102-2020,http://www.led-color.com/upload/201604/APA102-2020%20SMD%20LED.pdf,1,APA102-2020
D209,APA102-2020,LED_SMD:LED-APA102-2020,http://www.led-color.com/upload/201604/APA102-2020%20SMD%20LED.pdf,1,APA102-2020
D210,APA102-2020,LED_SMD:LED-APA102-2020,http://www.led-color.com/upload/201604/APA102-2020%20SMD%20LED.pdf,1,APA102-2020
D211,APA102-2020,LED_SMD:LED-APA102-2020,http://www.led-color.com/upload/201604/APA102-2020%20SMD%20LED.pdf,1,APA102-2020
D212,APA102-2020,LED_SMD:LED-APA102-2020,http://www.led-color.com/upload/201604/APA102-2020%20SMD%20LED.pdf,1,APA102-2020
D213,APA102-2020,LED_SMD:LED-APA102-2020,http://www.led-color.com/upload/201604/APA102-2020%20SMD%20LED.pdf,1,APA102-2020
D214,APA102-2020,LED_SMD:LED-APA102-2020,http://www.led-color.com/upload/201604/APA102-2020%20SMD%20LED.pdf,1,APA102-2020
D215,APA102-2020,LED_SMD:LED-APA102-2020,http://www.led-color.com/upload/201604/APA102-2020%20SMD%20LED.pdf,1,APA102-2020
D216,APA102-2020,LED_SMD:LED-APA102-2020,http://www.led-color.com/upload/201604/APA102-2020%20SMD%20LED.pdf,1,APA102-2020
D217,APA102-2020,LED_SMD:LED-APA102-2020,http://www.led-color.com/upload/201604/APA102-2020%20SMD%20LED.pdf,1,APA102-2020
D218,APA102-2020,LED_SMD:LED-APA102-2020,http://www.led-color.com/upload/201604/APA102-2020%20SMD%20LED.pdf,1,APA102-2020
D219,APA102-2020,LED_SMD:LED-APA102-2020,http://www.led-color.com/upload/201604/APA102-2020%20SMD%20LED.pdf,1,APA102-2020
D220,APA102-2020,LED_SMD:LED-APA102-2020,http://www.led-color.com/upload/201604/APA102-2020%20SMD%20LED.pdf,1,APA102-2020
D221,APA102-2020,LED_SMD:LED-APA102-2020,http://www.led-color.com/upload/201604/APA102-2020%20SMD%20LED.pdf,1,APA102-2020
D222,APA102-2020,LED_SMD:LED-APA102-2020,http://www.led-color.com/upload/201604/APA102-2020%20SMD%20LED.pdf,1,APA102-2020
D223,APA102-2020,LED_SMD:LED-APA102-2020,http://www.led-color.com/upload/201604/APA102-2020%20SMD%20LED.pdf,1,APA102-2020
D224,APA102-2020,LED_SMD:LED-APA102-2020,http://www.led-color.com/upload/201604/APA102-2020%20SMD%20LED.pdf,1,APA102-2020
D225,APA102-2020,LED_SMD:LED-APA102-2020,http://www.led-color.com/upload/201604/APA102-2020%20SMD%20LED.pdf,1,APA102-2020
D226,APA102-2020,LED_SMD:LED-APA102-2020,http://www.led-color.com/upload/201604/APA102-2020%20SMD%20LED.pdf,1,APA102-2020
D227,APA102-2020,LED_SMD:LED-APA102-2020,http://www.led-color.com/upload/201604/APA102-2020%20SMD%20LED.pdf,1,APA102-2020
D228,APA102-2020,LED_SMD:LED-APA102-2020,http://www.led-color.com/upload/201604/APA102-2020%20SMD%20LED.pdf,1,APA102-2020
D229,APA102-2020,LED_SMD:LED-APA102-2020,http://www.led-color.com/upload/201604/APA102-2020%20SMD%20LED.pdf,1,APA102-2020
D230,APA102-2020,LED_SMD:LED-APA102-2020,http://www.led-color.com/upload/201604/APA102-2020%20SMD%20LED.pdf,1,APA102-2020
D231,APA102-2020,LED_SMD:LED-APA102-2020,http://www.led-color.com/upload/201604/APA102-2020%20SMD%20LED.pdf,1,APA102-2020
D232,APA102-2020,LED_SMD:LED-APA102-2020,http://www.led-color.com/upload/201604/APA102-2020%20SMD%20LED.pdf,1,APA102-2020
D233,APA102-2020,LED_SMD:LED-APA102-2020,http://www.led-color.com/upload/201604/APA102-2020%20SMD%20LED.pdf,1,APA102-2020
D234,APA102-2020,LED_SMD:LED-APA102-2020,http://www.led-color.com/upload/201604/APA102-2020%20SMD%20LED.pdf,1,APA102-2020
D235,APA102-2020,LED_SMD:LED-APA102-2020,http://www.led-color.com/upload/201604/APA102-2020%20SMD%20LED.pdf,1,APA102-2020
D236,APA102-2020,LED_SMD:LED-APA102-2020,http://www.led-color.com/upload/201604/APA102-2020%20SMD%20LED.pdf,1,APA102-2020
D237,APA102-2020,LED_SMD:LED-APA102-2020,http://www.led-color.com/upload/201604/APA102-2020%20SMD%20LED.pdf,1,APA102-2020
D238,APA102-2020,LED_SMD:LED-APA102-2020,http://www.led-color.com/upload/201604/APA102-2020%20SMD%20LED.pdf,1,APA102-2020
D239,APA102-2020,LED_SMD:LED-APA102-2020,http://www.led-color.com/upload/201604/APA102-2020%20SMD%20LED.pdf,1,APA102-2020
D240,APA102-2020,LED_SMD:LED-APA102-2020,http://www.led-color.com/upload/201604/APA102-2020%20SMD%20LED.pdf,1,APA102-2020
D241,APA102-2020,LED_SMD:LED-APA102-2020,http://www.led-color.com/upload/201604/APA102-2020%20SMD%20LED.pdf,1,APA102-2020
D242,APA102-2020,LED_SMD:LED-APA102-2020,http://www.led-color.com/upload/201604/APA102-2020%20SMD%20LED.pdf,1,APA102-2020
D243,APA102-2020,LED_SMD:LED-APA102-2020,http://www.led-color.com/upload/201604/APA102-2020%20SMD%20LED.pdf,1,APA102-2020
D244,APA102-2020,LED_SMD:LED-APA102-2020,http://www.led-color.com/upload/201604/APA102-2020%20SMD%20LED.pdf,1,APA102-2020
D245,APA102-2020,LED_SMD:LED-APA102-2020,http://www.led-color.com/upload/201604/APA102-2020%20SMD%20LED.pdf,1,APA102-2020
D246,APA102-2020,LED_SMD:LED-APA102-2020,http://www.led-color.com/upload/201604/APA102-2020%20SMD%20LED.pdf,1,APA102-2020
D247,APA102-2020,LED_SMD:LED-APA102-2020,http://www.led-color.com/upload/201604/APA102-2020%20SMD%20LED.pdf,1,APA102-2020
D248,APA102-2020,LED_SMD:LED-APA102-2020,http://www.led-color.com/upload/201604/APA102-2020%20SMD%20LED.pdf,1,APA102-2020
D249,APA102-2020,LED_SMD:LED-APA102-2020,http://www.led-color.com/upload/201604/APA102-2020%20SMD%20LED.pdf,1,APA102-2020
D250,APA102-2020,LED_SMD:LED-APA102-2020,http://www.led-color.com/upload/201604/APA102-2020%20SMD%20LED.pdf,1,APA102-2020
D251,APA102-2020,LED_SMD:LED-APA102-2020,http://www.led-color.com/upload/201604/APA102-2020%20SMD%20LED.pdf,1,APA102-2020
D252,APA102-2020,LED_SMD:LED-APA102-2020,http://www.led-color.com/upload/201604/APA102-2020%20SMD%20LED.pdf,1,APA102-2020
D253,APA102-2020,LED_SMD:LED-APA102-2020,http://www.led-color.com/upload/201604/APA102-2020%20SMD%20LED.pdf,1,APA102-2020
D254,APA102-2020,LED_SMD:LED-APA102-2020,http://www.led-color.com/upload/201604/APA102-2020%20SMD%20LED.pdf,1,APA102-2020
D255,APA102-2020,LED_SMD:LED-APA102-2020,http://www.led-color.com/upload/201604/APA102-2020%20SMD%20LED.pdf,1,APA102-2020
D256,APA102-2020,LED_SMD:LED-APA102-2020,http://www.led-color.com/upload/201604/APA102-2020%20SMD%20LED.pdf,1,APA102-2020
D257,APA102-2020,LED_SMD:LED-APA102-2020,http://www.led-color.com/upload/201604/APA102-2020%20SMD%20LED.pdf,1,APA102-2020
D258,APA102-2020,LED_SMD:LED-APA102-2020,http://www.led-color.com/upload/201604/APA102-2020%20SMD%20LED.pdf,1,APA102-2020
D259,APA102-2020,LED_SMD:LED-APA102-2020,http://www.led-color.com/upload/201604/APA102-2020%20SMD%20LED.pdf,1,APA102-2020
D260,APA102-2020,LED_SMD:LED-APA102-2020,http://www.led-color.com/upload/201604/APA102-2020%20SMD%20LED.pdf,1,APA102-2020
D261,APA102-2020,LED_SMD:LED-APA102-2020,http://www.led-color.com/upload/201604/APA102-2020%20SMD%20LED.pdf,1,APA102-2020
D262,APA102-2020,LED_SMD:LED-APA102-2020,http://www.led-color.com/upload/201604/APA102-2020%20SMD%20LED.pdf,1,APA102-2020
D263,APA102-2020,LED_SMD:LED-APA102-2020,http://www.led-color.com/upload/201604/APA102-2020%20SMD%20LED.pdf,1,APA102-2020
D264,APA102-2020,LED_SMD:LED-APA102-2020,http://www.led-color.com/upload/201604/APA102-2020%20SMD%20LED.pdf,1,APA102-2020
D265,APA102-2020,LED_SMD:LED-APA102-2020,http://www.led-color.com/upload/201604/APA102-2020%20SMD%20LED.pdf,1,APA102-2020
D266,APA102-2020,LED_SMD:LED-APA102-2020,http://www.led-color.com/upload/201604/APA102-2020%20SMD%20LED.pdf,1,APA102-2020
D267,APA102-2020,LED_SMD:LED-APA102-2020,http://www.led-color.com/upload/201604/APA102-2020%20SMD%20LED.pdf,1,APA102-2020
D268,APA102-2020,LED_SMD:LED-APA102-2020,http://www.led-color.com/upload/201604/APA102-2020%20SMD%20LED.pdf,1,APA102-2020
D269,APA102-2020,LED_SMD:LED-APA102-2020,http://www.led-color.com/upload/201604/APA102-2020%20SMD%20LED.pdf,1,APA102-2020
D270,APA102-2020,LED_SMD:LED-APA102-2020,http://www.led-color.com/upload/201604/APA102-2020%20SMD%20LED.pdf,1,APA102-2020
D271,APA102-2020,LED_SMD:LED-APA102-2020,http://www.led-color.com/upload/201604/APA102-2020%20SMD%20LED.pdf,1,APA102-2020
D272,APA102-2020,LED_SMD:LED-APA102-2020,http://www.led-color.com/upload/201604/APA102-2020%20SMD%20LED.pdf,1,APA102-2020
D273,APA102-2020,LED_SMD:LED-APA102-2020,http://www.led-color.com/upload/201604/APA102-2020%20SMD%20LED.pdf,1,APA102-2020
D274,APA102-2020,LED_SMD:LED-APA102-2020,http://www.led-color.com/upload/201604/APA102-2020%20SMD%20LED.pdf,1,APA102-2020
D275,APA102-2020,LED_SMD:LED-APA102-2020,http://www.led-color.com/upload/201604/APA102-2020%20SMD%20LED.pdf,1,APA102-2020
D276,APA102-2020,LED_SMD:LED-APA102-2020,http://www.led-color.com/upload/201604/APA102-2020%20SMD%20LED.pdf,1,APA102-2020
D277,APA102-2020,LED_SMD:LED-APA102-2020,http://www.led-color.com/upload/201604/APA102-2020%20SMD%20LED.pdf,1,APA102-2020
D278,APA102-2020,LED_SMD:LED-APA102-2020,http://www.led-color.com/upload/201604/APA102-2020%20SMD%20LED.pdf,1,APA102-2020
D279,APA102-2020,LED_SMD:LED-APA102-2020,http://www.led-color.com/upload/201604/APA102-2020%20SMD%20LED.pdf,1,APA102-2020
D280,APA102-2020,LED_SMD:LED-APA102-2020,http://www.led-color.com/upload/201604/APA102-2020%20SMD%20LED.pdf,1,APA102-2020
D281,APA102-2020,LED_SMD:LED-APA102-2020,http://www.led-color.com/upload/201604/APA102-2020%20SMD%20LED.pdf,1,APA102-2020
D282,APA102-2020,LED_SMD:LED-APA102-2020,http://www.led-color.com/upload/201604/APA102-2020%20SMD%20LED.pdf,1,APA102-2020
D283,APA102-2020,LED_SMD:LED-APA102-2020,http://www.led-color.com/upload/201604/APA102-2020%20SMD%20LED.pdf,1,APA102-2020
D284,APA102-2020,LED_SMD:LED-APA102-2020,http://www.led-color.com/upload/201604/APA102-2020%20SMD%20LED.pdf,1,APA102-2020
D285,APA102-2020,LED_SMD:LED-APA102-2020,http://www.led-color.com/upload/201604/APA102-2020%20SMD%20LED.pdf,1,APA102-2020
D286,APA102-2020,LED_SMD:LED-APA102-2020,http://www.led-color.com/upload/201604/APA102-2020%20SMD%20LED.pdf,1,APA102-2020
D287,APA102-2020,LED_SMD:LED-APA102-2020,http://www.led-color.com/upload/201604/APA102-2020%20SMD%20LED.pdf,1,APA102-2020
D288,APA102-2020,LED_SMD:LED-APA102-2020,http://www.led-color.com/upload/201604/APA102-2020%20SMD%20LED.pdf,1,APA102-2020
D289,APA102-2020,LED_SMD:LED-APA102-2020,http://www.led-color.com/upload/201604/APA102-2020%20SMD%20LED.pdf,1,APA102-2020
D290,APA102-2020,LED_SMD:LED-APA102-2020,http://www.led-color.com/upload/201604/APA102-2020%20SMD%20LED.pdf,1,APA102-2020
D291,APA102-2020,LED_SMD:LED-APA102-2020,http://www.led-color.com/upload/201604/APA102-2020%20SMD%20LED.pdf,1,APA102-2020
D292,APA102-2020,LED_SMD:LED-APA102-2020,http://www.led-color.com/upload/201604/APA102-2020%20SMD%20LED.pdf,1,APA102-2020
D293,APA102-2020,LED_SMD:LED-APA102-2020,http://www.led-color.com/upload/201604/APA102-2020%20SMD%20LED.pdf,1,APA102-2020
D294,APA102-2020,LED_SMD:LED-APA102-2020,http://www.led-color.com/upload/201604/APA102-2020%20SMD%20LED.pdf,1,APA102-2020
D295,APA102-2020,LED_SMD:LED-APA102-2020,http://www.led-color.com/upload/201604/APA102-2020%20SMD%20LED.pdf,1,APA102-2020
D296,APA102-2020,LED_SMD:LED-APA102-2020,http://www.led-color.com/upload/201604/APA102-2020%20SMD%20LED.pdf,1,APA102-2020
D297,APA102-2020,LED_SMD:LED-APA102-2020,http://www.led-color.com/upload/201604/APA102-2020%20SMD%20LED.pdf,1,APA102-2020
D298,APA102-2020,LED_SMD:LED-APA102-2020,http://www.led-color.com/upload/201604/APA102-2020%20SMD%20LED.pdf,1,APA102-2020
D299,APA102-2020,LED_SMD:LED-APA102-2020,http://www.led-color.com/upload/201604/APA102-2020%20SMD%20LED.pdf,1,APA102-2020
D300,APA102-2020,LED_SMD:LED-APA102-2020,http://www.led-color.com/upload/201604/APA102-2020%20SMD%20LED.pdf,1,APA102-2020
D301,APA102-2020,LED_SMD:LED-APA102-2020,http://www.led-color.com/upload/201604/APA102-2020%20SMD%20LED.pdf,1,APA102-2020
D302,APA102-2020,LED_SMD:LED-APA102-2020,http://www.led-color.com/upload/201604/APA102-2020%20SMD%20LED.pdf,1,APA102-2020
D303,APA102-2020,LED_SMD:LED-APA102-2020,http://www.led-color.com/upload/201604/APA102-2020%20SMD%20LED.pdf,1,APA102-2020
D304,APA102-2020,LED_SMD:LED-APA102-2020,http://www.led-color.com/upload/201604/APA102-2020%20SMD%20LED.pdf,1,APA102-2020
D305,APA102-2020,LED_SMD:LED-APA102-2020,http://www.led-color.com/upload/201604/APA102-2020%20SMD%20LED.pdf,1,APA102-2020
D306,APA102-2020,LED_SMD:LED-APA102-2020,http://www.led-color.com/upload/201604/APA102-2020%20SMD%20LED.pdf,1,APA102-2020
D307,APA102-2020,LED_SMD:LED-APA102-2020,http://www.led-color.com/upload/201604/APA102-2020%20SMD%20LED.pdf,1,APA102-2020
D308,APA102-2020,LED_SMD:LED-APA102-2020,http://www.led-color.com/upload/201604/APA102-2020%20SMD%20LED.pdf,1,APA102-2020
D309,APA102-2020,LED_SMD:LED-APA102-2020,http://www.led-color.com/upload/201604/APA102-2020%20SMD%20LED.pdf,1,APA102-2020
D310,APA102-2020,LED_SMD:LED-APA102-2020,http://www.led-color.com/upload/201604/APA102-2020%20SMD%20LED.pdf,1,APA102-2020
D311,APA102-2020,LED_SMD:LED-APA102-2020,http://www.led-color.com/upload/201604/APA102-2020%20SMD%20LED.pdf,1,APA102-2020
D312,APA102-2020,LED_SMD:LED-APA102-2020,http://www.led-color.com/upload/201604/APA102-2020%20SMD%20LED.pdf,1,APA102-2020
D313,APA102-2020,LED_SMD:LED-APA102-2020,http://www.led-color.com/upload/201604/APA102-2020%20SMD%20LED.pdf,1,APA102-2020
D314,APA102-2020,LED_SMD:LED-APA102-2020,http://www.led-color.com/upload/201604/APA102-2020%20SMD%20LED.pdf,1,APA102-2020
D315,APA102-2020,LED_SMD:LED-APA102-2020,http://www.led-color.com/upload/201604/APA102-2020%20SMD%20LED.pdf,1,APA102-2020
D316,APA102-2020,LED_SMD:LED-APA102-2020,http://www.led-color.com/upload/201604/APA102-2020%20SMD%20LED.pdf,1,APA102-2020
D317,APA102-2020,LED_SMD:LED-APA102-2020,http://www.led-color.com/upload/201604/APA102-2020%20SMD%20LED.pdf,1,APA102-2020
D318,APA102-2020,LED_SMD:LED-APA102-2020,http://www.led-color.com/upload/201604/APA102-2020%20SMD%20LED.pdf,1,APA102-2020
D319,APA102-2020,LED_SMD:LED-APA102-2020,http://www.led-color.com/upload/201604/APA102-2020%20SMD%20LED.pdf,1,APA102-2020
D320,APA102-2020,LED_SMD:LED-APA102-2020,http://www.led-color.com/upload/201604/APA102-2020%20SMD%20LED.pdf,1,APA102-2020
D321,APA102-2020,LED_SMD:LED-APA102-2020,http://www.led-color.com/upload/201604/APA102-2020%20SMD%20LED.pdf,1,APA102-2020
D322,APA102-2020,LED_SMD:LED-APA102-2020,http://www.led-color.com/upload/201604/APA102-2020%20SMD%20LED.pdf,1,APA102-2020
D323,APA102-2020,LED_SMD:LED-APA102-2020,http://www.led-color.com/upload/201604/APA102-2020%20SMD%20LED.pdf,1,APA102-2020
D324,APA102-2020,LED_SMD:LED-APA102-2020,http://www.led-color.com/upload/201604/APA102-2020%20SMD%20LED.pdf,1,APA102-2020
D325,APA102-2020,LED_SMD:LED-APA102-2020,http://www.led-color.com/upload/201604/APA102-2020%20SMD%20LED.pdf,1,APA102-2020
D326,APA102-2020,LED_SMD:LED-APA102-2020,http://www.led-color.com/upload/201604/APA102-2020%20SMD%20LED.pdf,1,APA102-2020
D327,APA102-2020,LED_SMD:LED-APA102-2020,http://www.led-color.com/upload/201604/APA102-2020%20SMD%20LED.pdf,1,APA102-2020
D328,APA102-2020,LED_SMD:LED-APA102-2020,http://www.led-color.com/upload/201604/APA102-2020%20SMD%20LED.pdf,1,APA102-2020
D329,APA102-2020,LED_SMD:LED-APA102-2020,http://www.led-color.com/upload/201604/APA102-2020%20SMD%20LED.pdf,1,APA102-2020
D330,APA102-2020,LED_SMD:LED-APA102-2020,http://www.led-color.com/upload/201604/APA102-2020%20SMD%20LED.pdf,1,APA102-2020
D331,APA102-2020,LED_SMD:LED-APA102-2020,http://www.led-color.com/upload/201604/APA102-2020%20SMD%20LED.pdf,1,APA102-2020
D332,APA102-2020,LED_SMD:LED-APA102-2020,http://www.led-color.com/upload/201604/APA102-2020%20SMD%20LED.pdf,1,APA102-2020
D333,APA102-2020,LED_SMD:LED-APA102-2020,http://www.led-color.com/upload/201604/APA102-2020%20SMD%20LED.pdf,1,APA102-2020
D334,APA102-2020,LED_SMD:LED-APA102-2020,http://www.led-color.com/upload/201604/APA102-2020%20SMD%20LED.pdf,1,APA102-2020
D335,APA102-2020,LED_SMD:LED-APA102-2020,http://www.led-color.com/upload/201604/APA102-2020%20SMD%20LED.pdf,1,APA102-2020
D336,APA102-2020,LED_SMD:LED-APA102-2020,http://www.led-color.com/upload/201604/APA102-2020%20SMD%20LED.pdf,1,APA102-2020
D337,APA102-2020,LED_SMD:LED-APA102-2020,http://www.led-color.com/upload/201604/APA102-2020%20SMD%20LED.pdf,1,APA102-2020
D338,APA102-2020,LED_SMD:LED-APA102-2020,http://www.led-color.com/upload/201604/APA102-2020%20SMD%20LED.pdf,1,APA102-2020
D339,APA102-2020,LED_SMD:LED-APA102-2020,http://www.led-color.com/upload/201604/APA102-2020%20SMD%20LED.pdf,1,APA102-2020
D340,APA102-2020,LED_SMD:LED-APA102-2020,http://www.led-color.com/upload/201604/APA102-2020%20SMD%20LED.pdf,1,APA102-2020
D341,APA102-2020,LED_SMD:LED-APA102-2020,http://www.led-color.com/upload/201604/APA102-2020%20SMD%20LED.pdf,1,APA102-2020
D342,APA102-2020,LED_SMD:LED-APA102-2020,http://www.led-color.com/upload/201604/APA102-2020%20SMD%20LED.pdf,1,APA102-2020
D343,APA102-2020,LED_SMD:LED-APA102-2020,http://www.led-color.com/upload/201604/APA102-2020%20SMD%20LED.pdf,1,APA102-2020
D344,APA102-2020,LED_SMD:LED-APA102-2020,http://www.led-color.com/upload/201604/APA102-2020%20SMD%20LED.pdf,1,APA102-2020
D345,APA102-2020,LED_SMD:LED-APA102-2020,http://www.led-color.com/upload/201604/APA102-2020%20SMD%20LED.pdf,1,APA102-2020
D346,APA102-2020,LED_SMD:LED-APA102-2020,http://www.led-color.com/upload/201604/APA102-2020%20SMD%20LED.pdf,1,APA102-2020
D347,APA102-2020,LED_SMD:LED-APA102-2020,http://www.led-color.com/upload/201604/APA102-2020%20SMD%20LED.pdf,1,APA102-2020
D348,APA102-2020,LED_SMD:LED-APA102-2020,http://www.led-color.com/upload/201604/APA102-2020%20SMD%20LED.pdf,1,APA102-2020
D349,APA102-2020,LED_SMD:LED-APA102-2020,http://www.led-color.com/upload/201604/APA102-2020%20SMD%20LED.pdf,1,APA102-2020
D350,APA102-2020,LED_SMD:LED-APA102-2020,http://www.led-color.com/upload/201604/APA102-2020%20SMD%20LED.pdf,1,APA102-2020
D351,APA102-2020,LED_SMD:LED-APA102-2020,http://www.led-color.com/upload/201604/APA102-2020%20SMD%20LED.pdf,1,APA102-2020
D352,APA102-2020,LED_SMD:LED-APA102-2020,http://www.led-color.com/upload/201604/APA102-2020%20SMD%20LED.pdf,1,APA102-2020
D353,APA102-2020,LED_SMD:LED-APA102-2020,http://www.led-color.com/upload/201604/APA102-2020%20SMD%20LED.pdf,1,APA102-2020
D354,APA102-2020,LED_SMD:LED-APA102-2020,http://www.led-color.com/upload/201604/APA102-2020%20SMD%20LED.pdf,1,APA102-2020
D355,APA102-2020,LED_SMD:LED-APA102-2020,http://www.led-color.com/upload/201604/APA102-2020%20SMD%20LED.pdf,1,APA102-2020
D356,APA102-2020,LED_SMD:LED-APA102-2020,http://www.led-color.com/upload/201604/APA102-2020%20SMD%20LED.pdf,1,APA102-2020
D357,APA102-2020,LED_SMD:LED-APA102-2020,http://www.led-color.com/upload/201604/APA102-2020%20SMD%20LED.pdf,1,APA102-2020
D358,APA102-2020,LED_SMD:LED-APA102-2020,http://www.led-color.com/upload/201604/APA102-2020%20SMD%20LED.pdf,1,APA102-2020
D359,APA102-2020,LED_SMD:LED-APA102-2020,http://www.led-color.com/upload/201604/APA102-2020%20SMD%20LED.pdf,1,APA102-2020
D360,APA102-2020,LED_SMD:LED-APA102-2020,http://www.led-color.com/upload/201604/APA102-2020%20SMD%20LED.pdf,1,APA102-2020
D361,APA102-2020,LED_SMD:LED-APA102-2020,http://www.led-color.com/upload/201604/APA102-2020%20SMD%20LED.pdf,1,APA102-2020
D362,APA102-2020,LED_SMD:LED-APA102-2020,http://www.led-color.com/upload/201604/APA102-2020%20SMD%20LED.pdf,1,APA102-2020
D363,APA102-2020,LED_SMD:LED-APA102-2020,http://www.led-color.com/upload/201604/APA102-2020%20SMD%20LED.pdf,1,APA102-2020
D364,APA102-2020,LED_SMD:LED-APA102-2020,http://www.led-color.com/upload/201604/APA102-2020%20SMD%20LED.pdf,1,APA102-2020
D365,APA102-2020,LED_SMD:LED-APA102-2020,http://www.led-color.com/upload/201604/APA102-2020%20SMD%20LED.pdf,1,APA102-2020
D366,APA102-2020,LED_SMD:LED-APA102-2020,http://www.led-color.com/upload/201604/APA102-2020%20SMD%20LED.pdf,1,APA102-2020
D367,APA102-2020,LED_SMD:LED-APA102-2020,http://www.led-color.com/upload/201604/APA102-2020%20SMD%20LED.pdf,1,APA102-2020
D368,APA102-2020,LED_SMD:LED-APA102-2020,http://www.led-color.com/upload/201604/APA102-2020%20SMD%20LED.pdf,1,APA102-2020
D369,APA102-2020,LED_SMD:LED-APA102-2020,http://www.led-color.com/upload/201604/APA102-2020%20SMD%20LED.pdf,1,APA102-2020
D370,APA102-2020,LED_SMD:LED-APA102-2020,http://www.led-color.com/upload/201604/APA102-2020%20SMD%20LED.pdf,1,APA102-2020
D371,APA102-2020,LED_SMD:LED-APA102-2020,http://www.led-color.com/upload/201604/APA102-2020%20SMD%20LED.pdf,1,APA102-2020
D372,APA102-2020,LED_SMD:LED-APA102-2020,http://www.led-color.com/upload/201604/APA102-2020%20SMD%20LED.pdf,1,APA102-2020
D373,APA102-2020,LED_SMD:LED-APA102-2020,http://www.led-color.com/upload/201604/APA102-2020%20SMD%20LED.pdf,1,APA102-2020
D374,APA102-2020,LED_SMD:LED-APA102-2020,http://www.led-color.com/upload/201604/APA102-2020%20SMD%20LED.pdf,1,APA102-2020
D375,APA102-2020,LED_SMD:LED-APA102-2020,http://www.led-color.com/upload/201604/APA102-2020%20SMD%20LED.pdf,1,APA102-2020
D376,APA102-2020,LED_SMD:LED-APA102-2020,http://www.led-color.com/upload/201604/APA102-2020%20SMD%20LED.pdf,1,APA102-2020
D377,APA102-2020,LED_SMD:LED-APA102-2020,http://www.led-color.com/upload/201604/APA102-2020%20SMD%20LED.pdf,1,APA102-2020
D378,APA102-2020,LED_SMD:LED-APA102-2020,http://www.led-color.com/upload/201604/APA102-2020%20SMD%20LED.pdf,1,APA102-2020
D379,APA102-2020,LED_SMD:LED-APA102-2020,http://www.led-color.com/upload/201604/APA102-2020%20SMD%20LED.pdf,1,APA102-2020
D380,APA102-2020,LED_SMD:LED-APA102-2020,http://www.led-color.com/upload/201604/APA102-2020%20SMD%20LED.pdf,1,APA102-2020
D381,APA102-2020,LED_SMD:LED-APA102-2020,http://www.led-color.com/upload/201604/APA102-2020%20SMD%20LED.pdf,1,APA102-2020
D382,APA102-2020,LED_SMD:LED-APA102-2020,http://www.led-color.com/upload/201604/APA102-2020%20SMD%20LED.pdf,1,APA102-2020
D383,APA102-2020,LED_SMD:LED-APA102-2020,http://www.led-color.com/upload/201604/APA102-2020%20SMD%20LED.pdf,1,APA102-2020
D384,APA102-2020,LED_SMD:LED-APA102-2020,http://www.led-color.com/upload/201604/APA102-2020%20SMD%20LED.pdf,1,APA102-2020
D385,APA102-2020,LED_SMD:LED-APA102-2020,http://www.led-color.com/upload/201604/APA102-2020%20SMD%20LED.pdf,1,APA102-2020
D386,APA102-2020,LED_SMD:LED-APA102-2020,http://www.led-color.com/upload/201604/APA102-2020%20SMD%20LED.pdf,1,APA102-2020
D387,APA102-2020,LED_SMD:LED-APA102-2020,http://www.led-color.com/upload/201604/APA102-2020%20SMD%20LED.pdf,1,APA102-2020
D388,APA102-2020,LED_SMD:LED-APA102-2020,http://www.led-color.com/upload/201604/APA102-2020%20SMD%20LED.pdf,1,APA102-2020
D389,APA102-2020,LED_SMD:LED-APA102-2020,http://www.led-color.com/upload/201604/APA102-2020%20SMD%20LED.pdf,1,APA102-2020
D390,APA102-2020,LED_SMD:LED-APA102-2020,http://www.led-color.com/upload/201604/APA102-2020%20SMD%20LED.pdf,1,APA102-2020
D391,APA102-2020,LED_SMD:LED-APA102-2020,http://www.led-color.com/upload/201604/APA102-2020%20SMD%20LED.pdf,1,APA102-2020
D392,APA102-2020,LED_SMD:LED-APA102-2020,http://www.led-color.com/upload/201604/APA102-2020%20SMD%20LED.pdf,1,APA102-2020
D393,APA102-2020,LED_SMD:LED-APA102-2020,http://www.led-color.com/upload/201604/APA102-2020%20SMD%20LED.pdf,1,APA102-2020
D394,APA102-2020,LED_SMD:LED-APA102-2020,http://www.led-color.com/upload/201604/APA102-2020%20SMD%20LED.pdf,1,APA102-2020
D395,APA102-2020,LED_SMD:LED-APA102-2020,http://www.led-color.com/upload/201604/APA102-2020%20SMD%20LED.pdf,1,APA102-2020
D396,APA102-2020,LED_SMD:LED-APA102-2020,http://www.led-color.com/upload/201604/APA102-2020%20SMD%20LED.pdf,1,APA102-2020
D397,APA102-2020,LED_SMD:LED-APA102-2020,http://www.led-color.com/upload/201604/APA102-2020%20SMD%20LED.pdf,1,APA102-2020
D398,APA102-2020,LED_SMD:LED-APA102-2020,http://www.led-color.com/upload/201604/APA102-2020%20SMD%20LED.pdf,1,APA102-2020
D399,APA102-2020,LED_SMD:LED-APA102-2020,http://www.led-color.com/upload/201604/APA102-2020%20SMD%20LED.pdf,1,APA102-2020
D400,APA102-2020,LED_SMD:LED-APA102-2020,http://www.led-color.com/upload/201604/APA102-2020%20SMD%20LED.pdf,1,APA102-2020
D401,APA102-2020,LED_SMD:LED-APA102-2020,http://www.led-color.com/upload/201604/APA102-2020%20SMD%20LED.pdf,1,APA102-2020
D402,APA102-2020,LED_SMD:LED-APA102-2020,http://www.led-color.com/upload/201604/APA102-2020%20SMD%20LED.pdf,1,APA102-2020
D403,APA102-2020,LED_SMD:LED-APA102-2020,http://www.led-color.com/upload/201604/APA102-2020%20SMD%20LED.pdf,1,APA102-2020
D404,APA102-2020,LED_SMD:LED-APA102-2020,http://www.led-color.com/upload/201604/APA102-2020%20SMD%20LED.pdf,1,APA102-2020
D405,APA102-2020,LED_SMD:LED-APA102-2020,http://www.led-color.com/upload/201604/APA102-2020%20SMD%20LED.pdf,1,APA102-2020
D406,APA102-2020,LED_SMD:LED-APA102-2020,http://www.led-color.com/upload/201604/APA102-2020%20SMD%20LED.pdf,1,APA102-2020
D407,APA102-2020,LED_SMD:LED-APA102-2020,http://www.led-color.com/upload/201604/APA102-2020%20SMD%20LED.pdf,1,APA102-2020
D408,APA102-2020,LED_SMD:LED-APA102-2020,http://www.led-color.com/upload/201604/APA102-2020%20SMD%20LED.pdf,1,APA102-2020
D409,APA102-2020,LED_SMD:LED-APA102-2020,http://www.led-color.com/upload/201604/APA102-2020%20SMD%20LED.pdf,1,APA102-2020
D410,APA102-2020,LED_SMD:LED-APA102-2020,http://www.led-color.com/upload/201604/APA102-2020%20SMD%20LED.pdf,1,APA102-2020
D411,APA102-2020,LED_SMD:LED-APA102-2020,http://www.led-color.com/upload/201604/APA102-2020%20SMD%20LED.pdf,1,APA102-2020
D412,APA102-2020,LED_SMD:LED-APA102-2020,http://www.led-color.com/upload/201604/APA102-2020%20SMD%20LED.pdf,1,APA102-2020
D413,APA102-2020,LED_SMD:LED-APA102-2020,http://www.led-color.com/upload/201604/APA102-2020%20SMD%20LED.pdf,1,APA102-2020
D414,APA102-2020,LED_SMD:LED-APA102-2020,http://www.led-color.com/upload/201604/APA102-2020%20SMD%20LED.pdf,1,APA102-2020
D415,APA102-2020,LED_SMD:LED-APA102-2020,http://www.led-color.com/upload/201604/APA102-2020%20SMD%20LED.pdf,1,APA102-2020
D416,APA102-2020,LED_SMD:LED-APA102-2020,http://www.led-color.com/upload/201604/APA102-2020%20SMD%20LED.pdf,1,APA102-2020
D417,APA102-2020,LED_SMD:LED-APA102-2020,http://www.led-color.com/upload/201604/APA102-2020%20SMD%20LED.pdf,1,APA102-2020
D418,APA102-2020,LED_SMD:LED-APA102-2020,http://www.led-color.com/upload/201604/APA102-2020%20SMD%20LED.pdf,1,APA102-2020
D419,APA102-2020,LED_SMD:LED-APA102-2020,http://www.led-color.com/upload/201604/APA102-2020%20SMD%20LED.pdf,1,APA102-2020
D420,APA102-2020,LED_SMD:LED-APA102-2020,http://www.led-color.com/upload/201604/APA102-2020%20SMD%20LED.pdf,1,APA102-2020
D421,APA102-2020,LED_SMD:LED-APA102-2020,http://www.led-color.com/upload/201604/APA102-2020%20SMD%20LED.pdf,1,APA102-2020
D422,APA102-2020,LED_SMD:LED-APA102-2020,http://www.led-color.com/upload/201604/APA102-2020%20SMD%20LED.pdf,1,APA102-2020
D423,APA102-2020,LED_SMD:LED-APA102-2020,http://www.led-color.com/upload/201604/APA102-2020%20SMD%20LED.pdf,1,APA102-2020
D424,APA102-2020,LED_SMD:LED-APA102-2020,http://www.led-color.com/upload/201604/APA102-2020%20SMD%20LED.pdf,1,APA102-2020
D425,APA102-2020,LED_SMD:LED-APA102-2020,http://www.led-color.com/upload/201604/APA102-2020%20SMD%20LED.pdf,1,APA102-2020
D426,APA102-2020,LED_SMD:LED-APA102-2020,http://www.led-color.com/upload/201604/APA102-2020%20SMD%20LED.pdf,1,APA102-2020
D427,APA102-2020,LED_SMD:LED-APA102-2020,http://www.led-color.com/upload/201604/APA102-2020%20SMD%20LED.pdf,1,APA102-2020
D428,APA102-2020,LED_SMD:LED-APA102-2020,http://www.led-color.com/upload/201604/APA102-2020%20SMD%20LED.pdf,1,APA102-2020
D429,APA102-2020,LED_SMD:LED-APA102-2020,http://www.led-color.com/upload/201604/APA102-2020%20SMD%20LED.pdf,1,APA102-2020
D430,APA102-2020,LED_SMD:LED-APA102-2020,http://www.led-color.com/upload/201604/APA102-2020%20SMD%20LED.pdf,1,APA102-2020
D431,APA102-2020,LED_SMD:LED-APA102-2020,http://www.led-color.com/upload/201604/APA102-2020%20SMD%20LED.pdf,1,APA102-2020
D432,APA102-2020,LED_SMD:LED-APA102-2020,http://www.led-color.com/upload/201604/APA102-2020%20SMD%20LED.pdf,1,APA102-2020
D433,APA102-2020,LED_SMD:LED-APA102-2020,http://www.led-color.com/upload/201604/APA102-2020%20SMD%20LED.pdf,1,APA102-2020
D434,APA102-2020,LED_SMD:LED-APA102-2020,http://www.led-color.com/upload/201604/APA102-2020%20SMD%20LED.pdf,1,APA102-2020
D435,APA102-2020,LED_SMD:LED-APA102-2020,http://www.led-color.com/upload/201604/APA102-2020%20SMD%20LED.pdf,1,APA102-2020
D436,APA102-2020,LED_SMD:LED-APA102-2020,http://www.led-color.com/upload/201604/APA102-2020%20SMD%20LED.pdf,1,APA102-2020
D437,APA102-2020,LED_SMD:LED-APA102-2020,http://www.led-color.com/upload/201604/APA102-2020%20SMD%20LED.pdf,1,APA102-2020
D438,APA102-2020,LED_SMD:LED-APA102-2020,http://www.led-color.com/upload/201604/APA102-2020%20SMD%20LED.pdf,1,APA102-2020
D439,APA102-2020,LED_SMD:LED-APA102-2020,http://www.led-color.com/upload/201604/APA102-2020%20SMD%20LED.pdf,1,APA102-2020
D440,APA102-2020,LED_SMD:LED-APA102-2020,http://www.led-color.com/upload/201604/APA102-2020%20SMD%20LED.pdf,1,APA102-2020
D441,APA102-2020,LED_SMD:LED-APA102-2020,http://www.led-color.com/upload/201604/APA102-2020%20SMD%20LED.pdf,1,APA102-2020
D442,APA102-2020,LED_SMD:LED-APA102-2020,http://www.led-color.com/upload/201604/APA102-2020%20SMD%20LED.pdf,1,APA102-2020
D443,APA102-2020,LED_SMD:LED-APA102-2020,http://www.led-color.com/upload/201604/APA102-2020%20SMD%20LED.pdf,1,APA102-2020
D444,APA102-2020,LED_SMD:LED-APA102-2020,http://www.led-color.com/upload/201604/APA102-2020%20SMD%20LED.pdf,1,APA102-2020
D445,APA102-2020,LED_SMD:LED-APA102-2020,http://www.led-color.com/upload/201604/APA102-2020%20SMD%20LED.pdf,1,APA102-2020
D446,APA102-2020,LED_SMD:LED-APA102-2020,http://www.led-color.com/upload/201604/APA102-2020%20SMD%20LED.pdf,1,APA102-2020
D447,APA102-2020,LED_SMD:LED-APA102-2020,http://www.led-color.com/upload/201604/APA102-2020%20SMD%20LED.pdf,1,APA102-2020
D448,APA102-2020,LED_SMD:LED-APA102-2020,http://www.led-color.com/upload/201604/APA102-2020%20SMD%20LED.pdf,1,APA102-2020
D449,APA102-2020,LED_SMD:LED-APA102-2020,http://www.led-color.com/upload/201604/APA102-2020%20SMD%20LED.pdf,1,APA102-2020
D450,APA102-2020,LED_SMD:LED-APA102-2020,http://www.led-color.com/upload/201604/APA102-2020%20SMD%20LED.pdf,1,APA102-2020
D451,APA102-2020,LED_SMD:LED-APA102-2020,http://www.led-color.com/upload/201604/APA102-2020%20SMD%20LED.pdf,1,APA102-2020
D452,APA102-2020,LED_SMD:LED-APA102-2020,http://www.led-color.com/upload/201604/APA102-2020%20SMD%20LED.pdf,1,APA102-2020
D453,APA102-2020,LED_SMD:LED-APA102-2020,http://www.led-color.com/upload/201604/APA102-2020%20SMD%20LED.pdf,1,APA102-2020
D454,APA102-2020,LED_SMD:LED-APA102-2020,http://www.led-color.com/upload/201604/APA102-2020%20SMD%20LED.pdf,1,APA102-2020
D455,APA102-2020,LED_SMD:LED-APA102-2020,http://www.led-color.com/upload/201604/APA102-2020%20SMD%20LED.pdf,1,APA102-2020
D456,APA102-2020,LED_SMD:LED-APA102-2020,http://www.led-color.com/upload/201604/APA102-2020%20SMD%20LED.pdf,1,APA102-2020
D457,APA102-2020,LED_SMD:LED-APA102-2020,http://www.led-color.com/upload/201604/APA102-2020%20SMD%20LED.pdf,1,APA102-2020
D458,APA102-2020,LED_SMD:LED-APA102-2020,http://www.led-color.com/upload/201604/APA102-2020%20SMD%20LED.pdf,1,APA102-2020
D459,APA102-2020,LED_SMD:LED-APA102-2020,http://www.led-color.com/upload/201604/APA102-2020%20SMD%20LED.pdf,1,APA102-2020
D460,APA102-2020,LED_SMD:LED-APA102-2020,http://www.led-color.com/upload/201604/APA102-2020%20SMD%20LED.pdf,1,APA102-2020
D461,APA102-2020,LED_SMD:LED-APA102-2020,http://www.led-color.com/upload/201604/APA102-2020%20SMD%20LED.pdf,1,APA102-2020
D462,APA102-2020,LED_SMD:LED-APA102-2020,http://www.led-color.com/upload/201604/APA102-2020%20SMD%20LED.pdf,1,APA102-2020
D463,APA102-2020,LED_SMD:LED-APA102-2020,http://www.led-color.com/upload/201604/APA102-2020%20SMD%20LED.pdf,1,APA102-2020
D464,APA102-2020,LED_SMD:LED-APA102-2020,http://www.led-color.com/upload/201604/APA102-2020%20SMD%20LED.pdf,1,APA102-2020
D465,APA102-2020,LED_SMD:LED-APA102-2020,http://www.led-color.com/upload/201604/APA102-2020%20SMD%20LED.pdf,1,APA102-2020
D466,APA102-2020,LED_SMD:LED-APA102-2020,http://www.led-color.com/upload/201604/APA102-2020%20SMD%20LED.pdf,1,APA102-2020
D467,APA102-2020,LED_SMD:LED-APA102-2020,http://www.led-color.com/upload/201604/APA102-2020%20SMD%20LED.pdf,1,APA102-2020
D468,APA102-2020,LED_SMD:LED-APA102-2020,http://www.led-color.com/upload/201604/APA102-2020%20SMD%20LED.pdf,1,APA102-2020
D469,APA102-2020,LED_SMD:LED-APA102-2020,http://www.led-color.com/upload/201604/APA102-2020%20SMD%20LED.pdf,1,APA102-2020
D470,APA102-2020,LED_SMD:LED-APA102-2020,http://www.led-color.com/upload/201604/APA102-2020%20SMD%20LED.pdf,1,APA102-2020
D471,APA102-2020,LED_SMD:LED-APA102-2020,http://www.led-color.com/upload/201604/APA102-2020%20SMD%20LED.pdf,1,APA102-2020
D472,APA102-2020,LED_SMD:LED-APA102-2020,http://www.led-color.com/upload/201604/APA102-2020%20SMD%20LED.pdf,1,APA102-2020
D473,APA102-2020,LED_SMD:LED-APA102-2020,http://www.led-color.com/upload/201604/APA102-2020%20SMD%20LED.pdf,1,APA102-2020
D474,APA102-2020,LED_SMD:LED-APA102-2020,http://www.led-color.com/upload/201604/APA102-2020%20SMD%20LED.pdf,1,APA102-2020
D475,APA102-2020,LED_SMD:LED-APA102-2020,http://www.led-color.com/upload/201604/APA102-2020%20SMD%20LED.pdf,1,APA102-2020
D476,APA102-2020,LED_SMD:LED-APA102-2020,http://www.led-color.com/upload/201604/APA102-2020%20SMD%20LED.pdf,1,APA102-2020
D477,APA102-2020,LED_SMD:LED-APA102-2020,http://www.led-color.com/upload/201604/APA102-2020%20SMD%20LED.pdf,1,APA102-2020
D478,APA102-2020,LED_SMD:LED-APA102-2020,http://www.led-color.com/upload/201604/APA102-2020%20SMD%20LED.pdf,1,APA102-2020
D479,APA102-2020,LED_SMD:LED-APA102-2020,http://www.led-color.com/upload/201604/APA102-2020%20SMD%20LED.pdf,1,APA102-2020
D480,APA102-2020,LED_SMD:LED-APA102-2020,http://www.led-color.com/upload/201604/APA102-2020%20SMD%20LED.pdf,1,APA102-2020
D481,APA102-2020,LED_SMD:LED-APA102-2020,http://www.led-color.com/upload/201604/APA102-2020%20SMD%20LED.pdf,1,APA102-2020
D482,APA102-2020,LED_SMD:LED-APA102-2020,http://www.led-color.com/upload/201604/APA102-2020%20SMD%20LED.pdf,1,APA102-2020
D483,APA102-2020,LED_SMD:LED-APA102-2020,http://www.led-color.com/upload/201604/APA102-2020%20SMD%20LED.pdf,1,APA102-2020
D484,APA102-2020,LED_SMD:LED-APA102-2020,http://www.led-color.com/upload/201604/APA102-2020%20SMD%20LED.pdf,1,APA102-2020
D485,APA102-2020,LED_SMD:LED-APA102-2020,http://www.led-color.com/upload/201604/APA102-2020%20SMD%20LED.pdf,1,APA102-2020
D486,APA102-2020,LED_SMD:LED-APA102-2020,http://www.led-color.com/upload/201604/APA102-2020%20SMD%20LED.pdf,1,APA102-2020
D487,APA102-2020,LED_SMD:LED-APA102-2020,http://www.led-color.com/upload/201604/APA102-2020%20SMD%20LED.pdf,1,APA102-2020
D488,APA102-2020,LED_SMD:LED-APA102-2020,http://www.led-color.com/upload/201604/APA102-2020%20SMD%20LED.pdf,1,APA102-2020
D489,APA102-2020,LED_SMD:LED-APA102-2020,http://www.led-color.com/upload/201604/APA102-2020%20SMD%20LED.pdf,1,APA102-2020
D490,APA102-2020,LED_SMD:LED-APA102-2020,http://www.led-color.com/upload/201604/APA102-2020%20SMD%20LED.pdf,1,APA102-2020
D491,APA102-2020,LED_SMD:LED-APA102-2020,http://www.led-color.com/upload/201604/APA102-2020%20SMD%20LED.pdf,1,APA102-2020
D492,APA102-2020,LED_SMD:LED-APA102-2020,http://www.led-color.com/upload/201604/APA102-2020%20SMD%20LED.pdf,1,APA102-2020
D493,APA102-2020,LED_SMD:LED-APA102-2020,http://www.led-color.com/upload/201604/APA102-2020%20SMD%20LED.pdf,1,APA102-2020
D494,APA102-2020,LED_SMD:LED-APA102-2020,http://www.led-color.com/upload/201604/APA102-2020%20SMD%20LED.pdf,1,APA102-2020
D495,APA102-2020,LED_SMD:LED-APA102-2020,http://www.led-color.com/upload/201604/APA102-2020%20SMD%20LED.pdf,1,APA102-2020
D496,APA102-2020,LED_SMD:LED-APA102-2020,http://www.led-color.com/upload/201604/APA102-2020%20SMD%20LED.pdf,1,APA102-2020
D497,APA102-2020,LED_SMD:LED-APA102-2020,http://www.led-color.com/upload/201604/APA102-2020%20SMD%20LED.pdf,1,APA102-2020
D498,APA102-2020,LED_SMD:LED-APA102-2020,http://www.led-color.com/upload/201604/APA102-2020%20SMD%20LED.pdf,1,APA102-2020
D499,APA102-2020,LED_SMD:LED-APA102-2020,http://www.led-color.com/upload/201604/APA102-2020%20SMD%20LED.pdf,1,APA102-2020
D500,APA102-2020,LED_SMD:LED-APA102-2020,http://www.led-color.com/upload/201604/APA102-2020%20SMD%20LED.pdf,1,APA102-2020
D501,APA102-2020,LED_SMD:LED-APA102-2020,http://www.led-color.com/upload/201604/APA102-2020%20SMD%20LED.pdf,1,APA102-2020
D502,APA102-2020,LED_SMD:LED-APA102-2020,http://www.led-color.com/upload/201604/APA102-2020%20SMD%20LED.pdf,1,APA102-2020
D503,APA102-2020,LED_SMD:LED-APA102-2020,http://www.led-color.com/upload/201604/APA102-2020%20SMD%20LED.pdf,1,APA102-2020
D504,APA102-2020,LED_SMD:LED-APA102-2020,http://www.led-color.com/upload/201604/APA102-2020%20SMD%20LED.pdf,1,APA102-2020
D505,APA102-2020,LED_SMD:LED-APA102-2020,http://www.led-color.com/upload/201604/APA102-2020%20SMD%20LED.pdf,1,APA102-2020
D506,APA102-2020,LED_SMD:LED-APA102-2020,http://www.led-color.com/upload/201604/APA102-2020%20SMD%20LED.pdf,1,APA102-2020
D507,APA102-2020,LED_SMD:LED-APA102-2020,http://www.led-color.com/upload/201604/APA102-2020%20SMD%20LED.pdf,1,APA102-2020
D508,APA102-2020,LED_SMD:LED-APA102-2020,http://www.led-color.com/upload/201604/APA102-2020%20SMD%20LED.pdf,1,APA102-2020
D509,APA102-2020,LED_SMD:LED-APA102-2020,http://www.led-color.com/upload/201604/APA102-2020%20SMD%20LED.pdf,1,APA102-2020
D510,APA102-2020,LED_SMD:LED-APA102-2020,http://www.led-color.com/upload/201604/APA102-2020%20SMD%20LED.pdf,1,APA102-2020
D511,APA102-2020,LED_SMD:LED-APA102-2020,http://www.led-color.com/upload/201604/APA102-2020%20SMD%20LED.pdf,1,APA102-2020
D512,APA102-2020,LED_SMD:LED-APA102-2020,http://www.led-color.com/upload/201604/APA102-2020%20SMD%20LED.pdf,1,APA102-2020
D513,APA102-2020,LED_SMD:LED-APA102-2020,http://www.led-color.com/upload/201604/APA102-2020%20SMD%20LED.pdf,1,APA102-2020
D514,APA102-2020,LED_SMD:LED-APA102-2020,http://www.led-color.com/upload/201604/APA102-2020%20SMD%20LED.pdf,1,APA102-2020
D515,APA102-2020,LED_SMD:LED-APA102-2020,http://www.led-color.com/upload/201604/APA102-2020%20SMD%20LED.pdf,1,APA102-2020
D516,APA102-2020,LED_SMD:LED-APA102-2020,http://www.led-color.com/upload/201604/APA102-2020%20SMD%20LED.pdf,1,APA102-2020
D517,APA102-2020,LED_SMD:LED-APA102-2020,http://www.led-color.com/upload/201604/APA102-2020%20SMD%20LED.pdf,1,APA102-2020
D518,APA102-2020,LED_SMD:LED-APA102-2020,http://www.led-color.com/upload/201604/APA102-2020%20SMD%20LED.pdf,1,APA102-2020
D519,APA102-2020,LED_SMD:LED-APA102-2020,http://www.led-color.com/upload/201604/APA102-2020%20SMD%20LED.pdf,1,APA102-2020
D520,APA102-2020,LED_SMD:LED-APA102-2020,http://www.led-color.com/upload/201604/APA102-2020%20SMD%20LED.pdf,1,APA102-2020
D521,APA102-2020,LED_SMD:LED-APA102-2020,http://www.led-color.com/upload/201604/APA102-2020%20SMD%20LED.pdf,1,APA102-2020
D522,APA102-2020,LED_SMD:LED-APA102-2020,http://www.led-color.com/upload/201604/APA102-2020%20SMD%20LED.pdf,1,APA102-2020
D523,APA102-2020,LED_SMD:LED-APA102-2020,http://www.led-color.com/upload/201604/APA102-2020%20SMD%20LED.pdf,1,APA102-2020
D524,APA102-2020,LED_SMD:LED-APA102-2020,http://www.led-color.com/upload/201604/APA102-2020%20SMD%20LED.pdf,1,APA102-2020
D525,APA102-2020,LED_SMD:LED-APA102-2020,http://www.led-color.com/upload/201604/APA102-2020%20SMD%20LED.pdf,1,APA102-2020
D526,APA102-2020,LED_SMD:LED-APA102-2020,http://www.led-color.com/upload/201604/APA102-2020%20SMD%20LED.pdf,1,APA102-2020
D527,APA102-2020,LED_SMD:LED-APA102-2020,http://www.led-color.com/upload/201604/APA102-2020%20SMD%20LED.pdf,1,APA102-2020
D528,APA102-2020,LED_SMD:LED-APA102-2020,http://www.led-color.com/upload/201604/APA102-2020%20SMD%20LED.pdf,1,APA102-2020
D529,APA102-2020,LED_SMD:LED-APA102-2020,http://www.led-color.com/upload/201604/APA102-2020%20SMD%20LED.pdf,1,APA102-2020
D530,APA102-2020,LED_SMD:LED-APA102-2020,http://www.led-color.com/upload/201604/APA102-2020%20SMD%20LED.pdf,1,APA102-2020
D531,APA102-2020,LED_SMD:LED-APA102-2020,http://www.led-color.com/upload/201604/APA102-2020%20SMD%20LED.pdf,1,APA102-2020
D532,APA102-2020,LED_SMD:LED-APA102-2020,http://www.led-color.com/upload/201604/APA102-2020%20SMD%20LED.pdf,1,APA102-2020
D533,APA102-2020,LED_SMD:LED-APA102-2020,http://www.led-color.com/upload/201604/APA102-2020%20SMD%20LED.pdf,1,APA102-2020
D534,APA102-2020,LED_SMD:LED-APA102-2020,http://www.led-color.com/upload/201604/APA102-2020%20SMD%20LED.pdf,1,APA102-2020
D535,APA102-2020,LED_SMD:LED-APA102-2020,http://www.led-color.com/upload/201604/APA102-2020%20SMD%20LED.pdf,1,APA102-2020
D536,APA102-2020,LED_SMD:LED-APA102-2020,http://www.led-color.com/upload/201604/APA102-2020%20SMD%20LED.pdf,1,APA102-2020
D537,APA102-2020,LED_SMD:LED-APA102-2020,http://www.led-color.com/upload/201604/APA102-2020%20SMD%20LED.pdf,1,APA102-2020
D538,APA102-2020,LED_SMD:LED-APA102-2020,http://www.led-color.com/upload/201604/APA102-2020%20SMD%20LED.pdf,1,APA102-2020
D539,APA102-2020,LED_SMD:LED-APA102-2020,http://www.led-color.com/upload/201604/APA102-2020%20SMD%20LED.pdf,1,APA102-2020
D540,APA102-2020,LED_SMD:LED-APA102-2020,http://www.led-color.com/upload/201604/APA102-2020%20SMD%20LED.pdf,1,APA102-2020
D541,APA102-2020,LED_SMD:LED-APA102-2020,http://www.led-color.com/upload/201604/APA102-2020%20SMD%20LED.pdf,1,APA102-2020
D542,APA102-2020,LED_SMD:LED-APA102-2020,http://www.led-color.com/upload/201604/APA102-2020%20SMD%20LED.pdf,1,APA102-2020
D543,APA102-2020,LED_SMD:LED-APA102-2020,http://www.led-color.com/upload/201604/APA102-2020%20SMD%20LED.pdf,1,APA102-2020
D544,APA102-2020,LED_SMD:LED-APA102-2020,http://www.led-color.com/upload/201604/APA102-2020%20SMD%20LED.pdf,1,APA102-2020
D545,APA102-2020,LED_SMD:LED-APA102-2020,http://www.led-color.com/upload/201604/APA102-2020%20SMD%20LED.pdf,1,APA102-2020
D546,APA102-2020,LED_SMD:LED-APA102-2020,http://www.led-color.com/upload/201604/APA102-2020%20SMD%20LED.pdf,1,APA102-2020
D547,APA102-2020,LED_SMD:LED-APA102-2020,http://www.led-color.com/upload/201604/APA102-2020%20SMD%20LED.pdf,1,APA102-2020
D548,APA102-2020,LED_SMD:LED-APA102-2020,http://www.led-color.com/upload/201604/APA102-2020%20SMD%20LED.pdf,1,APA102-2020
D549,APA102-2020,LED_SMD:LED-APA102-2020,http://www.led-color.com/upload/201604/APA102-2020%20SMD%20LED.pdf,1,APA102-2020
D550,APA102-2020,LED_SMD:LED-APA102-2020,http://www.led-color.com/upload/201604/APA102-2020%20SMD%20LED.pdf,1,APA102-2020
D551,APA102-2020,LED_SMD:LED-APA102-2020,http://www.led-color.com/upload/201604/APA102-2020%20SMD%20LED.pdf,1,APA102-2020
D552,APA102-2020,LED_SMD:LED-APA102-2020,http://www.led-color.com/upload/201604/APA102-2020%20SMD%20LED.pdf,1,APA102-2020
D553,APA102-2020,LED_SMD:LED-APA102-2020,http://www.led-color.com/upload/201604/APA102-2020%20SMD%20LED.pdf,1,APA102-2020
D554,APA102-2020,LED_SMD:LED-APA102-2020,http://www.led-color.com/upload/201604/APA102-2020%20SMD%20LED.pdf,1,APA102-2020
D555,APA102-2020,LED_SMD:LED-APA102-2020,http://www.led-color.com/upload/201604/APA102-2020%20SMD%20LED.pdf,1,APA102-2020
D556,APA102-2020,LED_SMD:LED-APA102-2020,http://www.led-color.com/upload/201604/APA102-2020%20SMD%20LED.pdf,1,APA102-2020
D557,APA102-2020,LED_SMD:LED-APA102-2020,http://www.led-color.com/upload/201604/APA102-2020%20SMD%20LED.pdf,1,APA102-2020
D558,APA102-2020,LED_SMD:LED-APA102-2020,http://www.led-color.com/upload/201604/APA102-2020%20SMD%20LED.pdf,1,APA102-2020
D559,APA102-2020,LED_SMD:LED-APA102-2020,http://www.led-color.com/upload/201604/APA102-2020%20SMD%20LED.pdf,1,APA102-2020
D560,APA102-2020,LED_SMD:LED-APA102-2020,http://www.led-color.com/upload/201604/APA102-2020%20SMD%20LED.pdf,1,APA102-2020
D561,APA102-2020,LED_SMD:LED-APA102-2020,http://www.led-color.com/upload/201604/APA102-2020%20SMD%20LED.pdf,1,APA102-2020
D562,APA102-2020,LED_SMD:LED-APA102-2020,http://www.led-color.com/upload/201604/APA102-2020%20SMD%20LED.pdf,1,APA102-2020
D563,APA102-2020,LED_SMD:LED-APA102-2020,http://www.led-color.com/upload/201604/APA102-2020%20SMD%20LED.pdf,1,APA102-2020
D564,APA102-2020,LED_SMD:LED-APA102-2020,http://www.led-color.com/upload/201604/APA102-2020%20SMD%20LED.pdf,1,APA102-2020
D565,APA102-2020,LED_SMD:LED-APA102-2020,http://www.led-color.com/upload/201604/APA102-2020%20SMD%20LED.pdf,1,APA102-2020
D566,APA102-2020,LED_SMD:LED-APA102-2020,http://www.led-color.com/upload/201604/APA102-2020%20SMD%20LED.pdf,1,APA102-2020
D567,APA102-2020,LED_SMD:LED-APA102-2020,http://www.led-color.com/upload/201604/APA102-2020%20SMD%20LED.pdf,1,APA102-2020
D568,APA102-2020,LED_SMD:LED-APA102-2020,http://www.led-color.com/upload/201604/APA102-2020%20SMD%20LED.pdf,1,APA102-2020
D569,APA102-2020,LED_SMD:LED-APA102-2020,http://www.led-color.com/upload/201604/APA102-2020%20SMD%20LED.pdf,1,APA102-2020
D570,APA102-2020,LED_SMD:LED-APA102-2020,http://www.led-color.com/upload/201604/APA102-2020%20SMD%20LED.pdf,1,APA102-2020
D571,APA102-2020,LED_SMD:LED-APA102-2020,http://www.led-color.com/upload/201604/APA102-2020%20SMD%20LED.pdf,1,APA102-2020
D572,APA102-2020,LED_SMD:LED-APA102-2020,http://www.led-color.com/upload/201604/APA102-2020%20SMD%20LED.pdf,1,APA102-2020
D573,APA102-2020,LED_SMD:LED-APA102-2020,http://www.led-color.com/upload/201604/APA102-2020%20SMD%20LED.pdf,1,APA102-2020
D574,APA102-2020,LED_SMD:LED-APA102-2020,http://www.led-color.com/upload/201604/APA102-2020%20SMD%20LED.pdf,1,APA102-2020
D575,APA102-2020,LED_SMD:LED-APA102-2020,http://www.led-color.com/upload/201604/APA102-2020%20SMD%20LED.pdf,1,APA102-2020
D576,APA102-2020,LED_SMD:LED-APA102-2020,http://www.led-color.com/upload/201604/APA102-2020%20SMD%20LED.pdf,1,APA102-2020
D577,APA102-2020,LED_SMD:LED-APA102-2020,http://www.led-color.com/upload/201604/APA102-2020%20SMD%20LED.pdf,1,APA102-2020
D578,APA102-2020,LED_SMD:LED-APA102-2020,http://www.led-color.com/upload/201604/APA102-2020%20SMD%20LED.pdf,1,APA102-2020
D579,APA102-2020,LED_SMD:LED-APA102-2020,http://www.led-color.com/upload/201604/APA102-2020%20SMD%20LED.pdf,1,APA102-2020
D580,APA102-2020,LED_SMD:LED-APA102-2020,http://www.led-color.com/upload/201604/APA102-2020%20SMD%20LED.pdf,1,APA102-2020
D581,APA102-2020,LED_SMD:LED-APA102-2020,http://www.led-color.com/upload/201604/APA102-2020%20SMD%20LED.pdf,1,APA102-2020
D582,APA102-2020,LED_SMD:LED-APA102-2020,http://www.led-color.com/upload/201604/APA102-2020%20SMD%20LED.pdf,1,APA102-2020
D583,APA102-2020,LED_SMD:LED-APA102-2020,http://www.led-color.com/upload/201604/APA102-2020%20SMD%20LED.pdf,1,APA102-2020
D584,APA102-2020,LED_SMD:LED-APA102-2020,http://www.led-color.com/upload/201604/APA102-2020%20SMD%20LED.pdf,1,APA102-2020
D585,APA102-2020,LED_SMD:LED-APA102-2020,http://www.led-color.com/upload/201604/APA102-2020%20SMD%20LED.pdf,1,APA102-2020
D586,APA102-2020,LED_SMD:LED-APA102-2020,http://www.led-color.com/upload/201604/APA102-2020%20SMD%20LED.pdf,1,APA102-2020
D587,APA102-2020,LED_SMD:LED-APA102-2020,http://www.led-color.com/upload/201604/APA102-2020%20SMD%20LED.pdf,1,APA102-2020
D588,APA102-2020,LED_SMD:LED-APA102-2020,http://www.led-color.com/upload/201604/APA102-2020%20SMD%20LED.pdf,1,APA102-2020
D589,APA102-2020,LED_SMD:LED-APA102-2020,http://www.led-color.com/upload/201604/APA102-2020%20SMD%20LED.pdf,1,APA102-2020
D590,APA102-2020,LED_SMD:LED-APA102-2020,http://www.led-color.com/upload/201604/APA102-2020%20SMD%20LED.pdf,1,APA102-2020
D591,APA102-2020,LED_SMD:LED-APA102-2020,http://www.led-color.com/upload/201604/APA102-2020%20SMD%20LED.pdf,1,APA102-2020
D592,APA102-2020,LED_SMD:LED-APA102-2020,http://www.led-color.com/upload/201604/APA102-2020%20SMD%20LED.pdf,1,APA102-2020
D593,APA102-2020,LED_SMD:LED-APA102-2020,http://www.led-color.com/upload/201604/APA102-2020%20SMD%20LED.pdf,1,APA102-2020
D594,APA102-2020,LED_SMD:LED-APA102-2020,http://www.led-color.com/upload/201604/APA102-2020%20SMD%20LED.pdf,1,APA102-2020
D595,APA102-2020,LED_SMD:LED-APA102-2020,http://www.led-color.com/upload/201604/APA102-2020%20SMD%20LED.pdf,1,APA102-2020
D596,APA102-2020,LED_SMD:LED-APA102-2020,http://www.led-color.com/upload/201604/APA102-2020%20SMD%20LED.pdf,1,APA102-2020
D597,APA102-2020,LED_SMD:LED-APA102-2020,http://www.led-color.com/upload/201604/APA102-2020%20SMD%20LED.pdf,1,APA102-2020
D598,APA102-2020,LED_SMD:LED-APA102-2020,http://www.led-color.com/upload/201604/APA102-2020%20SMD%20LED.pdf,1,APA102-2020
D599,APA102-2020,LED_SMD:LED-APA102-2020,http://www.led-color.com/upload/201604/APA102-2020%20SMD%20LED.pdf,1,APA102-2020
D600,APA102-2020,LED_SMD:LED-APA102-2020,http://www.led-color.com/upload/201604/APA102-2020%20SMD%20LED.pdf,1,APA102-2020
D601,APA102-2020,LED_SMD:LED-APA102-2020,http://www.led-color.com/upload/201604/APA102-2020%20SMD%20LED.pdf,1,APA102-2020
D602,APA102-2020,LED_SMD:LED-APA102-2020,http://www.led-color.com/upload/201604/APA102-2020%20SMD%20LED.pdf,1,APA102-2020
D603,APA102-2020,LED_SMD:LED-APA102-2020,http://www.led-color.com/upload/201604/APA102-2020%20SMD%20LED.pdf,1,APA102-2020
D604,APA102-2020,LED_SMD:LED-APA102-2020,http://www.led-color.com/upload/201604/APA102-2020%20SMD%20LED.pdf,1,APA102-2020
D605,APA102-2020,LED_SMD:LED-APA102-2020,http://www.led-color.com/upload/201604/APA102-2020%20SMD%20LED.pdf,1,APA102-2020
D606,APA102-2020,LED_SMD:LED-APA102-2020,http://www.led-color.com/upload/201604/APA102-2020%20SMD%20LED.pdf,1,APA102-2020
D607,APA102-2020,LED_SMD:LED-APA102-2020,http://www.led-color.com/upload/201604/APA102-2020%20SMD%20LED.pdf,1,APA102-2020
D608,APA102-2020,LED_SMD:LED-APA102-2020,http://www.led-color.com/upload/201604/APA102-2020%20SMD%20LED.pdf,1,APA102-2020
D609,APA102-2020,LED_SMD:LED-APA102-2020,http://www.led-color.com/upload/201604/APA102-2020%20SMD%20LED.pdf,1,APA102-2020
D610,APA102-2020,LED_SMD:LED-APA102-2020,http://www.led-color.com/upload/201604/APA102-2020%20SMD%20LED.pdf,1,APA102-2020
D611,APA102-2020,LED_SMD:LED-APA102-2020,http://www.led-color.com/upload/201604/APA102-2020%20SMD%20LED.pdf,1,APA102-2020
D612,APA102-2020,LED_SMD:LED-APA102-2020,http://www.led-color.com/upload/201604/APA102-2020%20SMD%20LED.pdf,1,APA102-2020
D613,APA102-2020,LED_SMD:LED-APA102-2020,http://www.led-color.com/upload/201604/APA102-2020%20SMD%20LED.pdf,1,APA102-2020
D614,APA102-2020,LED_SMD:LED-APA102-2020,http://www.led-color.com/upload/201604/APA102-2020%20SMD%20LED.pdf,1,APA102-2020
D615,APA102-2020,LED_SMD:LED-APA102-2020,http://www.led-color.com/upload/201604/APA102-2020%20SMD%20LED.pdf,1,APA102-2020
D616,APA102-2020,LED_SMD:LED-APA102-2020,http://www.led-color.com/upload/201604/APA102-2020%20SMD%20LED.pdf,1,APA102-2020
D617,APA102-2020,LED_SMD:LED-APA102-2020,http://www.led-color.com/upload/201604/APA102-2020%20SMD%20LED.pdf,1,APA102-2020
D618,APA102-2020,LED_SMD:LED-APA102-2020,http://www.led-color.com/upload/201604/APA102-2020%20SMD%20LED.pdf,1,APA102-2020
D619,APA102-2020,LED_SMD:LED-APA102-2020,http://www.led-color.com/upload/201604/APA102-2020%20SMD%20LED.pdf,1,APA102-2020
D620,APA102-2020,LED_SMD:LED-APA102-2020,http://www.led-color.com/upload/201604/APA102-2020%20SMD%20LED.pdf,1,APA102-2020
D621,APA102-2020,LED_SMD:LED-APA102-2020,http://www.led-color.com/upload/201604/APA102-2020%20SMD%20LED.pdf,1,APA102-2020
D622,APA102-2020,LED_SMD:LED-APA102-2020,http://www.led-color.com/upload/201604/APA102-2020%20SMD%20LED.pdf,1,APA102-2020
D623,APA102-2020,LED_SMD:LED-APA102-2020,http://www.led-color.com/upload/201604/APA102-2020%20SMD%20LED.pdf,1,APA102-2020
D624,APA102-2020,LED_SMD:LED-APA102-2020,http://www.led-color.com/upload/201604/APA102-2020%20SMD%20LED.pdf,1,APA102-2020
D625,APA102-2020,LED_SMD:LED-APA102-2020,http://www.led-color.com/upload/201604/APA102-2020%20SMD%20LED.pdf,1,APA102-2020
D626,APA102-2020,LED_SMD:LED-APA102-2020,http://www.led-color.com/upload/201604/APA102-2020%20SMD%20LED.pdf,1,APA102-2020
D627,APA102-2020,LED_SMD:LED-APA102-2020,http://www.led-color.com/upload/201604/APA102-2020%20SMD%20LED.pdf,1,APA102-2020
D628,APA102-2020,LED_SMD:LED-APA102-2020,http://www.led-color.com/upload/201604/APA102-2020%20SMD%20LED.pdf,1,APA102-2020
D629,APA102-2020,LED_SMD:LED-APA102-2020,http://www.led-color.com/upload/201604/APA102-2020%20SMD%20LED.pdf,1,APA102-2020
D630,APA102-2020,LED_SMD:LED-APA102-2020,http://www.led-color.com/upload/201604/APA102-2020%20SMD%20LED.pdf,1,APA102-2020
D631,APA102-2020,LED_SMD:LED-APA102-2020,http://www.led-color.com/upload/201604/APA102-2020%20SMD%20LED.pdf,1,APA102-2020
D632,APA102-2020,LED_SMD:LED-APA102-2020,http://www.led-color.com/upload/201604/APA102-2020%20SMD%20LED.pdf,1,APA102-2020
D633,APA102-2020,LED_SMD:LED-APA102-2020,http://www.led-color.com/upload/201604/APA102-2020%20SMD%20LED.pdf,1,APA102-2020
D634,APA102-2020,LED_SMD:LED-APA102-2020,http://www.led-color.com/upload/201604/APA102-2020%20SMD%20LED.pdf,1,APA102-2020
D635,APA102-2020,LED_SMD:LED-APA102-2020,http://www.led-color.com/upload/201604/APA102-2020%20SMD%20LED.pdf,1,APA102-2020
D636,APA102-2020,LED_SMD:LED-APA102-2020,http://www.led-color.com/upload/201604/APA102-2020%20SMD%20LED.pdf,1,APA102-2020
D637,APA102-2020,LED_SMD:LED-APA102-2020,http://www.led-color.com/upload/201604/APA102-2020%20SMD%20LED.pdf,1,APA102-2020
D638,APA102-2020,LED_SMD:LED-APA102-2020,http://www.led-color.com/upload/201604/APA102-2020%20SMD%20LED.pdf,1,APA102-2020
D639,APA102-2020,LED_SMD:LED-APA102-2020,http://www.led-color.com/upload/201604/APA102-2020%20SMD%20LED.pdf,1,APA102-2020
D640,APA102-2020,LED_SMD:LED-APA102-2020,http://www.led-color.com/upload/201604/APA102-2020%20SMD%20LED.pdf,1,APA102-2020
D641,APA102-2020,LED_SMD:LED-APA102-2020,http://www.led-color.com/upload/201604/APA102-2020%20SMD%20LED.pdf,1,APA102-2020
D642,APA102-2020,LED_SMD:LED-APA102-2020,http://www.led-color.com/upload/201604/APA102-2020%20SMD%20LED.pdf,1,APA102-2020
D643,APA102-2020,LED_SMD:LED-APA102-2020,http://www.led-color.com/upload/201604/APA102-2020%20SMD%20LED.pdf,1,APA102-2020
D644,APA102-2020,LED_SMD:LED-APA102-2020,http://www.led-color.com/upload/201604/APA102-2020%20SMD%20LED.pdf,1,APA102-2020
D645,APA102-2020,LED_SMD:LED-APA102-2020,http://www.led-color.com/upload/201604/APA102-2020%20SMD%20LED.pdf,1,APA102-2020
D646,APA102-2020,LED_SMD:LED-APA102-2020,http://www.led-color.com/upload/201604/APA102-2020%20SMD%20LED.pdf,1,APA102-2020
D647,APA102-2020,LED_SMD:LED-APA102-2020,http://www.led-color.com/upload/201604/APA102-2020%20SMD%20LED.pdf,1,APA102-2020
D648,APA102-2020,LED_SMD:LED-APA102-2020,http://www.led-color.com/upload/201604/APA102-2020%20SMD%20LED.pdf,1,APA102-2020
D649,APA102-2020,LED_SMD:LED-APA102-2020,http://www.led-color.com/upload/201604/APA102-2020%20SMD%20LED.pdf,1,APA102-2020
D650,APA102-2020,LED_SMD:LED-APA102-2020,http://www.led-color.com/upload/201604/APA102-2020%20SMD%20LED.pdf,1,APA102-2020
D651,APA102-2020,LED_SMD:LED-APA102-2020,http://www.led-color.com/upload/201604/APA102-2020%20SMD%20LED.pdf,1,APA102-2020
D652,APA102-2020,LED_SMD:LED-APA102-2020,http://www.led-color.com/upload/201604/APA102-2020%20SMD%20LED.pdf,1,APA102-2020
D653,APA102-2020,LED_SMD:LED-APA102-2020,http://www.led-color.com/upload/201604/APA102-2020%20SMD%20LED.pdf,1,APA102-2020
D654,APA102-2020,LED_SMD:LED-APA102-2020,http://www.led-color.com/upload/201604/APA102-2020%20SMD%20LED.pdf,1,APA102-2020
D655,APA102-2020,LED_SMD:LED-APA102-2020,http://www.led-color.com/upload/201604/APA102-2020%20SMD%20LED.pdf,1,APA102-2020
D656,APA102-2020,LED_SMD:LED-APA102-2020,http://www.led-color.com/upload/201604/APA102-2020%20SMD%20LED.pdf,1,APA102-2020
D657,APA102-2020,LED_SMD:LED-APA102-2020,http://www.led-color.com/upload/201604/APA102-2020%20SMD%20LED.pdf,1,APA102-2020
D658,APA102-2020,LED_SMD:LED-APA102-2020,http://www.led-color.com/upload/201604/APA102-2020%20SMD%20LED.pdf,1,APA102-2020
D659,APA102-2020,LED_SMD:LED-APA102-2020,http://www.led-color.com/upload/201604/APA102-2020%20SMD%20LED.pdf,1,APA102-2020
D660,APA102-2020,LED_SMD:LED-APA102-2020,http://www.led-color.com/upload/201604/APA102-2020%20SMD%20LED.pdf,1,APA102-2020
D661,APA102-2020,LED_SMD:LED-APA102-2020,http://www.led-color.com/upload/201604/APA102-2020%20SMD%20LED.pdf,1,APA102-2020
D662,APA102-2020,LED_SMD:LED-APA102-2020,http://www.led-color.com/upload/201604/APA102-2020%20SMD%20LED.pdf,1,APA102-2020
D663,APA102-2020,LED_SMD:LED-APA102-2020,http://www.led-color.com/upload/201604/APA102-2020%20SMD%20LED.pdf,1,APA102-2020
D664,APA102-2020,LED_SMD:LED-APA102-2020,http://www.led-color.com/upload/201604/APA102-2020%20SMD%20LED.pdf,1,APA102-2020
D665,APA102-2020,LED_SMD:LED-APA102-2020,http://www.led-color.com/upload/201604/APA102-2020%20SMD%20LED.pdf,1,APA102-2020
D666,APA102-2020,LED_SMD:LED-APA102-2020,http://www.led-color.com/upload/201604/APA102-2020%20SMD%20LED.pdf,1,APA102-2020
D667,APA102-2020,LED_SMD:LED-APA102-2020,http://www.led-color.com/upload/201604/APA102-2020%20SMD%20LED.pdf,1,APA102-2020
D668,APA102-2020,LED_SMD:LED-APA102-2020,http://www.led-color.com/upload/201604/APA102-2020%20SMD%20LED.pdf,1,APA102-2020
D669,APA102-2020,LED_SMD:LED-APA102-2020,http://www.led-color.com/upload/201604/APA102-2020%20SMD%20LED.pdf,1,APA102-2020
D670,APA102-2020,LED_SMD:LED-APA102-2020,http://www.led-color.com/upload/201604/APA102-2020%20SMD%20LED.pdf,1,APA102-2020
D671,APA102-2020,LED_SMD:LED-APA102-2020,http://www.led-color.com/upload/201604/APA102-2020%20SMD%20LED.pdf,1,APA102-2020
D672,APA102-2020,LED_SMD:LED-APA102-2020,http://www.led-color.com/upload/201604/APA102-2020%20SMD%20LED.pdf,1,APA102-2020
D673,APA102-2020,LED_SMD:LED-APA102-2020,http://www.led-color.com/upload/201604/APA102-2020%20SMD%20LED.pdf,1,APA102-2020
D674,APA102-2020,LED_SMD:LED-APA102-2020,http://www.led-color.com/upload/201604/APA102-2020%20SMD%20LED.pdf,1,APA102-2020
D675,APA102-2020,LED_SMD:LED-APA102-2020,http://www.led-color.com/upload/201604/APA102-2020%20SMD%20LED.pdf,1,APA102-2020
D676,APA102-2020,LED_SMD:LED-APA102-2020,http://www.led-color.com/upload/201604/APA102-2020%20SMD%20LED.pdf,1,APA102-2020
D677,APA102-2020,LED_SMD:LED-APA102-2020,http://www.led-color.com/upload/201604/APA102-2020%20SMD%20LED.pdf,1,APA102-2020
D678,APA102-2020,LED_SMD:LED-APA102-2020,http://www.led-color.com/upload/201604/APA102-2020%20SMD%20LED.pdf,1,APA102-2020
D679,APA102-2020,LED_SMD:LED-APA102-2020,http://www.led-color.com/upload/201604/APA102-2020%20SMD%20LED.pdf,1,APA102-2020
D680,APA102-2020,LED_SMD:LED-APA102-2020,http://www.led-color.com/upload/201604/APA102-2020%20SMD%20LED.pdf,1,APA102-2020
D681,APA102-2020,LED_SMD:LED-APA102-2020,http://www.led-color.com/upload/201604/APA102-2020%20SMD%20LED.pdf,1,APA102-2020
D682,APA102-2020,LED_SMD:LED-APA102-2020,http://www.led-color.com/upload/201604/APA102-2020%20SMD%20LED.pdf,1,APA102-2020
D683,APA102-2020,LED_SMD:LED-APA102-2020,http://www.led-color.com/upload/201604/APA102-2020%20SMD%20LED.pdf,1,APA102-2020
D684,APA102-2020,LED_SMD:LED-APA102-2020,http://www.led-color.com/upload/201604/APA102-2020%20SMD%20LED.pdf,1,APA102-2020
D685,APA102-2020,LED_SMD:LED-APA102-2020,http://www.led-color.com/upload/201604/APA102-2020%20SMD%20LED.pdf,1,APA102-2020
D686,APA102-2020,LED_SMD:LED-APA102-2020,http://www.led-color.com/upload/201604/APA102-2020%20SMD%20LED.pdf,1,APA102-2020
D687,APA102-2020,LED_SMD:LED-APA102-2020,http://www.led-color.com/upload/201604/APA102-2020%20SMD%20LED.pdf,1,APA102-2020
D688,APA102-2020,LED_SMD:LED-APA102-2020,http://www.led-color.com/upload/201604/APA102-2020%20SMD%20LED.pdf,1,APA102-2020
D689,APA102-2020,LED_SMD:LED-APA102-2020,http://www.led-color.com/upload/201604/APA102-2020%20SMD%20LED.pdf,1,APA102-2020
D690,APA102-2020,LED_SMD:LED-APA102-2020,http://www.led-color.com/upload/201604/APA102-2020%20SMD%20LED.pdf,1,APA102-2020
D691,APA102-2020,LED_SMD:LED-APA102-2020,http://www.led-color.com/upload/201604/APA102-2020%20SMD%20LED.pdf,1,APA102-2020
D692,APA102-2020,LED_SMD:LED-APA102-2020,http://www.led-color.com/upload/201604/APA102-2020%20SMD%20LED.pdf,1,APA102-2020
D693,APA102-2020,LED_SMD:LED-APA102-2020,http://www.led-color.com/upload/201604/APA102-2020%20SMD%20LED.pdf,1,APA102-2020
D694,APA102-2020,LED_SMD:LED-APA102-2020,http://www.led-color.com/upload/201604/APA102-2020%20SMD%20LED.pdf,1,APA102-2020
D695,APA102-2020,LED_SMD:LED-APA102-2020,http://www.led-color.com/upload/201604/APA102-2020%20SMD%20LED.pdf,1,APA102-2020
D696,APA102-2020,LED_SMD:LED-APA102-2020,http://www.led-color.com/upload/201604/APA102-2020%20SMD%20LED.pdf,1,APA102-2020
D697,APA102-2020,LED_SMD:LED-APA102-2020,http://www.led-color.com/upload/201604/APA102-2020%20SMD%20LED.pdf,1,APA102-2020
D698,APA102-2020,LED_SMD:LED-APA102-2020,http://www.led-color.com/upload/201604/APA102-2020%20SMD%20LED.pdf,1,APA102-2020
D699,APA102-2020,LED_SMD:LED-APA102-2020,http://www.led-color.com/upload/201604/APA102-2020%20SMD%20LED.pdf,1,APA102-2020
D700,APA102-2020,LED_SMD:LED-APA102-2020,http://www.led-color.com/upload/201604/APA102-2020%20SMD%20LED.pdf,1,APA102-2020
D701,APA102-2020,LED_SMD:LED-APA102-2020,http://www.led-color.com/upload/201604/APA102-2020%20SMD%20LED.pdf,1,APA102-2020
D702,APA102-2020,LED_SMD:LED-APA102-2020,http://www.led-color.com/upload/201604/APA102-2020%20SMD%20LED.pdf,1,APA102-2020
D703,APA102-2020,LED_SMD:LED-APA102-2020,http://www.led-color.com/upload/201604/APA102-2020%20SMD%20LED.pdf,1,APA102-2020
D704,APA102-2020,LED_SMD:LED-APA102-2020,http://www.led-color.com/upload/201604/APA102-2020%20SMD%20LED.pdf,1,APA102-2020
D705,APA102-2020,LED_SMD:LED-APA102-2020,http://www.led-color.com/upload/201604/APA102-2020%20SMD%20LED.pdf,1,APA102-2020
D706,APA102-2020,LED_SMD:LED-APA102-2020,http://www.led-color.com/upload/201604/APA102-2020%20SMD%20LED.pdf,1,APA102-2020
D707,APA102-2020,LED_SMD:LED-APA102-2020,http://www.led-color.com/upload/201604/APA102-2020%20SMD%20LED.pdf,1,APA102-2020
D708,APA102-2020,LED_SMD:LED-APA102-2020,http://www.led-color.com/upload/201604/APA102-2020%20SMD%20LED.pdf,1,APA102-2020
D709,APA102-2020,LED_SMD:LED-APA102-2020,http://www.led-color.com/upload/201604/APA102-2020%20SMD%20LED.pdf,1,APA102-2020
D710,APA102-2020,LED_SMD:LED-APA102-2020,http://www.led-color.com/upload/201604/APA102-2020%20SMD%20LED.pdf,1,APA102-2020
D711,APA102-2020,LED_SMD:LED-APA102-2020,http://www.led-color.com/upload/201604/APA102-2020%20SMD%20LED.pdf,1,APA102-2020
D712,APA102-2020,LED_SMD:LED-APA102-2020,http://www.led-color.com/upload/201604/APA102-2020%20SMD%20LED.pdf,1,APA102-2020
D713,APA102-2020,LED_SMD:LED-APA102-2020,http://www.led-color.com/upload/201604/APA102-2020%20SMD%20LED.pdf,1,APA102-2020
D714,APA102-2020,LED_SMD:LED-APA102-2020,http://www.led-color.com/upload/201604/APA102-2020%20SMD%20LED.pdf,1,APA102-2020
D715,APA102-2020,LED_SMD:LED-APA102-2020,http://www.led-color.com/upload/201604/APA102-2020%20SMD%20LED.pdf,1,APA102-2020
D716,APA102-2020,LED_SMD:LED-APA102-2020,http://www.led-color.com/upload/201604/APA102-2020%20SMD%20LED.pdf,1,APA102-2020
D717,APA102-2020,LED_SMD:LED-APA102-2020,http://www.led-color.com/upload/201604/APA102-2020%20SMD%20LED.pdf,1,APA102-2020
D718,APA102-2020,LED_SMD:LED-APA102-2020,http://www.led-color.com/upload/201604/APA102-2020%20SMD%20LED.pdf,1,APA102-2020
D719,APA102-2020,LED_SMD:LED-APA102-2020,http://www.led-color.com/upload/201604/APA102-2020%20SMD%20LED.pdf,1,APA102-2020
D720,APA102-2020,LED_SMD:LED-APA102-2020,http://www.led-color.com/upload/201604/APA102-2020%20SMD%20LED.pdf,1,APA102-2020
D721,APA102-2020,LED_SMD:LED-APA102-2020,http://www.led-color.com/upload/201604/APA102-2020%20SMD%20LED.pdf,1,APA102-2020
D722,APA102-2020,LED_SMD:LED-APA102-2020,http://www.led-color.com/upload/201604/APA102-2020%20SMD%20LED.pdf,1,APA102-2020
D723,APA102-2020,LED_SMD:LED-APA102-2020,http://www.led-color.com/upload/201604/APA102-2020%20SMD%20LED.pdf,1,APA102-2020
D724,APA102-2020,LED_SMD:LED-APA102-2020,http://www.led-color.com/upload/201604/APA102-2020%20SMD%20LED.pdf,1,APA102-2020
D725,APA102-2020,LED_SMD:LED-APA102-2020,http://www.led-color.com/upload/201604/APA102-2020%20SMD%20LED.pdf,1,APA102-2020
D726,APA102-2020,LED_SMD:LED-APA102-2020,http://www.led-color.com/upload/201604/APA102-2020%20SMD%20LED.pdf,1,APA102-2020
D727,APA102-2020,LED_SMD:LED-APA102-2020,http://www.led-color.com/upload/201604/APA102-2020%20SMD%20LED.pdf,1,APA102-2020
D728,APA102-2020,LED_SMD:LED-APA102-2020,http://www.led-color.com/upload/201604/APA102-2020%20SMD%20LED.pdf,1,APA102-2020
D729,APA102-2020,LED_SMD:LED-APA102-2020,http://www.led-color.com/upload/201604/APA102-2020%20SMD%20LED.pdf,1,APA102-2020
D730,APA102-2020,LED_SMD:LED-APA102-2020,http://www.led-color.com/upload/201604/APA102-2020%20SMD%20LED.pdf,1,APA102-2020
D731,APA102-2020,LED_SMD:LED-APA102-2020,http://www.led-color.com/upload/201604/APA102-2020%20SMD%20LED.pdf,1,APA102-2020
D732,APA102-2020,LED_SMD:LED-APA102-2020,http://www.led-color.com/upload/201604/APA102-2020%20SMD%20LED.pdf,1,APA102-2020
D733,APA102-2020,LED_SMD:LED-APA102-2020,http://www.led-color.com/upload/201604/APA102-2020%20SMD%20LED.pdf,1,APA102-2020
D734,APA102-2020,LED_SMD:LED-APA102-2020,http://www.led-color.com/upload/201604/APA102-2020%20SMD%20LED.pdf,1,APA102-2020
D735,APA102-2020,LED_SMD:LED-APA102-2020,http://www.led-color.com/upload/201604/APA102-2020%20SMD%20LED.pdf,1,APA102-2020
D736,APA102-2020,LED_SMD:LED-APA102-2020,http://www.led-color.com/upload/201604/APA102-2020%20SMD%20LED.pdf,1,APA102-2020
D737,APA102-2020,LED_SMD:LED-APA102-2020,http://www.led-color.com/upload/201604/APA102-2020%20SMD%20LED.pdf,1,APA102-2020
D738,APA102-2020,LED_SMD:LED-APA102-2020,http://www.led-color.com/upload/201604/APA102-2020%20SMD%20LED.pdf,1,APA102-2020
D739,APA102-2020,LED_SMD:LED-APA102-2020,http://www.led-color.com/upload/201604/APA102-2020%20SMD%20LED.pdf,1,APA102-2020
D740,APA102-2020,LED_SMD:LED-APA102-2020,http://www.led-color.com/upload/201604/APA102-2020%20SMD%20LED.pdf,1,APA102-2020
D741,APA102-2020,LED_SMD:LED-APA102-2020,http://www.led-color.com/upload/201604/APA102-2020%20SMD%20LED.pdf,1,APA102-2020
D742,APA102-2020,LED_SMD:LED-APA102-2020,http://www.led-color.com/upload/201604/APA102-2020%20SMD%20LED.pdf,1,APA102-2020
D743,APA102-2020,LED_SMD:LED-APA102-2020,http://www.led-color.com/upload/201604/APA102-2020%20SMD%20LED.pdf,1,APA102-2020
D744,APA102-2020,LED_SMD:LED-APA102-2020,http://www.led-color.com/upload/201604/APA102-2020%20SMD%20LED.pdf,1,APA102-2020
D745,APA102-2020,LED_SMD:LED-APA102-2020,http://www.led-color.com/upload/201604/APA102-2020%20SMD%20LED.pdf,1,APA102-2020
D746,APA102-2020,LED_SMD:LED-APA102-2020,http://www.led-color.com/upload/201604/APA102-2020%20SMD%20LED.pdf,1,APA102-2020
D747,APA102-2020,LED_SMD:LED-APA102-2020,http://www.led-color.com/upload/201604/APA102-2020%20SMD%20LED.pdf,1,APA102-2020
D748,APA102-2020,LED_SMD:LED-APA102-2020,http://www.led-color.com/upload/201604/APA102-2020%20SMD%20LED.pdf,1,APA102-2020
D749,APA102-2020,LED_SMD:LED-APA102-2020,http://www.led-color.com/upload/201604/APA102-2020%20SMD%20LED.pdf,1,APA102-2020
D750,APA102-2020,LED_SMD:LED-APA102-2020,http://www.led-color.com/upload/201604/APA102-2020%20SMD%20LED.pdf,1,APA102-2020
D751,APA102-2020,LED_SMD:LED-APA102-2020,http://www.led-color.com/upload/201604/APA102-2020%20SMD%20LED.pdf,1,APA102-2020
D752,APA102-2020,LED_SMD:LED-APA102-2020,http://www.led-color.com/upload/201604/APA102-2020%20SMD%20LED.pdf,1,APA102-2020
D753,APA102-2020,LED_SMD:LED-APA102-2020,http://www.led-color.com/upload/201604/APA102-2020%20SMD%20LED.pdf,1,APA102-2020
D754,APA102-2020,LED_SMD:LED-APA102-2020,http://www.led-color.com/upload/201604/APA102-2020%20SMD%20LED.pdf,1,APA102-2020
D755,APA102-2020,LED_SMD:LED-APA102-2020,http://www.led-color.com/upload/201604/APA102-2020%20SMD%20LED.pdf,1,APA102-2020
D756,APA102-2020,LED_SMD:LED-APA102-2020,http://www.led-color.com/upload/201604/APA102-2020%20SMD%20LED.pdf,1,APA102-2020
D757,APA102-2020,LED_SMD:LED-APA102-2020,http://www.led-color.com/upload/201604/APA102-2020%20SMD%20LED.pdf,1,APA102-2020
D758,APA102-2020,LED_SMD:LED-APA102-2020,http://www.led-color.com/upload/201604/APA102-2020%20SMD%20LED.pdf,1,APA102-2020
D759,APA102-2020,LED_SMD:LED-APA102-2020,http://www.led-color.com/upload/201604/APA102-2020%20SMD%20LED.pdf,1,APA102-2020
D760,APA102-2020,LED_SMD:LED-APA102-2020,http://www.led-color.com/upload/201604/APA102-2020%20SMD%20LED.pdf,1,APA102-2020
D761,APA102-2020,LED_SMD:LED-APA102-2020,http://www.led-color.com/upload/201604/APA102-2020%20SMD%20LED.pdf,1,APA102-2020
D762,APA102-2020,LED_SMD:LED-APA102-2020,http://www.led-color.com/upload/201604/APA102-2020%20SMD%20LED.pdf,1,APA102-2020
D763,APA102-2020,LED_SMD:LED-APA102-2020,http://www.led-color.com/upload/201604/APA102-2020%20SMD%20LED.pdf,1,APA102-2020
D764,APA102-2020,LED_SMD:LED-APA102-2020,http://www.led-color.com/upload/201604/APA102-2020%20SMD%20LED.pdf,1,APA102-2020
D765,APA102-2020,LED_SMD:LED-APA102-2020,http://www.led-color.com/upload/201604/APA102-2020%20SMD%20LED.pdf,1,APA102-2020
D766,APA102-2020,LED_SMD:LED-APA102-2020,http://www.led-color.com/upload/201604/APA102-2020%20SMD%20LED.pdf,1,APA102-2020
D767,APA102-2020,LED_SMD:LED-APA102-2020,http://www.led-color.com/upload/201604/APA102-2020%20SMD%20LED.pdf,1,APA102-2020
D768,APA102-2020,LED_SMD:LED-APA102-2020,http://www.led-color.com/upload/201604/APA102-2020%20SMD%20LED.pdf,1,APA102-2020
D769,APA102-2020,LED_SMD:LED-APA102-2020,http://www.led-color.com/upload/201604/APA102-2020%20SMD%20LED.pdf,1,APA102-2020
D770,APA102-2020,LED_SMD:LED-APA102-2020,http://www.led-color.com/upload/201604/APA102-2020%20SMD%20LED.pdf,1,APA102-2020
D771,APA102-2020,LED_SMD:LED-APA102-2020,http://www.led-color.com/upload/201604/APA102-2020%20SMD%20LED.pdf,1,APA102-2020
D772,APA102-2020,LED_SMD:LED-APA102-2020,http://www.led-color.com/upload/201604/APA102-2020%20SMD%20LED.pdf,1,APA102-2020
D773,APA102-2020,LED_SMD:LED-APA102-2020,http://www.led-color.com/upload/201604/APA102-2020%20SMD%20LED.pdf,1,APA102-2020
D774,APA102-2020,LED_SMD:LED-APA102-2020,http://www.led-color.com/upload/201604/APA102-2020%20SMD%20LED.pdf,1,APA102-2020
D775,APA102-2020,LED_SMD:LED-APA102-2020,http://www.led-color.com/upload/201604/APA102-2020%20SMD%20LED.pdf,1,APA102-2020
D776,APA102-2020,LED_SMD:LED-APA102-2020,http://www.led-color.com/upload/201604/APA102-2020%20SMD%20LED.pdf,1,APA102-2020
D777,APA102-2020,LED_SMD:LED-APA102-2020,http://www.led-color.com/upload/201604/APA102-2020%20SMD%20LED.pdf,1,APA102-2020
D778,APA102-2020,LED_SMD:LED-APA102-2020,http://www.led-color.com/upload/201604/APA102-2020%20SMD%20LED.pdf,1,APA102-2020
D779,APA102-2020,LED_SMD:LED-APA102-2020,http://www.led-color.com/upload/201604/APA102-2020%20SMD%20LED.pdf,1,APA102-2020
D780,APA102-2020,LED_SMD:LED-APA102-2020,http://www.led-color.com/upload/201604/APA102-2020%20SMD%20LED.pdf,1,APA102-2020
D781,APA102-2020,LED_SMD:LED-APA102-2020,http://www.led-color.com/upload/201604/APA102-2020%20SMD%20LED.pdf,1,APA102-2020
D782,APA102-2020,LED_SMD:LED-APA102-2020,http://www.led-color.com/upload/201604/APA102-2020%20SMD%20LED.pdf,1,APA102-2020
D783,APA102-2020,LED_SMD:LED-APA102-2020,http://www.led-color.com/upload/201604/APA102-2020%20SMD%20LED.pdf,1,APA102-2020
D784,APA102-2020,LED_SMD:LED-APA102-2020,http://www.led-color.com/upload/201604/APA102-2020%20SMD%20LED.pdf,1,APA102-2020
D785,APA102-2020,LED_SMD:LED-APA102-2020,http://www.led-color.com/upload/201604/APA102-2020%20SMD%20LED.pdf,1,APA102-2020
D786,APA102-2020,LED_SMD:LED-APA102-2020,http://www.led-color.com/upload/201604/APA102-2020%20SMD%20LED.pdf,1,APA102-2020
D787,APA102-2020,LED_SMD:LED-APA102-2020,http://www.led-color.com/upload/201604/APA102-2020%20SMD%20LED.pdf,1,APA102-2020
D788,APA102-2020,LED_SMD:LED-APA102-2020,http://www.led-color.com/upload/201604/APA102-2020%20SMD%20LED.pdf,1,APA102-2020
D789,APA102-2020,LED_SMD:LED-APA102-2020,http://www.led-color.com/upload/201604/APA102-2020%20SMD%20LED.pdf,1,APA102-2020
D790,APA102-2020,LED_SMD:LED-APA102-2020,http://www.led-color.com/upload/201604/APA102-2020%20SMD%20LED.pdf,1,APA102-2020
D791,APA102-2020,LED_SMD:LED-APA102-2020,http://www.led-color.com/upload/201604/APA102-2020%20SMD%20LED.pdf,1,APA102-2020
D792,APA102-2020,LED_SMD:LED-APA102-2020,http://www.led-color.com/upload/201604/APA102-2020%20SMD%20LED.pdf,1,APA102-2020
D793,APA102-2020,LED_SMD:LED-APA102-2020,http://www.led-color.com/upload/201604/APA102-2020%20SMD%20LED.pdf,1,APA102-2020
D794,APA102-2020,LED_SMD:LED-APA102-2020,http://www.led-color.com/upload/201604/APA102-2020%20SMD%20LED.pdf,1,APA102-2020
D795,APA102-2020,LED_SMD:LED-APA102-2020,http://www.led-color.com/upload/201604/APA102-2020%20SMD%20LED.pdf,1,APA102-2020
D796,APA102-2020,LED_SMD:LED-APA102-2020,http://www.led-color.com/upload/201604/APA102-2020%20SMD%20LED.pdf,1,APA102-2020
D797,APA102-2020,LED_SMD:LED-APA102-2020,http://www.led-color.com/upload/201604/APA102-2020%20SMD%20LED.pdf,1,APA102-2020
D798,APA102-2020,LED_SMD:LED-APA102-2020,http://www.led-color.com/upload/201604/APA102-2020%20SMD%20LED.pdf,1,APA102-2020
D799,APA102-2020,LED_SMD:LED-APA102-2020,http://www.led-color.com/upload/201604/APA102-2020%20SMD%20LED.pdf,1,APA102-2020
D800,APA102-2020,LED_SMD:LED-APA102-2020,http://www.led-color.com/upload/201604/APA102-2020%20SMD%20LED.pdf,1,APA102-2020
D801,APA102-2020,LED_SMD:LED-APA102-2020,http://www.led-color.com/upload/201604/APA102-2020%20SMD%20LED.pdf,1,APA102-2020
D802,APA102-2020,LED_SMD:LED-APA102-2020,http://www.led-color.com/upload/201604/APA102-2020%20SMD%20LED.pdf,1,APA102-2020
D803,APA102-2020,LED_SMD:LED-APA102-2020,http://www.led-color.com/upload/201604/APA102-2020%20SMD%20LED.pdf,1,APA102-2020
D804,APA102-2020,LED_SMD:LED-APA102-2020,http://www.led-color.com/upload/201604/APA102-2020%20SMD%20LED.pdf,1,APA102-2020
D805,APA102-2020,LED_SMD:LED-APA102-2020,http://www.led-color.com/upload/201604/APA102-2020%20SMD%20LED.pdf,1,APA102-2020
D806,APA102-2020,LED_SMD:LED-APA102-2020,http://www.led-color.com/upload/201604/APA102-2020%20SMD%20LED.pdf,1,APA102-2020
D807,APA102-2020,LED_SMD:LED-APA102-2020,http://www.led-color.com/upload/201604/APA102-2020%20SMD%20LED.pdf,1,APA102-2020
D808,APA102-2020,LED_SMD:LED-APA102-2020,http://www.led-color.com/upload/201604/APA102-2020%20SMD%20LED.pdf,1,APA102-2020
D809,APA102-2020,LED_SMD:LED-APA102-2020,http://www.led-color.com/upload/201604/APA102-2020%20SMD%20LED.pdf,1,APA102-2020
D810,APA102-2020,LED_SMD:LED-APA102-2020,http://www.led-color.com/upload/201604/APA102-2020%20SMD%20LED.pdf,1,APA102-2020
D811,APA102-2020,LED_SMD:LED-APA102-2020,http://www.led-color.com/upload/201604/APA102-2020%20SMD%20LED.pdf,1,APA102-2020
D812,APA102-2020,LED_SMD:LED-APA102-2020,http://www.led-color.com/upload/201604/APA102-2020%20SMD%20LED.pdf,1,APA102-2020
D813,APA102-2020,LED_SMD:LED-APA102-2020,http://www.led-color.com/upload/201604/APA102-2020%20SMD%20LED.pdf,1,APA102-2020
D814,APA102-2020,LED_SMD:LED-APA102-2020,http://www.led-color.com/upload/201604/APA102-2020%20SMD%20LED.pdf,1,APA102-2020
D815,APA102-2020,LED_SMD:LED-APA102-2020,http://www.led-color.com/upload/201604/APA102-2020%20SMD%20LED.pdf,1,APA102-2020
D816,APA102-2020,LED_SMD:LED-APA102-2020,http://www.led-color.com/upload/201604/APA102-2020%20SMD%20LED.pdf,1,APA102-2020
D817,APA102-2020,LED_SMD:LED-APA102-2020,http://www.led-color.com/upload/201604/APA102-2020%20SMD%20LED.pdf,1,APA102-2020
D818,APA102-2020,LED_SMD:LED-APA102-2020,http://www.led-color.com/upload/201604/APA102-2020%20SMD%20LED.pdf,1,APA102-2020
D819,APA102-2020,LED_SMD:LED-APA102-2020,http://www.led-color.com/upload/201604/APA102-2020%20SMD%20LED.pdf,1,APA102-2020
D820,APA102-2020,LED_SMD:LED-APA102-2020,http://www.led-color.com/upload/201604/APA102-2020%20SMD%20LED.pdf,1,APA102-2020
D821,APA102-2020,LED_SMD:LED-APA102-2020,http://www.led-color.com/upload/201604/APA102-2020%20SMD%20LED.pdf,1,APA102-2020
D822,APA102-2020,LED_SMD:LED-APA102-2020,http://www.led-color.com/upload/201604/APA102-2020%20SMD%20LED.pdf,1,APA102-2020
D823,APA102-2020,LED_SMD:LED-APA102-2020,http://www.led-color.com/upload/201604/APA102-2020%20SMD%20LED.pdf,1,APA102-2020
D824,APA102-2020,LED_SMD:LED-APA102-2020,http://www.led-color.com/upload/201604/APA102-2020%20SMD%20LED.pdf,1,APA102-2020
D825,APA102-2020,LED_SMD:LED-APA102-2020,http://www.led-color.com/upload/201604/APA102-2020%20SMD%20LED.pdf,1,APA102-2020
D826,APA102-2020,LED_SMD:LED-APA102-2020,http://www.led-color.com/upload/201604/APA102-2020%20SMD%20LED.pdf,1,APA102-2020
D827,APA102-2020,LED_SMD:LED-APA102-2020,http://www.led-color.com/upload/201604/APA102-2020%20SMD%20LED.pdf,1,APA102-2020
D828,APA102-2020,LED_SMD:LED-APA102-2020,http://www.led-color.com/upload/201604/APA102-2020%20SMD%20LED.pdf,1,APA102-2020
D829,APA102-2020,LED_SMD:LED-APA102-2020,http://www.led-color.com/upload/201604/APA102-2020%20SMD%20LED.pdf,1,APA102-2020
D830,APA102-2020,LED_SMD:LED-APA102-2020,http://www.led-color.com/upload/201604/APA102-2020%20SMD%20LED.pdf,1,APA102-2020
D831,APA102-2020,LED_SMD:LED-APA102-2020,http://www.led-color.com/upload/201604/APA102-2020%20SMD%20LED.pdf,1,APA102-2020
D832,APA102-2020,LED_SMD:LED-APA102-2020,http://www.led-color.com/upload/201604/APA102-2020%20SMD%20LED.pdf,1,APA102-2020
D833,APA102-2020,LED_SMD:LED-APA102-2020,http://www.led-color.com/upload/201604/APA102-2020%20SMD%20LED.pdf,1,APA102-2020
D834,APA102-2020,LED_SMD:LED-APA102-2020,http://www.led-color.com/upload/201604/APA102-2020%20SMD%20LED.pdf,1,APA102-2020
D835,APA102-2020,LED_SMD:LED-APA102-2020,http://www.led-color.com/upload/201604/APA102-2020%20SMD%20LED.pdf,1,APA102-2020
D836,APA102-2020,LED_SMD:LED-APA102-2020,http://www.led-color.com/upload/201604/APA102-2020%20SMD%20LED.pdf,1,APA102-2020
D837,APA102-2020,LED_SMD:LED-APA102-2020,http://www.led-color.com/upload/201604/APA102-2020%20SMD%20LED.pdf,1,APA102-2020
D838,APA102-2020,LED_SMD:LED-APA102-2020,http://www.led-color.com/upload/201604/APA102-2020%20SMD%20LED.pdf,1,APA102-2020
D839,APA102-2020,LED_SMD:LED-APA102-2020,http://www.led-color.com/upload/201604/APA102-2020%20SMD%20LED.pdf,1,APA102-2020
D840,APA102-2020,LED_SMD:LED-APA102-2020,http://www.led-color.com/upload/201604/APA102-2020%20SMD%20LED.pdf,1,APA102-2020
D841,APA102-2020,LED_SMD:LED-APA102-2020,http://www.led-color.com/upload/201604/APA102-2020%20SMD%20LED.pdf,1,APA102-2020
D842,APA102-2020,LED_SMD:LED-APA102-2020,http://www.led-color.com/upload/201604/APA102-2020%20SMD%20LED.pdf,1,APA102-2020
D843,APA102-2020,LED_SMD:LED-APA102-2020,http://www.led-color.com/upload/201604/APA102-2020%20SMD%20LED.pdf,1,APA102-2020
D844,APA102-2020,LED_SMD:LED-APA102-2020,http://www.led-color.com/upload/201604/APA102-2020%20SMD%20LED.pdf,1,APA102-2020
D845,APA102-2020,LED_SMD:LED-APA102-2020,http://www.led-color.com/upload/201604/APA102-2020%20SMD%20LED.pdf,1,APA102-2020
D846,APA102-2020,LED_SMD:LED-APA102-2020,http://www.led-color.com/upload/201604/APA102-2020%20SMD%20LED.pdf,1,APA102-2020
D847,APA102-2020,LED_SMD:LED-APA102-2020,http://www.led-color.com/upload/201604/APA102-2020%20SMD%20LED.pdf,1,APA102-2020
D848,APA102-2020,LED_SMD:LED-APA102-2020,http://www.led-color.com/upload/201604/APA102-2020%20SMD%20LED.pdf,1,APA102-2020
D849,APA102-2020,LED_SMD:LED-APA102-2020,http://www.led-color.com/upload/201604/APA102-2020%20SMD%20LED.pdf,1,APA102-2020
D850,APA102-2020,LED_SMD:LED-APA102-2020,http://www.led-color.com/upload/201604/APA102-2020%20SMD%20LED.pdf,1,APA102-2020
D851,APA102-2020,LED_SMD:LED-APA102-2020,http://www.led-color.com/upload/201604/APA102-2020%20SMD%20LED.pdf,1,APA102-2020
D852,APA102-2020,LED_SMD:LED-APA102-2020,http://www.led-color.com/upload/201604/APA102-2020%20SMD%20LED.pdf,1,APA102-2020
D853,APA102-2020,LED_SMD:LED-APA102-2020,http://www.led-color.com/upload/201604/APA102-2020%20SMD%20LED.pdf,1,APA102-2020
D854,APA102-2020,LED_SMD:LED-APA102-2020,http://www.led-color.com/upload/201604/APA102-2020%20SMD%20LED.pdf,1,APA102-2020
D855,APA102-2020,LED_SMD:LED-APA102-2020,http://www.led-color.com/upload/201604/APA102-2020%20SMD%20LED.pdf,1,APA102-2020
D856,APA102-2020,LED_SMD:LED-APA102-2020,http://www.led-color.com/upload/201604/APA102-2020%20SMD%20LED.pdf,1,APA102-2020
D857,APA102-2020,LED_SMD:LED-APA102-2020,http://www.led-color.com/upload/201604/APA102-2020%20SMD%20LED.pdf,1,APA102-2020
D858,APA102-2020,LED_SMD:LED-APA102-2020,http://www.led-color.com/upload/201604/APA102-2020%20SMD%20LED.pdf,1,APA102-2020
D859,APA102-2020,LED_SMD:LED-APA102-2020,http://www.led-color.com/upload/201604/APA102-2020%20SMD%20LED.pdf,1,APA102-2020
D860,APA102-2020,LED_SMD:LED-APA102-2020,http://www.led-color.com/upload/201604/APA102-2020%20SMD%20LED.pdf,1,APA102-2020
D861,APA102-2020,LED_SMD:LED-APA102-2020,http://www.led-color.com/upload/201604/APA102-2020%20SMD%20LED.pdf,1,APA102-2020
D862,APA102-2020,LED_SMD:LED-APA102-2020,http://www.led-color.com/upload/201604/APA102-2020%20SMD%20LED.pdf,1,APA102-2020
D863,APA102-2020,LED_SMD:LED-APA102-2020,http://www.led-color.com/upload/201604/APA102-2020%20SMD%20LED.pdf,1,APA102-2020
D864,APA102-2020,LED_SMD:LED-APA102-2020,http://www.led-color.com/upload/201604/APA102-2020%20SMD%20LED.pdf,1,APA102-2020
D865,APA102-2020,LED_SMD:LED-APA102-2020,http://www.led-color.com/upload/201604/APA102-2020%20SMD%20LED.pdf,1,APA102-2020
D866,APA102-2020,LED_SMD:LED-APA102-2020,http://www.led-color.com/upload/201604/APA102-2020%20SMD%20LED.pdf,1,APA102-2020
D867,APA102-2020,LED_SMD:LED-APA102-2020,http://www.led-color.com/upload/201604/APA102-2020%20SMD%20LED.pdf,1,APA102-2020
D868,APA102-2020,LED_SMD:LED-APA102-2020,http://www.led-color.com/upload/201604/APA102-2020%20SMD%20LED.pdf,1,APA102-2020
D869,APA102-2020,LED_SMD:LED-APA102-2020,http://www.led-color.com/upload/201604/APA102-2020%20SMD%20LED.pdf,1,APA102-2020
D870,APA102-2020,LED_SMD:LED-APA102-2020,http://www.led-color.com/upload/201604/APA102-2020%20SMD%20LED.pdf,1,APA102-2020
D871,APA102-2020,LED_SMD:LED-APA102-2020,http://www.led-color.com/upload/201604/APA102-2020%20SMD%20LED.pdf,1,APA102-2020
D872,APA102-2020,LED_SMD:LED-APA102-2020,http://www.led-color.com/upload/201604/APA102-2020%20SMD%20LED.pdf,1,APA102-2020
D873,APA102-2020,LED_SMD:LED-APA102-2020,http://www.led-color.com/upload/201604/APA102-2020%20SMD%20LED.pdf,1,APA102-2020
D874,APA102-2020,LED_SMD:LED-APA102-2020,http://www.led-color.com/upload/201604/APA102-2020%20SMD%20LED.pdf,1,APA102-2020
D875,APA102-2020,LED_SMD:LED-APA102-2020,http://www.led-color.com/upload/201604/APA102-2020%20SMD%20LED.pdf,1,APA102-2020
D876,APA102-2020,LED_SMD:LED-APA102-2020,http://www.led-color.com/upload/201604/APA102-2020%20SMD%20LED.pdf,1,APA102-2020
D877,APA102-2020,LED_SMD:LED-APA102-2020,http://www.led-color.com/upload/201604/APA102-2020%20SMD%20LED.pdf,1,APA102-2020
D878,APA102-2020,LED_SMD:LED-APA102-2020,http://www.led-color.com/upload/201604/APA102-2020%20SMD%20LED.pdf,1,APA102-2020
D879,APA102-2020,LED_SMD:LED-APA102-2020,http://www.led-color.com/upload/201604/APA102-2020%20SMD%20LED.pdf,1,APA102-2020
D880,APA102-2020,LED_SMD:LED-APA102-2020,http://www.led-color.com/upload/201604/APA102-2020%20SMD%20LED.pdf,1,APA102-2020
D881,APA102-2020,LED_SMD:LED-APA102-2020,http://www.led-color.com/upload/201604/APA102-2020%20SMD%20LED.pdf,1,APA102-2020
D882,APA102-2020,LED_SMD:LED-APA102-2020,http://www.led-color.com/upload/201604/APA102-2020%20SMD%20LED.pdf,1,APA102-2020
D883,APA102-2020,LED_SMD:LED-APA102-2020,http://www.led-color.com/upload/201604/APA102-2020%20SMD%20LED.pdf,1,APA102-2020
D884,APA102-2020,LED_SMD:LED-APA102-2020,http://www.led-color.com/upload/201604/APA102-2020%20SMD%20LED.pdf,1,APA102-2020
D885,APA102-2020,LED_SMD:LED-APA102-2020,http://www.led-color.com/upload/201604/APA102-2020%20SMD%20LED.pdf,1,APA102-2020
D886,APA102-2020,LED_SMD:LED-APA102-2020,http://www.led-color.com/upload/201604/APA102-2020%20SMD%20LED.pdf,1,APA102-2020
D887,APA102-2020,LED_SMD:LED-APA102-2020,http://www.led-color.com/upload/201604/APA102-2020%20SMD%20LED.pdf,1,APA102-2020
D888,APA102-2020,LED_SMD:LED-APA102-2020,http://www.led-color.com/upload/201604/APA102-2020%20SMD%20LED.pdf,1,APA102-2020
D889,APA102-2020,LED_SMD:LED-APA102-2020,http://www.led-color.com/upload/201604/APA102-2020%20SMD%20LED.pdf,1,APA102-2020
D890,APA102-2020,LED_SMD:LED-APA102-2020,http://www.led-color.com/upload/201604/APA102-2020%20SMD%20LED.pdf,1,APA102-2020
D891,APA102-2020,LED_SMD:LED-APA102-2020,http://www.led-color.com/upload/201604/APA102-2020%20SMD%20LED.pdf,1,APA102-2020
D892,APA102-2020,LED_SMD:LED-APA102-2020,http://www.led-color.com/upload/201604/APA102-2020%20SMD%20LED.pdf,1,APA102-2020
D893,APA102-2020,LED_SMD:LED-APA102-2020,http://www.led-color.com/upload/201604/APA102-2020%20SMD%20LED.pdf,1,APA102-2020
D894,APA102-2020,LED_SMD:LED-APA102-2020,http://www.led-color.com/upload/201604/APA102-2020%20SMD%20LED.pdf,1,APA102-2020
D895,APA102-2020,LED_SMD:LED-APA102-2020,http://www.led-color.com/upload/201604/APA102-2020%20SMD%20LED.pdf,1,APA102-2020
D896,APA102-2020,LED_SMD:LED-APA102-2020,http://www.led-color.com/upload/201604/APA102-2020%20SMD%20LED.pdf,1,APA102-2020
D897,APA102-2020,LED_SMD:LED-APA102-2020,http://www.led-color.com/upload/201604/APA102-2020%20SMD%20LED.pdf,1,APA102-2020
D898,APA102-2020,LED_SMD:LED-APA102-2020,http://www.led-color.com/upload/201604/APA102-2020%20SMD%20LED.pdf,1,APA102-2020
D899,APA102-2020,LED_SMD:LED-APA102-2020,http://www.led-color.com/upload/201604/APA102-2020%20SMD%20LED.pdf,1,APA102-2020
D900,APA102-2020,LED_SMD:LED-APA102-2020,http://www.led-color.com/upload/201604/APA102-2020%20SMD%20LED.pdf,1,APA102-2020
D901,APA102-2020,LED_SMD:LED-APA102-2020,http://www.led-color.com/upload/201604/APA102-2020%20SMD%20LED.pdf,1,APA102-2020
D902,APA102-2020,LED_SMD:LED-APA102-2020,http://www.led-color.com/upload/201604/APA102-2020%20SMD%20LED.pdf,1,APA102-2020
D903,APA102-2020,LED_SMD:LED-APA102-2020,http://www.led-color.com/upload/201604/APA102-2020%20SMD%20LED.pdf,1,APA102-2020
D904,APA102-2020,LED_SMD:LED-APA102-2020,http://www.led-color.com/upload/201604/APA102-2020%20SMD%20LED.pdf,1,APA102-2020
D905,APA102-2020,LED_SMD:LED-APA102-2020,http://www.led-color.com/upload/201604/APA102-2020%20SMD%20LED.pdf,1,APA102-2020
D906,APA102-2020,LED_SMD:LED-APA102-2020,http://www.led-color.com/upload/201604/APA102-2020%20SMD%20LED.pdf,1,APA102-2020
D907,APA102-2020,LED_SMD:LED-APA102-2020,http://www.led-color.com/upload/201604/APA102-2020%20SMD%20LED.pdf,1,APA102-2020
D908,APA102-2020,LED_SMD:LED-APA102-2020,http://www.led-color.com/upload/201604/APA102-2020%20SMD%20LED.pdf,1,APA102-2020
D909,APA102-2020,LED_SMD:LED-APA102-2020,http://www.led-color.com/upload/201604/APA102-2020%20SMD%20LED.pdf,1,APA102-2020
D910,APA102-2020,LED_SMD:LED-APA102-2020,http://www.led-color.com/upload/201604/APA102-2020%20SMD%20LED.pdf,1,APA102-2020
D911,APA102-2020,LED_SMD:LED-APA102-2020,http://www.led-color.com/upload/201604/APA102-2020%20SMD%20LED.pdf,1,APA102-2020
D912,APA102-2020,LED_SMD:LED-APA102-2020,http://www.led-color.com/upload/201604/APA102-2020%20SMD%20LED.pdf,1,APA102-2020
D913,APA102-2020,LED_SMD:LED-APA102-2020,http://www.led-color.com/upload/201604/APA102-2020%20SMD%20LED.pdf,1,APA102-2020
D914,APA102-2020,LED_SMD:LED-APA102-2020,http://www.led-color.com/upload/201604/APA102-2020%20SMD%20LED.pdf,1,APA102-2020
D915,APA102-2020,LED_SMD:LED-APA102-2020,http://www.led-color.com/upload/201604/APA102-2020%20SMD%20LED.pdf,1,APA102-2020
D916,APA102-2020,LED_SMD:LED-APA102-2020,http://www.led-color.com/upload/201604/APA102-2020%20SMD%20LED.pdf,1,APA102-2020
D917,APA102-2020,LED_SMD:LED-APA102-2020,http://www.led-color.com/upload/201604/APA102-2020%20SMD%20LED.pdf,1,APA102-2020
D918,APA102-2020,LED_SMD:LED-APA102-2020,http://www.led-color.com/upload/201604/APA102-2020%20SMD%20LED.pdf,1,APA102-2020
D919,APA102-2020,LED_SMD:LED-APA102-2020,http://www.led-color.com/upload/201604/APA102-2020%20SMD%20LED.pdf,1,APA102-2020
D920,APA102-2020,LED_SMD:LED-APA102-2020,http://www.led-color.com/upload/201604/APA102-2020%20SMD%20LED.pdf,1,APA102-2020
D921,APA102-2020,LED_SMD:LED-APA102-2020,http://www.led-color.com/upload/201604/APA102-2020%20SMD%20LED.pdf,1,APA102-2020
D922,APA102-2020,LED_SMD:LED-APA102-2020,http://www.led-color.com/upload/201604/APA102-2020%20SMD%20LED.pdf,1,APA102-2020
D923,APA102-2020,LED_SMD:LED-APA102-2020,http://www.led-color.com/upload/201604/APA102-2020%20SMD%20LED.pdf,1,APA102-2020
D924,APA102-2020,LED_SMD:LED-APA102-2020,http://www.led-color.com/upload/201604/APA102-2020%20SMD%20LED.pdf,1,APA102-2020
D925,APA102-2020,LED_SMD:LED-APA102-2020,http://www.led-color.com/upload/201604/APA102-2020%20SMD%20LED.pdf,1,APA102-2020
D926,APA102-2020,LED_SMD:LED-APA102-2020,http://www.led-color.com/upload/201604/APA102-2020%20SMD%20LED.pdf,1,APA102-2020
D927,APA102-2020,LED_SMD:LED-APA102-2020,http://www.led-color.com/upload/201604/APA102-2020%20SMD%20LED.pdf,1,APA102-2020
D928,APA102-2020,LED_SMD:LED-APA102-2020,http://www.led-color.com/upload/201604/APA102-2020%20SMD%20LED.pdf,1,APA102-2020
D929,APA102-2020,LED_SMD:LED-APA102-2020,http://www.led-color.com/upload/201604/APA102-2020%20SMD%20LED.pdf,1,APA102-2020
D930,APA102-2020,LED_SMD:LED-APA102-2020,http://www.led-color.com/upload/201604/APA102-2020%20SMD%20LED.pdf,1,APA102-2020
D931,APA102-2020,LED_SMD:LED-APA102-2020,http://www.led-color.com/upload/201604/APA102-2020%20SMD%20LED.pdf,1,APA102-2020
D932,APA102-2020,LED_SMD:LED-APA102-2020,http://www.led-color.com/upload/201604/APA102-2020%20SMD%20LED.pdf,1,APA102-2020
D933,APA102-2020,LED_SMD:LED-APA102-2020,http://www.led-color.com/upload/201604/APA102-2020%20SMD%20LED.pdf,1,APA102-2020
D934,APA102-2020,LED_SMD:LED-APA102-2020,http://www.led-color.com/upload/201604/APA102-2020%20SMD%20LED.pdf,1,APA102-2020
D935,APA102-2020,LED_SMD:LED-APA102-2020,http://www.led-color.com/upload/201604/APA102-2020%20SMD%20LED.pdf,1,APA102-2020
D936,APA102-2020,LED_SMD:LED-APA102-2020,http://www.led-color.com/upload/201604/APA102-2020%20SMD%20LED.pdf,1,APA102-2020
D937,APA102-2020,LED_SMD:LED-APA102-2020,http://www.led-color.com/upload/201604/APA102-2020%20SMD%20LED.pdf,1,APA102-2020
D938,APA102-2020,LED_SMD:LED-APA102-2020,http://www.led-color.com/upload/201604/APA102-2020%20SMD%20LED.pdf,1,APA102-2020
D939,APA102-2020,LED_SMD:LED-APA102-2020,http://www.led-color.com/upload/201604/APA102-2020%20SMD%20LED.pdf,1,APA102-2020
D940,APA102-2020,LED_SMD:LED-APA102-2020,http://www.led-color.com/upload/201604/APA102-2020%20SMD%20LED.pdf,1,APA102-2020
D941,APA102-2020,LED_SMD:LED-APA102-2020,http://www.led-color.com/upload/201604/APA102-2020%20SMD%20LED.pdf,1,APA102-2020
D942,APA102-2020,LED_SMD:LED-APA102-2020,http://www.led-color.com/upload/201604/APA102-2020%20SMD%20LED.pdf,1,APA102-2020
D943,APA102-2020,LED_SMD:LED-APA102-2020,http://www.led-color.com/upload/201604/APA102-2020%20SMD%20LED.pdf,1,APA102-2020
D944,APA102-2020,LED_SMD:LED-APA102-2020,http://www.led-color.com/upload/201604/APA102-2020%20SMD%20LED.pdf,1,APA102-2020
D945,APA102-2020,LED_SMD:LED-APA102-2020,http://www.led-color.com/upload/201604/APA102-2020%20SMD%20LED.pdf,1,APA102-2020
D946,APA102-2020,LED_SMD:LED-APA102-2020,http://www.led-color.com/upload/201604/APA102-2020%20SMD%20LED.pdf,1,APA102-2020
D947,APA102-2020,LED_SMD:LED-APA102-2020,http://www.led-color.com/upload/201604/APA102-2020%20SMD%20LED.pdf,1,APA102-2020
D948,APA102-2020,LED_SMD:LED-APA102-2020,http://www.led-color.com/upload/201604/APA102-2020%20SMD%20LED.pdf,1,APA102-2020
D949,APA102-2020,LED_SMD:LED-APA102-2020,http://www.led-color.com/upload/201604/APA102-2020%20SMD%20LED.pdf,1,APA102-2020
D950,APA102-2020,LED_SMD:LED-APA102-2020,http://www.led-color.com/upload/201604/APA102-2020%20SMD%20LED.pdf,1,APA102-2020
D951,APA102-2020,LED_SMD:LED-APA102-2020,http://www.led-color.com/upload/201604/APA102-2020%20SMD%20LED.pdf,1,APA102-2020
D952,APA102-2020,LED_SMD:LED-APA102-2020,http://www.led-color.com/upload/201604/APA102-2020%20SMD%20LED.pdf,1,APA102-2020
D953,APA102-2020,LED_SMD:LED-APA102-2020,http://www.led-color.com/upload/201604/APA102-2020%20SMD%20LED.pdf,1,APA102-2020
D954,APA102-2020,LED_SMD:LED-APA102-2020,http://www.led-color.com/upload/201604/APA102-2020%20SMD%20LED.pdf,1,APA102-2020
D955,APA102-2020,LED_SMD:LED-APA102-2020,http://www.led-color.com/upload/201604/APA102-2020%20SMD%20LED.pdf,1,APA102-2020
D956,APA102-2020,LED_SMD:LED-APA102-2020,http://www.led-color.com/upload/201604/APA102-2020%20SMD%20LED.pdf,1,APA102-2020
D957,APA102-2020,LED_SMD:LED-APA102-2020,http://www.led-color.com/upload/201604/APA102-2020%20SMD%20LED.pdf,1,APA102-2020
D958,APA102-2020,LED_SMD:LED-APA102-2020,http://www.led-color.com/upload/201604/APA102-2020%20SMD%20LED.pdf,1,APA102-2020
D959,APA102-2020,LED_SMD:LED-APA102-2020,http://www.led-color.com/upload/201604/APA102-2020%20SMD%20LED.pdf,1,APA102-2020
D960,APA102-2020,LED_SMD:LED-APA102-2020,http://www.led-color.com/upload/201604/APA102-2020%20SMD%20LED.pdf,1,APA102-2020
D961,APA102-2020,LED_SMD:LED-APA102-2020,http://www.led-color.com/upload/201604/APA102-2020%20SMD%20LED.pdf,1,APA102-2020
D962,APA102-2020,LED_SMD:LED-APA102-2020,http://www.led-color.com/upload/201604/APA102-2020%20SMD%20LED.pdf,1,APA102-2020
D963,APA102-2020,LED_SMD:LED-APA102-2020,http://www.led-color.com/upload/201604/APA102-2020%20SMD%20LED.pdf,1,APA102-2020
D964,APA102-2020,LED_SMD:LED-APA102-2020,http://www.led-color.com/upload/201604/APA102-2020%20SMD%20LED.pdf,1,APA102-2020
D965,APA102-2020,LED_SMD:LED-APA102-2020,http://www.led-color.com/upload/201604/APA102-2020%20SMD%20LED.pdf,1,APA102-2020
D966,APA102-2020,LED_SMD:LED-APA102-2020,http://www.led-color.com/upload/201604/APA102-2020%20SMD%20LED.pdf,1,APA102-2020
D967,APA102-2020,LED_SMD:LED-APA102-2020,http://www.led-color.com/upload/201604/APA102-2020%20SMD%20LED.pdf,1,APA102-2020
D968,APA102-2020,LED_SMD:LED-APA102-2020,http://www.led-color.com/upload/201604/APA102-2020%20SMD%20LED.pdf,1,APA102-2020
D969,APA102-2020,LED_SMD:LED-APA102-2020,http://www.led-color.com/upload/201604/APA102-2020%20SMD%20LED.pdf,1,APA102-2020
D970,APA102-2020,LED_SMD:LED-APA102-2020,http://www.led-color.com/upload/201604/APA102-2020%20SMD%20LED.pdf,1,APA102-2020
D971,APA102-2020,LED_SMD:LED-APA102-2020,http://www.led-color.com/upload/201604/APA102-2020%20SMD%20LED.pdf,1,APA102-2020
D972,APA102-2020,LED_SMD:LED-APA102-2020,http://www.led-color.com/upload/201604/APA102-2020%20SMD%20LED.pdf,1,APA102-2020
D973,APA102-2020,LED_SMD:LED-APA102-2020,http://www.led-color.com/upload/201604/APA102-2020%20SMD%20LED.pdf,1,APA102-2020
D974,APA102-2020,LED_SMD:LED-APA102-2020,http://www.led-color.com/upload/201604/APA102-2020%20SMD%20LED.pdf,1,APA102-2020
D975,APA102-2020,LED_SMD:LED-APA102-2020,http://www.led-color.com/upload/201604/APA102-2020%20SMD%20LED.pdf,1,APA102-2020
D976,APA102-2020,LED_SMD:LED-APA102-2020,http://www.led-color.com/upload/201604/APA102-2020%20SMD%20LED.pdf,1,APA102-2020
D977,APA102-2020,LED_SMD:LED-APA102-2020,http://www.led-color.com/upload/201604/APA102-2020%20SMD%20LED.pdf,1,APA102-2020
D978,APA102-2020,LED_SMD:LED-APA102-2020,http://www.led-color.com/upload/201604/APA102-2020%20SMD%20LED.pdf,1,APA102-2020
D979,APA102-2020,LED_SMD:LED-APA102-2020,http://www.led-color.com/upload/201604/APA102-2020%20SMD%20LED.pdf,1,APA102-2020
D980,APA102-2020,LED_SMD:LED-APA102-2020,http://www.led-color.com/upload/201604/APA102-2020%20SMD%20LED.pdf,1,APA102-2020
D981,APA102-2020,LED_SMD:LED-APA102-2020,http://www.led-color.com/upload/201604/APA102-2020%20SMD%20LED.pdf,1,APA102-2020
D982,APA102-2020,LED_SMD:LED-APA102-2020,http://www.led-color.com/upload/201604/APA102-2020%20SMD%20LED.pdf,1,APA102-2020
D983,APA102-2020,LED_SMD:LED-APA102-2020,http://www.led-color.com/upload/201604/APA102-2020%20SMD%20LED.pdf,1,APA102-2020
D984,APA102-2020,LED_SMD:LED-APA102-2020,http://www.led-color.com/upload/201604/APA102-2020%20SMD%20LED.pdf,1,APA102-2020
D985,APA102-2020,LED_SMD:LED-APA102-2020,http://www.led-color.com/upload/201604/APA102-2020%20SMD%20LED.pdf,1,APA102-2020
D986,APA102-2020,LED_SMD:LED-APA102-2020,http://www.led-color.com/upload/201604/APA102-2020%20SMD%20LED.pdf,1,APA102-2020
D987,APA102-2020,LED_SMD:LED-APA102-2020,http://www.led-color.com/upload/201604/APA102-2020%20SMD%20LED.pdf,1,APA102-2020
D988,APA102-2020,LED_SMD:LED-APA102-2020,http://www.led-color.com/upload/201604/APA102-2020%20SMD%20LED.pdf,1,APA102-2020
D989,APA102-2020,LED_SMD:LED-APA102-2020,http://www.led-color.com/upload/201604/APA102-2020%20SMD%20LED.pdf,1,APA102-2020
D990,APA102-2020,LED_SMD:LED-APA102-2020,http://www.led-color.com/upload/201604/APA102-2020%20SMD%20LED.pdf,1,APA102-2020
D991,APA102-2020,LED_SMD:LED-APA102-2020,http://www.led-color.com/upload/201604/APA102-2020%20SMD%20LED.pdf,1,APA102-2020
D992,APA102-2020,LED_SMD:LED-APA102-2020,http://www.led-color.com/upload/201604/APA102-2020%20SMD%20LED.pdf,1,APA102-2020
D993,APA102-2020,LED_SMD:LED-APA102-2020,http://www.led-color.com/upload/201604/APA102-2020%20SMD%20LED.pdf,1,APA102-2020
D994,APA102-2020,LED_SMD:LED-APA102-2020,http://www.led-color.com/upload/201604/APA102-2020%20SMD%20LED.pdf,1,APA102-2020
D995,APA102-2020,LED_SMD:LED-APA102-2020,http://www.led-color.com/upload/201604/APA102-2020%20SMD%20LED.pdf,1,APA102-2020
D996,APA102-2020,LED_SMD:LED-APA102-2020,http://www.led-color.com/upload/201604/APA102-2020%20SMD%20LED.pdf,1,APA102-2020
D997,APA102-2020,LED_SMD:LED-APA102-2020,http://www.led-color.com/upload/201604/APA102-2020%20SMD%20LED.pdf,1,APA102-2020
D998,APA102-2020,LED_SMD:LED-APA102-2020,http://www.led-color.com/upload/201604/APA102-2020%20SMD%20LED.pdf,1,APA102-2020
D999,APA102-2020,LED_SMD:LED-APA102-2020,http://www.led-color.com/upload/201604/APA102-2020%20SMD%20LED.pdf,1,APA102-2020
D1000,APA102-2020,LED_SMD:LED-APA102-2020,http://www.led-color.com/upload/201604/APA102-2020%20SMD%20LED.pdf,1,APA102-2020
D1001,APA102-2020,LED_SMD:LED-APA102-2020,http://www.led-color.com/upload/201604/APA102-2020%20SMD%20LED.pdf,1,APA102-2020
D1002,APA102-2020,LED_SMD:LED-APA102-2020,http://www.led-color.com/upload/201604/APA102-2020%20SMD%20LED.pdf,1,APA102-2020
D1003,APA102-2020,LED_SMD:LED-APA102-2020,http://www.led-color.com/upload/201604/APA102-2020%20SMD%20LED.pdf,1,APA102-2020
D1004,APA102-2020,LED_SMD:LED-APA102-2020,http://www.led-color.com/upload/201604/APA102-2020%20SMD%20LED.pdf,1,APA102-2020
D1005,APA102-2020,LED_SMD:LED-APA102-2020,http://www.led-color.com/upload/201604/APA102-2020%20SMD%20LED.pdf,1,APA102-2020
D1006,APA102-2020,LED_SMD:LED-APA102-2020,http://www.led-color.com/upload/201604/APA102-2020%20SMD%20LED.pdf,1,APA102-2020
D1007,APA102-2020,LED_SMD:LED-APA102-2020,http://www.led-color.com/upload/201604/APA102-2020%20SMD%20LED.pdf,1,APA102-2020
D1008,APA102-2020,LED_SMD:LED-APA102-2020,http://www.led-color.com/upload/201604/APA102-2020%20SMD%20LED.pdf,1,APA102-2020
D1009,APA102-2020,LED_SMD:LED-APA102-2020,http://www.led-color.com/upload/201604/APA102-2020%20SMD%20LED.pdf,1,APA102-2020
D1010,APA102-2020,LED_SMD:LED-APA102-2020,http://www.led-color.com/upload/201604/APA102-2020%20SMD%20LED.pdf,1,APA102-2020
D1011,APA102-2020,LED_SMD:LED-APA102-2020,http://www.led-color.com/upload/201604/APA102-2020%20SMD%20LED.pdf,1,APA102-2020
D1012,APA102-2020,LED_SMD:LED-APA102-2020,http://www.led-color.com/upload/201604/APA102-2020%20SMD%20LED.pdf,1,APA102-2020
D1013,APA102-2020,LED_SMD:LED-APA102-2020,http://www.led-color.com/upload/201604/APA102-2020%20SMD%20LED.pdf,1,APA102-2020
D1014,APA102-2020,LED_SMD:LED-APA102-2020,http://www.led-color.com/upload/201604/APA102-2020%20SMD%20LED.pdf,1,APA102-2020
D1015,APA102-2020,LED_SMD:LED-APA102-2020,http://www.led-color.com/upload/201604/APA102-2020%20SMD%20LED.pdf,1,APA102-2020
D1016,APA102-2020,LED_SMD:LED-APA102-2020,http://www.led-color.com/upload/201604/APA102-2020%20SMD%20LED.pdf,1,APA102-2020
D1017,APA102-2020,LED_SMD:LED-APA102-2020,http://www.led-color.com/upload/201604/APA102-2020%20SMD%20LED.pdf,1,APA102-2020
D1018,APA102-2020,LED_SMD:LED-APA102-2020,http://www.led-color.com/upload/201604/APA102-2020%20SMD%20LED.pdf,1,APA102-2020
D1019,APA102-2020,LED_SMD:LED-APA102-2020,http://www.led-color.com/upload/201604/APA102-2020%20SMD%20LED.pdf,1,APA102-2020
D1020,APA102-2020,LED_SMD:LED-APA102-2020,http://www.led-color.com/upload/201604/APA102-2020%20SMD%20LED.pdf,1,APA102-2020
D1021,APA102-2020,LED_SMD:LED-APA102-2020,http://www.led-color.com/upload/201604/APA102-2020%20SMD%20LED.pdf,1,APA102-2020
D1022,APA102-2020,LED_SMD:LED-APA102-2020,http://www.led-color.com/upload/201604/APA102-2020%20SMD%20LED.pdf,1,APA102-2020
D1023,APA102-2020,LED_SMD:LED-APA102-2020,http://www.led-color.com/upload/201604/APA102-2020%20SMD%20LED.pdf,1,APA102-2020
D1024,APA102-2020,LED_SMD:LED-APA102-2020,http://www.led-color.com/upload/201604/APA102-2020%20SMD%20LED.pdf,1,APA102-2020
D1025,APA102-2020,LED_SMD:LED-APA102-2020,http://www.led-color.com/upload/201604/APA102-2020%20SMD%20LED.pdf,1,APA102-2020
D1026,APA102-2020,LED_SMD:LED-APA102-2020,http://www.led-color.com/upload/201604/APA102-2020%20SMD%20LED.pdf,1,APA102-2020
D1027,APA102-2020,LED_SMD:LED-APA102-2020,http://www.led-color.com/upload/201604/APA102-2020%20SMD%20LED.pdf,1,APA102-2020
D1028,APA102-2020,LED_SMD:LED-APA102-2020,http://www.led-color.com/upload/201604/APA102-2020%20SMD%20LED.pdf,1,APA102-2020
D1029,APA102-2020,LED_SMD:LED-APA102-2020,http://www.led-color.com/upload/201604/APA102-2020%20SMD%20LED.pdf,1,APA102-2020
D1030,APA102-2020,LED_SMD:LED-APA102-2020,http://www.led-color.com/upload/201604/APA102-2020%20SMD%20LED.pdf,1,APA102-2020
D1031,APA102-2020,LED_SMD:LED-APA102-2020,http://www.led-color.com/upload/201604/APA102-2020%20SMD%20LED.pdf,1,APA102-2020
D1032,APA102-2020,LED_SMD:LED-APA102-2020,http://www.led-color.com/upload/201604/APA102-2020%20SMD%20LED.pdf,1,APA102-2020
D1033,APA102-2020,LED_SMD:LED-APA102-2020,http://www.led-color.com/upload/201604/APA102-2020%20SMD%20LED.pdf,1,APA102-2020
D1034,APA102-2020,LED_SMD:LED-APA102-2020,http://www.led-color.com/upload/201604/APA102-2020%20SMD%20LED.pdf,1,APA102-2020
D1035,APA102-2020,LED_SMD:LED-APA102-2020,http://www.led-color.com/upload/201604/APA102-2020%20SMD%20LED.pdf,1,APA102-2020
D1036,APA102-2020,LED_SMD:LED-APA102-2020,http://www.led-color.com/upload/201604/APA102-2020%20SMD%20LED.pdf,1,APA102-2020
D1037,APA102-2020,LED_SMD:LED-APA102-2020,http://www.led-color.com/upload/201604/APA102-2020%20SMD%20LED.pdf,1,APA102-2020
D1038,APA102-2020,LED_SMD:LED-APA102-2020,http://www.led-color.com/upload/201604/APA102-2020%20SMD%20LED.pdf,1,APA102-2020
D1039,APA102-2020,LED_SMD:LED-APA102-2020,http://www.led-color.com/upload/201604/APA102-2020%20SMD%20LED.pdf,1,APA102-2020
D1040,APA102-2020,LED_SMD:LED-APA102-2020,http://www.led-color.com/upload/201604/APA102-2020%20SMD%20LED.pdf,1,APA102-2020
D1041,APA102-2020,LED_SMD:LED-APA102-2020,http://www.led-color.com/upload/201604/APA102-2020%20SMD%20LED.pdf,1,APA102-2020
D1042,APA102-2020,LED_SMD:LED-APA102-2020,http://www.led-color.com/upload/201604/APA102-2020%20SMD%20LED.pdf,1,APA102-2020
D1043,APA102-2020,LED_SMD:LED-APA102-2020,http://www.led-color.com/upload/201604/APA102-2020%20SMD%20LED.pdf,1,APA102-2020
D1044,APA102-2020,LED_SMD:LED-APA102-2020,http://www.led-color.com/upload/201604/APA102-2020%20SMD%20LED.pdf,1,APA102-2020
D1045,APA102-2020,LED_SMD:LED-APA102-2020,http://www.led-color.com/upload/201604/APA102-2020%20SMD%20LED.pdf,1,APA102-2020
D1046,APA102-2020,LED_SMD:LED-APA102-2020,http://www.led-color.com/upload/201604/APA102-2020%20SMD%20LED.pdf,1,APA102-2020
D1047,APA102-2020,LED_SMD:LED-APA102-2020,http://www.led-color.com/upload/201604/APA102-2020%20SMD%20LED.pdf,1,APA102-2020
D1048,APA102-2020,LED_SMD:LED-APA102-2020,http://www.led-color.com/upload/201604/APA102-2020%20SMD%20LED.pdf,1,APA102-2020
D1049,APA102-2020,LED_SMD:LED-APA102-2020,http://www.led-color.com/upload/201604/APA102-2020%20SMD%20LED.pdf,1,APA102-2020
D1050,APA102-2020,LED_SMD:LED-APA102-2020,http://www.led-color.com/upload/201604/APA102-2020%20SMD%20LED.pdf,1,APA102-2020
D1051,APA102-2020,LED_SMD:LED-APA102-2020,http://www.led-color.com/upload/201604/APA102-2020%20SMD%20LED.pdf,1,APA102-2020
D1052,APA102-2020,LED_SMD:LED-APA102-2020,http://www.led-color.com/upload/201604/APA102-2020%20SMD%20LED.pdf,1,APA102-2020
D1053,APA102-2020,LED_SMD:LED-APA102-2020,http://www.led-color.com/upload/201604/APA102-2020%20SMD%20LED.pdf,1,APA102-2020
D1054,APA102-2020,LED_SMD:LED-APA102-2020,http://www.led-color.com/upload/201604/APA102-2020%20SMD%20LED.pdf,1,APA102-2020
D1055,APA102-2020,LED_SMD:LED-APA102-2020,http://www.led-color.com/upload/201604/APA102-2020%20SMD%20LED.pdf,1,APA102-2020
D1056,APA102-2020,LED_SMD:LED-APA102-2020,http://www.led-color.com/upload/201604/APA102-2020%20SMD%20LED.pdf,1,APA102-2020
D1057,APA102-2020,LED_SMD:LED-APA102-2020,http://www.led-color.com/upload/201604/APA102-2020%20SMD%20LED.pdf,1,APA102-2020
D1058,APA102-2020,LED_SMD:LED-APA102-2020,http://www.led-color.com/upload/201604/APA102-2020%20SMD%20LED.pdf,1,APA102-2020
D1059,APA102-2020,LED_SMD:LED-APA102-2020,http://www.led-color.com/upload/201604/APA102-2020%20SMD%20LED.pdf,1,APA102-2020
D1060,APA102-2020,LED_SMD:LED-APA102-2020,http://www.led-color.com/upload/201604/APA102-2020%20SMD%20LED.pdf,1,APA102-2020
D1061,APA102-2020,LED_SMD:LED-APA102-2020,http://www.led-color.com/upload/201604/APA102-2020%20SMD%20LED.pdf,1,APA102-2020
D1062,APA102-2020,LED_SMD:LED-APA102-2020,http://www.led-color.com/upload/201604/APA102-2020%20SMD%20LED.pdf,1,APA102-2020
D1063,APA102-2020,LED_SMD:LED-APA102-2020,http://www.led-color.com/upload/201604/APA102-2020%20SMD%20LED.pdf,1,APA102-2020
D1064,APA102-2020,LED_SMD:LED-APA102-2020,http://www.led-color.com/upload/201604/APA102-2020%20SMD%20LED.pdf,1,APA102-2020
D1065,APA102-2020,LED_SMD:LED-APA102-2020,http://www.led-color.com/upload/201604/APA102-2020%20SMD%20LED.pdf,1,APA102-2020
D1066,APA102-2020,LED_SMD:LED-APA102-2020,http://www.led-color.com/upload/201604/APA102-2020%20SMD%20LED.pdf,1,APA102-2020
D1067,APA102-2020,LED_SMD:LED-APA102-2020,http://www.led-color.com/upload/201604/APA102-2020%20SMD%20LED.pdf,1,APA102-2020
D1068,APA102-2020,LED_SMD:LED-APA102-2020,http://www.led-color.com/upload/201604/APA102-2020%20SMD%20LED.pdf,1,APA102-2020
D1069,APA102-2020,LED_SMD:LED-APA102-2020,http://www.led-color.com/upload/201604/APA102-2020%20SMD%20LED.pdf,1,APA102-2020
D1070,APA102-2020,LED_SMD:LED-APA102-2020,http://www.led-color.com/upload/201604/APA102-2020%20SMD%20LED.pdf,1,APA102-2020
D1071,APA102-2020,LED_SMD:LED-APA102-2020,http://www.led-color.com/upload/201604/APA102-2020%20SMD%20LED.pdf,1,APA102-2020
D1072,APA102-2020,LED_SMD:LED-APA102-2020,http://www.led-color.com/upload/201604/APA102-2020%20SMD%20LED.pdf,1,APA102-2020
D1073,APA102-2020,LED_SMD:LED-APA102-2020,http://www.led-color.com/upload/201604/APA102-2020%20SMD%20LED.pdf,1,APA102-2020
D1074,APA102-2020,LED_SMD:LED-APA102-2020,http://www.led-color.com/upload/201604/APA102-2020%20SMD%20LED.pdf,1,APA102-2020
D1075,APA102-2020,LED_SMD:LED-APA102-2020,http://www.led-color.com/upload/201604/APA102-2020%20SMD%20LED.pdf,1,APA102-2020
D1076,APA102-2020,LED_SMD:LED-APA102-2020,http://www.led-color.com/upload/201604/APA102-2020%20SMD%20LED.pdf,1,APA102-2020
D1077,APA102-2020,LED_SMD:LED-APA102-2020,http://www.led-color.com/upload/201604/APA102-2020%20SMD%20LED.pdf,1,APA102-2020
D1078,APA102-2020,LED_SMD:LED-APA102-2020,http://www.led-color.com/upload/201604/APA102-2020%20SMD%20LED.pdf,1,APA102-2020
D1079,APA102-2020,LED_SMD:LED-APA102-2020,http://www.led-color.com/upload/201604/APA102-2020%20SMD%20LED.pdf,1,APA102-2020
D1080,APA102-2020,LED_SMD:LED-APA102-2020,http://www.led-color.com/upload/201604/APA102-2020%20SMD%20LED.pdf,1,APA102-2020
D1081,APA102-2020,LED_SMD:LED-APA102-2020,http://www.led-color.com/upload/201604/APA102-2020%20SMD%20LED.pdf,1,APA102-2020
D1082,APA102-2020,LED_SMD:LED-APA102-2020,http://www.led-color.com/upload/201604/APA102-2020%20SMD%20LED.pdf,1,APA102-2020
D1083,APA102-2020,LED_SMD:LED-APA102-2020,http://www.led-color.com/upload/201604/APA102-2020%20SMD%20LED.pdf,1,APA102-2020
D1084,APA102-2020,LED_SMD:LED-APA102-2020,http://www.led-color.com/upload/201604/APA102-2020%20SMD%20LED.pdf,1,APA102-2020
D1085,APA102-2020,LED_SMD:LED-APA102-2020,http://www.led-color.com/upload/201604/APA102-2020%20SMD%20LED.pdf,1,APA102-2020
D1086,APA102-2020,LED_SMD:LED-APA102-2020,http://www.led-color.com/upload/201604/APA102-2020%20SMD%20LED.pdf,1,APA102-2020
D1087,APA102-2020,LED_SMD:LED-APA102-2020,http://www.led-color.com/upload/201604/APA102-2020%20SMD%20LED.pdf,1,APA102-2020
D1088,APA102-2020,LED_SMD:LED-APA102-2020,http://www.led-color.com/upload/201604/APA102-2020%20SMD%20LED.pdf,1,APA102-2020
D1089,APA102-2020,LED_SMD:LED-APA102-2020,http://www.led-color.com/upload/201604/APA102-2020%20SMD%20LED.pdf,1,APA102-2020
D1090,APA102-2020,LED_SMD:LED-APA102-2020,http://www.led-color.com/upload/201604/APA102-2020%20SMD%20LED.pdf,1,APA102-2020
D1091,APA102-2020,LED_SMD:LED-APA102-2020,http://www.led-color.com/upload/201604/APA102-2020%20SMD%20LED.pdf,1,APA102-2020
D1092,APA102-2020,LED_SMD:LED-APA102-2020,http://www.led-color.com/upload/201604/APA102-2020%20SMD%20LED.pdf,1,APA102-2020
D1093,APA102-2020,LED_SMD:LED-APA102-2020,http://www.led-color.com/upload/201604/APA102-2020%20SMD%20LED.pdf,1,APA102-2020
D1094,APA102-2020,LED_SMD:LED-APA102-2020,http://www.led-color.com/upload/201604/APA102-2020%20SMD%20LED.pdf,1,APA102-2020
D1095,APA102-2020,LED_SMD:LED-APA102-2020,http://www.led-color.com/upload/201604/APA102-2020%20SMD%20LED.pdf,1,APA102-2020
D1096,APA102-2020,LED_SMD:LED-APA102-2020,http://www.led-color.com/upload/201604/APA102-2020%20SMD%20LED.pdf,1,APA102-2020
D1097,APA102-2020,LED_SMD:LED-APA102-2020,http://www.led-color.com/upload/201604/APA102-2020%20SMD%20LED.pdf,1,APA102-2020
D1098,APA102-2020,LED_SMD:LED-APA102-2020,http://www.led-color.com/upload/201604/APA102-2020%20SMD%20LED.pdf,1,APA102-2020
D1099,APA102-2020,LED_SMD:LED-APA102-2020,http://www.led-color.com/upload/201604/APA102-2020%20SMD%20LED.pdf,1,APA102-2020
D1100,APA102-2020,LED_SMD:LED-APA102-2020,http://www.led-color.com/upload/201604/APA102-2020%20SMD%20LED.pdf,1,APA102-2020
D1101,APA102-2020,LED_SMD:LED-APA102-2020,http://www.led-color.com/upload/201604/APA102-2020%20SMD%20LED.pdf,1,APA102-2020
D1102,APA102-2020,LED_SMD:LED-APA102-2020,http://www.led-color.com/upload/201604/APA102-2020%20SMD%20LED.pdf,1,APA102-2020
D1103,APA102-2020,LED_SMD:LED-APA102-2020,http://www.led-color.com/upload/201604/APA102-2020%20SMD%20LED.pdf,1,APA102-2020
D1104,APA102-2020,LED_SMD:LED-APA102-2020,http://www.led-color.com/upload/201604/APA102-2020%20SMD%20LED.pdf,1,APA102-2020
D1105,APA102-2020,LED_SMD:LED-APA102-2020,http://www.led-color.com/upload/201604/APA102-2020%20SMD%20LED.pdf,1,APA102-2020
D1106,APA102-2020,LED_SMD:LED-APA102-2020,http://www.led-color.com/upload/201604/APA102-2020%20SMD%20LED.pdf,1,APA102-2020
D1107,APA102-2020,LED_SMD:LED-APA102-2020,http://www.led-color.com/upload/201604/APA102-2020%20SMD%20LED.pdf,1,APA102-2020
D1108,APA102-2020,LED_SMD:LED-APA102-2020,http://www.led-color.com/upload/201604/APA102-2020%20SMD%20LED.pdf,1,APA102-2020
D1109,APA102-2020,LED_SMD:LED-APA102-2020,http://www.led-color.com/upload/201604/APA102-2020%20SMD%20LED.pdf,1,APA102-2020
D1110,APA102-2020,LED_SMD:LED-APA102-2020,http://www.led-color.com/upload/201604/APA102-2020%20SMD%20LED.pdf,1,APA102-2020
D1111,APA102-2020,LED_SMD:LED-APA102-2020,http://www.led-color.com/upload/201604/APA102-2020%20SMD%20LED.pdf,1,APA102-2020
D1112,APA102-2020,LED_SMD:LED-APA102-2020,http://www.led-color.com/upload/201604/APA102-2020%20SMD%20LED.pdf,1,APA102-2020
D1113,APA102-2020,LED_SMD:LED-APA102-2020,http://www.led-color.com/upload/201604/APA102-2020%20SMD%20LED.pdf,1,APA102-2020
D1114,APA102-2020,LED_SMD:LED-APA102-2020,http://www.led-color.com/upload/201604/APA102-2020%20SMD%20LED.pdf,1,APA102-2020
D1115,APA102-2020,LED_SMD:LED-APA102-2020,http://www.led-color.com/upload/201604/APA102-2020%20SMD%20LED.pdf,1,APA102-2020
D1116,APA102-2020,LED_SMD:LED-APA102-2020,http://www.led-color.com/upload/201604/APA102-2020%20SMD%20LED.pdf,1,APA102-2020
D1117,APA102-2020,LED_SMD:LED-APA102-2020,http://www.led-color.com/upload/201604/APA102-2020%20SMD%20LED.pdf,1,APA102-2020
D1118,APA102-2020,LED_SMD:LED-APA102-2020,http://www.led-color.com/upload/201604/APA102-2020%20SMD%20LED.pdf,1,APA102-2020
D1119,APA102-2020,LED_SMD:LED-APA102-2020,http://www.led-color.com/upload/201604/APA102-2020%20SMD%20LED.pdf,1,APA102-2020
D1120,APA102-2020,LED_SMD:LED-APA102-2020,http://www.led-color.com/upload/201604/APA102-2020%20SMD%20LED.pdf,1,APA102-2020
D1121,APA102-2020,LED_SMD:LED-APA102-2020,http://www.led-color.com/upload/201604/APA102-2020%20SMD%20LED.pdf,1,APA102-2020
D1122,APA102-2020,LED_SMD:LED-APA102-2020,http://www.led-color.com/upload/201604/APA102-2020%20SMD%20LED.pdf,1,APA102-2020
D1123,APA102-2020,LED_SMD:LED-APA102-2020,http://www.led-color.com/upload/201604/APA102-2020%20SMD%20LED.pdf,1,APA102-2020
D1124,APA102-2020,LED_SMD:LED-APA102-2020,http://www.led-color.com/upload/201604/APA102-2020%20SMD%20LED.pdf,1,APA102-2020
D1125,APA102-2020,LED_SMD:LED-APA102-2020,http://www.led-color.com/upload/201604/APA102-2020%20SMD%20LED.pdf,1,APA102-2020
D1126,APA102-2020,LED_SMD:LED-APA102-2020,http://www.led-color.com/upload/201604/APA102-2020%20SMD%20LED.pdf,1,APA102-2020
D1127,APA102-2020,LED_SMD:LED-APA102-2020,http://www.led-color.com/upload/201604/APA102-2020%20SMD%20LED.pdf,1,APA102-2020
D1128,APA102-2020,LED_SMD:LED-APA102-2020,http://www.led-color.com/upload/201604/APA102-2020%20SMD%20LED.pdf,1,APA102-2020
D1129,APA102-2020,LED_SMD:LED-APA102-2020,http://www.led-color.com/upload/201604/APA102-2020%20SMD%20LED.pdf,1,APA102-2020
D1130,APA102-2020,LED_SMD:LED-APA102-2020,http://www.led-color.com/upload/201604/APA102-2020%20SMD%20LED.pdf,1,APA102-2020
D1131,APA102-2020,LED_SMD:LED-APA102-2020,http://www.led-color.com/upload/201604/APA102-2020%20SMD%20LED.pdf,1,APA102-2020
D1132,APA102-2020,LED_SMD:LED-APA102-2020,http://www.led-color.com/upload/201604/APA102-2020%20SMD%20LED.pdf,1,APA102-2020
D1133,APA102-2020,LED_SMD:LED-APA102-2020,http://www.led-color.com/upload/201604/APA102-2020%20SMD%20LED.pdf,1,APA102-2020
D1134,APA102-2020,LED_SMD:LED-APA102-2020,http://www.led-color.com/upload/201604/APA102-2020%20SMD%20LED.pdf,1,APA102-2020
D1135,APA102-2020,LED_SMD:LED-APA102-2020,http://www.led-color.com/upload/201604/APA102-2020%20SMD%20LED.pdf,1,APA102-2020
D1136,APA102-2020,LED_SMD:LED-APA102-2020,http://www.led-color.com/upload/201604/APA102-2020%20SMD%20LED.pdf,1,APA102-2020
D1137,APA102-2020,LED_SMD:LED-APA102-2020,http://www.led-color.com/upload/201604/APA102-2020%20SMD%20LED.pdf,1,APA102-2020
D1138,APA102-2020,LED_SMD:LED-APA102-2020,http://www.led-color.com/upload/201604/APA102-2020%20SMD%20LED.pdf,1,APA102-2020
D1139,APA102-2020,LED_SMD:LED-APA102-2020,http://www.led-color.com/upload/201604/APA102-2020%20SMD%20LED.pdf,1,APA102-2020
D1140,APA102-2020,LED_SMD:LED-APA102-2020,http://www.led-color.com/upload/201604/APA102-2020%20SMD%20LED.pdf,1,APA102-2020
D1141,APA102-2020,LED_SMD:LED-APA102-2020,http://www.led-color.com/upload/201604/APA102-2020%20SMD%20LED.pdf,1,APA102-2020
D1142,APA102-2020,LED_SMD:LED-APA102-2020,http://www.led-color.com/upload/201604/APA102-2020%20SMD%20LED.pdf,1,APA102-2020
D1143,APA102-2020,LED_SMD:LED-APA102-2020,http://www.led-color.com/upload/201604/APA102-2020%20SMD%20LED.pdf,1,APA102-2020
D1144,APA102-2020,LED_SMD:LED-APA102-2020,http://www.led-color.com/upload/201604/APA102-2020%20SMD%20LED.pdf,1,APA102-2020
D1145,APA102-2020,LED_SMD:LED-APA102-2020,http://www.led-color.com/upload/201604/APA102-2020%20SMD%20LED.pdf,1,APA102-2020
D1146,APA102-2020,LED_SMD:LED-APA102-2020,http://www.led-color.com/upload/201604/APA102-2020%20SMD%20LED.pdf,1,APA102-2020
D1147,APA102-2020,LED_SMD:LED-APA102-2020,http://www.led-color.com/upload/201604/APA102-2020%20SMD%20LED.pdf,1,APA102-2020
D1148,APA102-2020,LED_SMD:LED-APA102-2020,http://www.led-color.com/upload/201604/APA102-2020%20SMD%20LED.pdf,1,APA102-2020
D1149,APA102-2020,LED_SMD:LED-APA102-2020,http://www.led-color.com/upload/201604/APA102-2020%20SMD%20LED.pdf,1,APA102-2020
D1150,APA102-2020,LED_SMD:LED-APA102-2020,http://www.led-color.com/upload/201604/APA102-2020%20SMD%20LED.pdf,1,APA102-2020
D1151,APA102-2020,LED_SMD:LED-APA102-2020,http://www.led-color.com/upload/201604/APA102-2020%20SMD%20LED.pdf,1,APA102-2020
D1152,APA102-2020,LED_SMD:LED-APA102-2020,http://www.led-color.com/upload/201604/APA102-2020%20SMD%20LED.pdf,1,APA102-2020
D1153,APA102-2020,LED_SMD:LED-APA102-2020,http://www.led-color.com/upload/201604/APA102-2020%20SMD%20LED.pdf,1,APA102-2020
D1154,APA102-2020,LED_SMD:LED-APA102-2020,http://www.led-color.com/upload/201604/APA102-2020%20SMD%20LED.pdf,1,APA102-2020
D1155,APA102-2020,LED_SMD:LED-APA102-2020,http://www.led-color.com/upload/201604/APA102-2020%20SMD%20LED.pdf,1,APA102-2020
D1156,APA102-2020,LED_SMD:LED-APA102-2020,http://www.led-color.com/upload/201604/APA102-2020%20SMD%20LED.pdf,1,APA102-2020
D1157,APA102-2020,LED_SMD:LED-APA102-2020,http://www.led-color.com/upload/201604/APA102-2020%20SMD%20LED.pdf,1,APA102-2020
D1158,APA102-2020,LED_SMD:LED-APA102-2020,http://www.led-color.com/upload/201604/APA102-2020%20SMD%20LED.pdf,1,APA102-2020
D1159,APA102-2020,LED_SMD:LED-APA102-2020,http://www.led-color.com/upload/201604/APA102-2020%20SMD%20LED.pdf,1,APA102-2020
D1160,APA102-2020,LED_SMD:LED-APA102-2020,http://www.led-color.com/upload/201604/APA102-2020%20SMD%20LED.pdf,1,APA102-2020
D1161,APA102-2020,LED_SMD:LED-APA102-2020,http://www.led-color.com/upload/201604/APA102-2020%20SMD%20LED.pdf,1,APA102-2020
D1162,APA102-2020,LED_SMD:LED-APA102-2020,http://www.led-color.com/upload/201604/APA102-2020%20SMD%20LED.pdf,1,APA102-2020
D1163,APA102-2020,LED_SMD:LED-APA102-2020,http://www.led-color.com/upload/201604/APA102-2020%20SMD%20LED.pdf,1,APA102-2020
D1164,APA102-2020,LED_SMD:LED-APA102-2020,http://www.led-color.com/upload/201604/APA102-2020%20SMD%20LED.pdf,1,APA102-2020
D1165,APA102-2020,LED_SMD:LED-APA102-2020,http://www.led-color.com/upload/201604/APA102-2020%20SMD%20LED.pdf,1,APA102-2020
D1166,APA102-2020,LED_SMD:LED-APA102-2020,http://www.led-color.com/upload/201604/APA102-2020%20SMD%20LED.pdf,1,APA102-2020
D1167,APA102-2020,LED_SMD:LED-APA102-2020,http://www.led-color.com/upload/201604/APA102-2020%20SMD%20LED.pdf,1,APA102-2020
D1168,APA102-2020,LED_SMD:LED-APA102-2020,http://www.led-color.com/upload/201604/APA102-2020%20SMD%20LED.pdf,1,APA102-2020
D1169,APA102-2020,LED_SMD:LED-APA102-2020,http://www.led-color.com/upload/201604/APA102-2020%20SMD%20LED.pdf,1,APA102-2020
D1170,APA102-2020,LED_SMD:LED-APA102-2020,http://www.led-color.com/upload/201604/APA102-2020%20SMD%20LED.pdf,1,APA102-2020
D1171,APA102-2020,LED_SMD:LED-APA102-2020,http://www.led-color.com/upload/201604/APA102-2020%20SMD%20LED.pdf,1,APA102-2020
D1172,APA102-2020,LED_SMD:LED-APA102-2020,http://www.led-color.com/upload/201604/APA102-2020%20SMD%20LED.pdf,1,APA102-2020
D1173,APA102-2020,LED_SMD:LED-APA102-2020,http://www.led-color.com/upload/201604/APA102-2020%20SMD%20LED.pdf,1,APA102-2020
D1174,APA102-2020,LED_SMD:LED-APA102-2020,http://www.led-color.com/upload/201604/APA102-2020%20SMD%20LED.pdf,1,APA102-2020
D1175,APA102-2020,LED_SMD:LED-APA102-2020,http://www.led-color.com/upload/201604/APA102-2020%20SMD%20LED.pdf,1,APA102-2020
D1176,APA102-2020,LED_SMD:LED-APA102-2020,http://www.led-color.com/upload/201604/APA102-2020%20SMD%20LED.pdf,1,APA102-2020
D1177,APA102-2020,LED_SMD:LED-APA102-2020,http://www.led-color.com/upload/201604/APA102-2020%20SMD%20LED.pdf,1,APA102-2020
D1178,APA102-2020,LED_SMD:LED-APA102-2020,http://www.led-color.com/upload/201604/APA102-2020%20SMD%20LED.pdf,1,APA102-2020
D1179,APA102-2020,LED_SMD:LED-APA102-2020,http://www.led-color.com/upload/201604/APA102-2020%20SMD%20LED.pdf,1,APA102-2020
D1180,APA102-2020,LED_SMD:LED-APA102-2020,http://www.led-color.com/upload/201604/APA102-2020%20SMD%20LED.pdf,1,APA102-2020
D1181,APA102-2020,LED_SMD:LED-APA102-2020,http://www.led-color.com/upload/201604/APA102-2020%20SMD%20LED.pdf,1,APA102-2020
D1182,APA102-2020,LED_SMD:LED-APA102-2020,http://www.led-color.com/upload/201604/APA102-2020%20SMD%20LED.pdf,1,APA102-2020
D1183,APA102-2020,LED_SMD:LED-APA102-2020,http://www.led-color.com/upload/201604/APA102-2020%20SMD%20LED.pdf,1,APA102-2020
D1184,APA102-2020,LED_SMD:LED-APA102-2020,http://www.led-color.com/upload/201604/APA102-2020%20SMD%20LED.pdf,1,APA102-2020
D1185,APA102-2020,LED_SMD:LED-APA102-2020,http://www.led-color.com/upload/201604/APA102-2020%20SMD%20LED.pdf,1,APA102-2020
D1186,APA102-2020,LED_SMD:LED-APA102-2020,http://www.led-color.com/upload/201604/APA102-2020%20SMD%20LED.pdf,1,APA102-2020
D1187,APA102-2020,LED_SMD:LED-APA102-2020,http://www.led-color.com/upload/201604/APA102-2020%20SMD%20LED.pdf,1,APA102-2020
D1188,APA102-2020,LED_SMD:LED-APA102-2020,http://www.led-color.com/upload/201604/APA102-2020%20SMD%20LED.pdf,1,APA102-2020
D1189,APA102-2020,LED_SMD:LED-APA102-2020,http://www.led-color.com/upload/201604/APA102-2020%20SMD%20LED.pdf,1,APA102-2020
D1190,APA102-2020,LED_SMD:LED-APA102-2020,http://www.led-color.com/upload/201604/APA102-2020%20SMD%20LED.pdf,1,APA102-2020
D1191,APA102-2020,LED_SMD:LED-APA102-2020,http://www.led-color.com/upload/201604/APA102-2020%20SMD%20LED.pdf,1,APA102-2020
D1192,APA102-2020,LED_SMD:LED-APA102-2020,http://www.led-color.com/upload/201604/APA102-2020%20SMD%20LED.pdf,1,APA102-2020
D1193,APA102-2020,LED_SMD:LED-APA102-2020,http://www.led-color.com/upload/201604/APA102-2020%20SMD%20LED.pdf,1,APA102-2020
D1194,APA102-2020,LED_SMD:LED-APA102-2020,http://www.led-color.com/upload/201604/APA102-2020%20SMD%20LED.pdf,1,APA102-2020
D1195,APA102-2020,LED_SMD:LED-APA102-2020,http://www.led-color.com/upload/201604/APA102-2020%20SMD%20LED.pdf,1,APA102-2020
D1196,APA102-2020,LED_SMD:LED-APA102-2020,http://www.led-color.com/upload/201604/APA102-2020%20SMD%20LED.pdf,1,APA102-2020
D1197,APA102-2020,LED_SMD:LED-APA102-2020,http://www.led-color.com/upload/201604/APA102-2020%20SMD%20LED.pdf,1,APA102-2020
D1198,APA102-2020,LED_SMD:LED-APA102-2020,http://www.led-color.com/upload/201604/APA102-2020%20SMD%20LED.pdf,1,APA102-2020
D1199,APA102-2020,LED_SMD:LED-APA102-2020,http://www.led-color.com/upload/201604/APA102-2020%20SMD%20LED.pdf,1,APA102-2020
D1200,APA102-2020,LED_SMD:LED-APA102-2020,http://www.led-color.com/upload/201604/APA102-2020%20SMD%20LED.pdf,1,APA102-2020
D1201,APA102-2020,LED_SMD:LED-APA102-2020,http://www.led-color.com/upload/201604/APA102-2020%20SMD%20LED.pdf,1,APA102-2020
D1202,APA102-2020,LED_SMD:LED-APA102-2020,http://www.led-color.com/upload/201604/APA102-2020%20SMD%20LED.pdf,1,APA102-2020
D1203,APA102-2020,LED_SMD:LED-APA102-2020,http://www.led-color.com/upload/201604/APA102-2020%20SMD%20LED.pdf,1,APA102-2020
D1204,APA102-2020,LED_SMD:LED-APA102-2020,http://www.led-color.com/upload/201604/APA102-2020%20SMD%20LED.pdf,1,APA102-2020
D1205,APA102-2020,LED_SMD:LED-APA102-2020,http://www.led-color.com/upload/201604/APA102-2020%20SMD%20LED.pdf,1,APA102-2020
D1206,APA102-2020,LED_SMD:LED-APA102-2020,http://www.led-color.com/upload/201604/APA102-2020%20SMD%20LED.pdf,1,APA102-2020
D1207,APA102-2020,LED_SMD:LED-APA102-2020,http://www.led-color.com/upload/201604/APA102-2020%20SMD%20LED.pdf,1,APA102-2020
D1208,APA102-2020,LED_SMD:LED-APA102-2020,http://www.led-color.com/upload/201604/APA102-2020%20SMD%20LED.pdf,1,APA102-2020
D1209,APA102-2020,LED_SMD:LED-APA102-2020,http://www.led-color.com/upload/201604/APA102-2020%20SMD%20LED.pdf,1,APA102-2020
D1210,APA102-2020,LED_SMD:LED-APA102-2020,http://www.led-color.com/upload/201604/APA102-2020%20SMD%20LED.pdf,1,APA102-2020
D1211,APA102-2020,LED_SMD:LED-APA102-2020,http://www.led-color.com/upload/201604/APA102-2020%20SMD%20LED.pdf,1,APA102-2020
D1212,APA102-2020,LED_SMD:LED-APA102-2020,http://www.led-color.com/upload/201604/APA102-2020%20SMD%20LED.pdf,1,APA102-2020
D1213,APA102-2020,LED_SMD:LED-APA102-2020,http://www.led-color.com/upload/201604/APA102-2020%20SMD%20LED.pdf,1,APA102-2020
D1214,APA102-2020,LED_SMD:LED-APA102-2020,http://www.led-color.com/upload/201604/APA102-2020%20SMD%20LED.pdf,1,APA102-2020
D1215,APA102-2020,LED_SMD:LED-APA102-2020,http://www.led-color.com/upload/201604/APA102-2020%20SMD%20LED.pdf,1,APA102-2020
D1216,APA102-2020,LED_SMD:LED-APA102-2020,http://www.led-color.com/upload/201604/APA102-2020%20SMD%20LED.pdf,1,APA102-2020
D1217,APA102-2020,LED_SMD:LED-APA102-2020,http://www.led-color.com/upload/201604/APA102-2020%20SMD%20LED.pdf,1,APA102-2020
D1218,APA102-2020,LED_SMD:LED-APA102-2020,http://www.led-color.com/upload/201604/APA102-2020%20SMD%20LED.pdf,1,APA102-2020
D1219,APA102-2020,LED_SMD:LED-APA102-2020,http://www.led-color.com/upload/201604/APA102-2020%20SMD%20LED.pdf,1,APA102-2020
D1220,APA102-2020,LED_SMD:LED-APA102-2020,http://www.led-color.com/upload/201604/APA102-2020%20SMD%20LED.pdf,1,APA102-2020
D1221,APA102-2020,LED_SMD:LED-APA102-2020,http://www.led-color.com/upload/201604/APA102-2020%20SMD%20LED.pdf,1,APA102-2020
D1222,APA102-2020,LED_SMD:LED-APA102-2020,http://www.led-color.com/upload/201604/APA102-2020%20SMD%20LED.pdf,1,APA102-2020
D1223,APA102-2020,LED_SMD:LED-APA102-2020,http://www.led-color.com/upload/201604/APA102-2020%20SMD%20LED.pdf,1,APA102-2020
D1224,APA102-2020,LED_SMD:LED-APA102-2020,http://www.led-color.com/upload/201604/APA102-2020%20SMD%20LED.pdf,1,APA102-2020
D1225,APA102-2020,LED_SMD:LED-APA102-2020,http://www.led-color.com/upload/201604/APA102-2020%20SMD%20LED.pdf,1,APA102-2020
D1226,APA102-2020,LED_SMD:LED-APA102-2020,http://www.led-color.com/upload/201604/APA102-2020%20SMD%20LED.pdf,1,APA102-2020
D1227,APA102-2020,LED_SMD:LED-APA102-2020,http://www.led-color.com/upload/201604/APA102-2020%20SMD%20LED.pdf,1,APA102-2020
D1228,APA102-2020,LED_SMD:LED-APA102-2020,http://www.led-color.com/upload/201604/APA102-2020%20SMD%20LED.pdf,1,APA102-2020
D1229,APA102-2020,LED_SMD:LED-APA102-2020,http://www.led-color.com/upload/201604/APA102-2020%20SMD%20LED.pdf,1,APA102-2020
D1230,APA102-2020,LED_SMD:LED-APA102-2020,http://www.led-color.com/upload/201604/APA102-2020%20SMD%20LED.pdf,1,APA102-2020
D1231,APA102-2020,LED_SMD:LED-APA102-2020,http://www.led-color.com/upload/201604/APA102-2020%20SMD%20LED.pdf,1,APA102-2020
D1232,APA102-2020,LED_SMD:LED-APA102-2020,http://www.led-color.com/upload/201604/APA102-2020%20SMD%20LED.pdf,1,APA102-2020
D1233,APA102-2020,LED_SMD:LED-APA102-2020,http://www.led-color.com/upload/201604/APA102-2020%20SMD%20LED.pdf,1,APA102-2020
D1234,APA102-2020,LED_SMD:LED-APA102-2020,http://www.led-color.com/upload/201604/APA102-2020%20SMD%20LED.pdf,1,APA102-2020
D1235,APA102-2020,LED_SMD:LED-APA102-2020,http://www.led-color.com/upload/201604/APA102-2020%20SMD%20LED.pdf,1,APA102-2020
D1236,APA102-2020,LED_SMD:LED-APA102-2020,http://www.led-color.com/upload/201604/APA102-2020%20SMD%20LED.pdf,1,APA102-2020
D1237,APA102-2020,LED_SMD:LED-APA102-2020,http://www.led-color.com/upload/201604/APA102-2020%20SMD%20LED.pdf,1,APA102-2020
D1238,APA102-2020,LED_SMD:LED-APA102-2020,http://www.led-color.com/upload/201604/APA102-2020%20SMD%20LED.pdf,1,APA102-2020
D1239,APA102-2020,LED_SMD:LED-APA102-2020,http://www.led-color.com/upload/201604/APA102-2020%20SMD%20LED.pdf,1,APA102-2020
D1240,APA102-2020,LED_SMD:LED-APA102-2020,http://www.led-color.com/upload/201604/APA102-2020%20SMD%20LED.pdf,1,APA102-2020
D1241,APA102-2020,LED_SMD:LED-APA102-2020,http://www.led-color.com/upload/201604/APA102-2020%20SMD%20LED.pdf,1,APA102-2020
D1242,APA102-2020,LED_SMD:LED-APA102-2020,http://www.led-color.com/upload/201604/APA102-2020%20SMD%20LED.pdf,1,APA102-2020
D1243,APA102-2020,LED_SMD:LED-APA102-2020,http://www.led-color.com/upload/201604/APA102-2020%20SMD%20LED.pdf,1,APA102-2020
D1244,APA102-2020,LED_SMD:LED-APA102-2020,http://www.led-color.com/upload/201604/APA102-2020%20SMD%20LED.pdf,1,APA102-2020
D1245,APA102-2020,LED_SMD:LED-APA102-2020,http://www.led-color.com/upload/201604/APA102-2020%20SMD%20LED.pdf,1,APA102-2020
D1246,APA102-2020,LED_SMD:LED-APA102-2020,http://www.led-color.com/upload/201604/APA102-2020%20SMD%20LED.pdf,1,APA102-2020
D1247,APA102-2020,LED_SMD:LED-APA102-2020,http://www.led-color.com/upload/201604/APA102-2020%20SMD%20LED.pdf,1,APA102-2020
D1248,APA102-2020,LED_SMD:LED-APA102-2020,http://www.led-color.com/upload/201604/APA102-2020%20SMD%20LED.pdf,1,APA102-2020
D1249,APA102-2020,LED_SMD:LED-APA102-2020,http://www.led-color.com/upload/201604/APA102-2020%20SMD%20LED.pdf,1,APA102-2020
D1250,APA102-2020,LED_SMD:LED-APA102-2020,http://www.led-color.com/upload/201604/APA102-2020%20SMD%20LED.pdf,1,APA102-2020
D1251,APA102-2020,LED_SMD:LED-APA102-2020,http://www.led-color.com/upload/201604/APA102-2020%20SMD%20LED.pdf,1,APA102-2020
D1252,APA102-2020,LED_SMD:LED-APA102-2020,http://www.led-color.com/upload/201604/APA102-2020%20SMD%20LED.pdf,1,APA102-2020
D1253,APA102-2020,LED_SMD:LED-APA102-2020,http://www.led-color.com/upload/201604/APA102-2020%20SMD%20LED.pdf,1,APA102-2020
D1254,APA102-2020,LED_SMD:LED-APA102-2020,http://www.led-color.com/upload/201604/APA102-2020%20SMD%20LED.pdf,1,APA102-2020
D1255,APA102-2020,LED_SMD:LED-APA102-2020,http://www.led-color.com/upload/201604/APA102-2020%20SMD%20LED.pdf,1,APA102-2020
D1256,APA102-2020,LED_SMD:LED-APA102-2020,http://www.led-color.com/upload/201604/APA102-2020%20SMD%20LED.pdf,1,APA102-2020
D1257,APA102-2020,LED_SMD:LED-APA102-2020,http://www.led-color.com/upload/201604/APA102-2020%20SMD%20LED.pdf,1,APA102-2020
D1258,APA102-2020,LED_SMD:LED-APA102-2020,http://www.led-color.com/upload/201604/APA102-2020%20SMD%20LED.pdf,1,APA102-2020
D1259,APA102-2020,LED_SMD:LED-APA102-2020,http://www.led-color.com/upload/201604/APA102-2020%20SMD%20LED.pdf,1,APA102-2020
D1260,APA102-2020,LED_SMD:LED-APA102-2020,http://www.led-color.com/upload/201604/APA102-2020%20SMD%20LED.pdf,1,APA102-2020
D1261,APA102-2020,LED_SMD:LED-APA102-2020,http://www.led-color.com/upload/201604/APA102-2020%20SMD%20LED.pdf,1,APA102-2020
D1262,APA102-2020,LED_SMD:LED-APA102-2020,http://www.led-color.com/upload/201604/APA102-2020%20SMD%20LED.pdf,1,APA102-2020
D1263,APA102-2020,LED_SMD:LED-APA102-2020,http://www.led-color.com/upload/201604/APA102-2020%20SMD%20LED.pdf,1,APA102-2020
D1264,APA102-2020,LED_SMD:LED-APA102-2020,http://www.led-color.com/upload/201604/APA102-2020%20SMD%20LED.pdf,1,APA102-2020
D1265,APA102-2020,LED_SMD:LED-APA102-2020,http://www.led-color.com/upload/201604/APA102-2020%20SMD%20LED.pdf,1,APA102-2020
D1266,APA102-2020,LED_SMD:LED-APA102-2020,http://www.led-color.com/upload/201604/APA102-2020%20SMD%20LED.pdf,1,APA102-2020
D1267,APA102-2020,LED_SMD:LED-APA102-2020,http://www.led-color.com/upload/201604/APA102-2020%20SMD%20LED.pdf,1,APA102-2020
D1268,APA102-2020,LED_SMD:LED-APA102-2020,http://www.led-color.com/upload/201604/APA102-2020%20SMD%20LED.pdf,1,APA102-2020
D1269,APA102-2020,LED_SMD:LED-APA102-2020,http://www.led-color.com/upload/201604/APA102-2020%20SMD%20LED.pdf,1,APA102-2020
D1270,APA102-2020,LED_SMD:LED-APA102-2020,http://www.led-color.com/upload/201604/APA102-2020%20SMD%20LED.pdf,1,APA102-2020
D1271,APA102-2020,LED_SMD:LED-APA102-2020,http://www.led-color.com/upload/201604/APA102-2020%20SMD%20LED.pdf,1,APA102-2020
D1272,APA102-2020,LED_SMD:LED-APA102-2020,http://www.led-color.com/upload/201604/APA102-2020%20SMD%20LED.pdf,1,APA102-2020
D1273,APA102-2020,LED_SMD:LED-APA102-2020,http://www.led-color.com/upload/201604/APA102-2020%20SMD%20LED.pdf,1,APA102-2020
D1274,APA102-2020,LED_SMD:LED-APA102-2020,http://www.led-color.com/upload/201604/APA102-2020%20SMD%20LED.pdf,1,APA102-2020
D1275,APA102-2020,LED_SMD:LED-APA102-2020,http://www.led-color.com/upload/201604/APA102-2020%20SMD%20LED.pdf,1,APA102-2020
D1276,APA102-2020,LED_SMD:LED-APA102-2020,http://www.led-color.com/upload/201604/APA102-2020%20SMD%20LED.pdf,1,APA102-2020
D1277,APA102-2020,LED_SMD:LED-APA102-2020,http://www.led-color.com/upload/201604/APA102-2020%20SMD%20LED.pdf,1,APA102-2020
D1278,APA102-2020,LED_SMD:LED-APA102-2020,http://www.led-color.com/upload/201604/APA102-2020%20SMD%20LED.pdf,1,APA102-2020
D1279,APA102-2020,LED_SMD:LED-APA102-2020,http://www.led-color.com/upload/201604/APA102-2020%20SMD%20LED.pdf,1,APA102-2020
D1280,APA102-2020,LED_SMD:LED-APA102-2020,http://www.led-color.com/upload/201604/APA102-2020%20SMD%20LED.pdf,1,APA102-2020
D1281,APA102-2020,LED_SMD:LED-APA102-2020,http://www.led-color.com/upload/201604/APA102-2020%20SMD%20LED.pdf,1,APA102-2020
D1282,APA102-2020,LED_SMD:LED-APA102-2020,http://www.led-color.com/upload/201604/APA102-2020%20SMD%20LED.pdf,1,APA102-2020
D1283,APA102-2020,LED_SMD:LED-APA102-2020,http://www.led-color.com/upload/201604/APA102-2020%20SMD%20LED.pdf,1,APA102-2020
D1284,APA102-2020,LED_SMD:LED-APA102-2020,http://www.led-color.com/upload/201604/APA102-2020%20SMD%20LED.pdf,1,APA102-2020
D1285,APA102-2020,LED_SMD:LED-APA102-2020,http://www.led-color.com/upload/201604/APA102-2020%20SMD%20LED.pdf,1,APA102-2020
D1286,APA102-2020,LED_SMD:LED-APA102-2020,http://www.led-color.com/upload/201604/APA102-2020%20SMD%20LED.pdf,1,APA102-2020
D1287,APA102-2020,LED_SMD:LED-APA102-2020,http://www.led-color.com/upload/201604/APA102-2020%20SMD%20LED.pdf,1,APA102-2020
D1288,APA102-2020,LED_SMD:LED-APA102-2020,http://www.led-color.com/upload/201604/APA102-2020%20SMD%20LED.pdf,1,APA102-2020
D1289,APA102-2020,LED_SMD:LED-APA102-2020,http://www.led-color.com/upload/201604/APA102-2020%20SMD%20LED.pdf,1,APA102-2020
D1290,APA102-2020,LED_SMD:LED-APA102-2020,http://www.led-color.com/upload/201604/APA102-2020%20SMD%20LED.pdf,1,APA102-2020
D1291,APA102-2020,LED_SMD:LED-APA102-2020,http://www.led-color.com/upload/201604/APA102-2020%20SMD%20LED.pdf,1,APA102-2020
D1292,APA102-2020,LED_SMD:LED-APA102-2020,http://www.led-color.com/upload/201604/APA102-2020%20SMD%20LED.pdf,1,APA102-2020
D1293,APA102-2020,LED_SMD:LED-APA102-2020,http://www.led-color.com/upload/201604/APA102-2020%20SMD%20LED.pdf,1,APA102-2020
D1294,APA102-2020,LED_SMD:LED-APA102-2020,http://www.led-color.com/upload/201604/APA102-2020%20SMD%20LED.pdf,1,APA102-2020
D1295,APA102-2020,LED_SMD:LED-APA102-2020,http://www.led-color.com/upload/201604/APA102-2020%20SMD%20LED.pdf,1,APA102-2020
D1296,APA102-2020,LED_SMD:LED-APA102-2020,http://www.led-color.com/upload/201604/APA102-2020%20SMD%20LED.pdf,1,APA102-2020
D1297,APA102-2020,LED_SMD:LED-APA102-2020,http://www.led-color.com/upload/201604/APA102-2020%20SMD%20LED.pdf,1,APA102-2020
D1298,APA102-2020,LED_SMD:LED-APA102-2020,http://www.led-color.com/upload/201604/APA102-2020%20SMD%20LED.pdf,1,APA102-2020
D1299,APA102-2020,LED_SMD:LED-APA102-2020,http://www.led-color.com/upload/201604/APA102-2020%20SMD%20LED.pdf,1,APA102-2020
D1300,APA102-2020,LED_SMD:LED-APA102-2020,http://www.led-color.com/upload/201604/APA102-2020%20SMD%20LED.pdf,1,APA102-2020
D1301,APA102-2020,LED_SMD:LED-APA102-2020,http://www.led-color.com/upload/201604/APA102-2020%20SMD%20LED.pdf,1,APA102-2020
D1302,APA102-2020,LED_SMD:LED-APA102-2020,http://www.led-color.com/upload/201604/APA102-2020%20SMD%20LED.pdf,1,APA102-2020
D1303,APA102-2020,LED_SMD:LED-APA102-2020,http://www.led-color.com/upload/201604/APA102-2020%20SMD%20LED.pdf,1,APA102-2020
D1304,APA102-2020,LED_SMD:LED-APA102-2020,http://www.led-color.com/upload/201604/APA102-2020%20SMD%20LED.pdf,1,APA102-2020
D1305,APA102-2020,LED_SMD:LED-APA102-2020,http://www.led-color.com/upload/201604/APA102-2020%20SMD%20LED.pdf,1,APA102-2020
D1306,APA102-2020,LED_SMD:LED-APA102-2020,http://www.led-color.com/upload/201604/APA102-2020%20SMD%20LED.pdf,1,APA102-2020
D1307,APA102-2020,LED_SMD:LED-APA102-2020,http://www.led-color.com/upload/201604/APA102-2020%20SMD%20LED.pdf,1,APA102-2020
D1308,APA102-2020,LED_SMD:LED-APA102-2020,http://www.led-color.com/upload/201604/APA102-2020%20SMD%20LED.pdf,1,APA102-2020
D1309,APA102-2020,LED_SMD:LED-APA102-2020,http://www.led-color.com/upload/201604/APA102-2020%20SMD%20LED.pdf,1,APA102-2020
D1310,APA102-2020,LED_SMD:LED-APA102-2020,http://www.led-color.com/upload/201604/APA102-2020%20SMD%20LED.pdf,1,APA102-2020
D1311,APA102-2020,LED_SMD:LED-APA102-2020,http://www.led-color.com/upload/201604/APA102-2020%20SMD%20LED.pdf,1,APA102-2020
D1312,APA102-2020,LED_SMD:LED-APA102-2020,http://www.led-color.com/upload/201604/APA102-2020%20SMD%20LED.pdf,1,APA102-2020
D1313,APA102-2020,LED_SMD:LED-APA102-2020,http://www.led-color.com/upload/201604/APA102-2020%20SMD%20LED.pdf,1,APA102-2020
D1314,APA102-2020,LED_SMD:LED-APA102-2020,http://www.led-color.com/upload/201604/APA102-2020%20SMD%20LED.pdf,1,APA102-2020
D1315,APA102-2020,LED_SMD:LED-APA102-2020,http://www.led-color.com/upload/201604/APA102-2020%20SMD%20LED.pdf,1,APA102-2020
D1316,APA102-2020,LED_SMD:LED-APA102-2020,http://www.led-color.com/upload/201604/APA102-2020%20SMD%20LED.pdf,1,APA102-2020
D1317,APA102-2020,LED_SMD:LED-APA102-2020,http://www.led-color.com/upload/201604/APA102-2020%20SMD%20LED.pdf,1,APA102-2020
D1318,APA102-2020,LED_SMD:LED-APA102-2020,http://www.led-color.com/upload/201604/APA102-2020%20SMD%20LED.pdf,1,APA102-2020
D1319,APA102-2020,LED_SMD:LED-APA102-2020,http://www.led-color.com/upload/201604/APA102-2020%20SMD%20LED.pdf,1,APA102-2020
D1320,APA102-2020,LED_SMD:LED-APA102-2020,http://www.led-color.com/upload/201604/APA102-2020%20SMD%20LED.pdf,1,APA102-2020
D1321,APA102-2020,LED_SMD:LED-APA102-2020,http://www.led-color.com/upload/201604/APA102-2020%20SMD%20LED.pdf,1,APA102-2020
D1322,APA102-2020,LED_SMD:LED-APA102-2020,http://www.led-color.com/upload/201604/APA102-2020%20SMD%20LED.pdf,1,APA102-2020
D1323,APA102-2020,LED_SMD:LED-APA102-2020,http://www.led-color.com/upload/201604/APA102-2020%20SMD%20LED.pdf,1,APA102-2020
D1324,APA102-2020,LED_SMD:LED-APA102-2020,http://www.led-color.com/upload/201604/APA102-2020%20SMD%20LED.pdf,1,APA102-2020
D1325,APA102-2020,LED_SMD:LED-APA102-2020,http://www.led-color.com/upload/201604/APA102-2020%20SMD%20LED.pdf,1,APA102-2020
D1326,APA102-2020,LED_SMD:LED-APA102-2020,http://www.led-color.com/upload/201604/APA102-2020%20SMD%20LED.pdf,1,APA102-2020
D1327,APA102-2020,LED_SMD:LED-APA102-2020,http://www.led-color.com/upload/201604/APA102-2020%20SMD%20LED.pdf,1,APA102-2020
D1328,APA102-2020,LED_SMD:LED-APA102-2020,http://www.led-color.com/upload/201604/APA102-2020%20SMD%20LED.pdf,1,APA102-2020
D1329,APA102-2020,LED_SMD:LED-APA102-2020,http://www.led-color.com/upload/201604/APA102-2020%20SMD%20LED.pdf,1,APA102-2020
D1330,APA102-2020,LED_SMD:LED-APA102-2020,http://www.led-color.com/upload/201604/APA102-2020%20SMD%20LED.pdf,1,APA102-2020
D1331,APA102-2020,LED_SMD:LED-APA102-2020,http://www.led-color.com/upload/201604/APA102-2020%20SMD%20LED.pdf,1,APA102-2020
D1332,APA102-2020,LED_SMD:LED-APA102-2020,http://www.led-color.com/upload/201604/APA102-2020%20SMD%20LED.pdf,1,APA102-2020
D1333,APA102-2020,LED_SMD:LED-APA102-2020,http://www.led-color.com/upload/201604/APA102-2020%20SMD%20LED.pdf,1,APA102-2020
D1334,APA102-2020,LED_SMD:LED-APA102-2020,http://www.led-color.com/upload/201604/APA102-2020%20SMD%20LED.pdf,1,APA102-2020
D1335,APA102-2020,LED_SMD:LED-APA102-2020,http://www.led-color.com/upload/201604/APA102-2020%20SMD%20LED.pdf,1,APA102-2020
D1336,APA102-2020,LED_SMD:LED-APA102-2020,http://www.led-color.com/upload/201604/APA102-2020%20SMD%20LED.pdf,1,APA102-2020
D1337,APA102-2020,LED_SMD:LED-APA102-2020,http://www.led-color.com/upload/201604/APA102-2020%20SMD%20LED.pdf,1,APA102-2020
D1338,APA102-2020,LED_SMD:LED-APA102-2020,http://www.led-color.com/upload/201604/APA102-2020%20SMD%20LED.pdf,1,APA102-2020
D1339,APA102-2020,LED_SMD:LED-APA102-2020,http://www.led-color.com/upload/201604/APA102-2020%20SMD%20LED.pdf,1,APA102-2020
D1340,APA102-2020,LED_SMD:LED-APA102-2020,http://www.led-color.com/upload/201604/APA102-2020%20SMD%20LED.pdf,1,APA102-2020
D1341,APA102-2020,LED_SMD:LED-APA102-2020,http://www.led-color.com/upload/201604/APA102-2020%20SMD%20LED.pdf,1,APA102-2020
D1342,APA102-2020,LED_SMD:LED-APA102-2020,http://www.led-color.com/upload/201604/APA102-2020%20SMD%20LED.pdf,1,APA102-2020
D1343,APA102-2020,LED_SMD:LED-APA102-2020,http://www.led-color.com/upload/201604/APA102-2020%20SMD%20LED.pdf,1,APA102-2020
D1344,APA102-2020,LED_SMD:LED-APA102-2020,http://www.led-color.com/upload/201604/APA102-2020%20SMD%20LED.pdf,1,APA102-2020
D1345,APA102-2020,LED_SMD:LED-APA102-2020,http://www.led-color.com/upload/201604/APA102-2020%20SMD%20LED.pdf,1,APA102-2020
D1346,APA102-2020,LED_SMD:LED-APA102-2020,http://www.led-color.com/upload/201604/APA102-2020%20SMD%20LED.pdf,1,APA102-2020
D1347,APA102-2020,LED_SMD:LED-APA102-2020,http://www.led-color.com/upload/201604/APA102-2020%20SMD%20LED.pdf,1,APA102-2020
D1348,APA102-2020,LED_SMD:LED-APA102-2020,http://www.led-color.com/upload/201604/APA102-2020%20SMD%20LED.pdf,1,APA102-2020
D1349,APA102-2020,LED_SMD:LED-APA102-2020,http://www.led-color.com/upload/201604/APA102-2020%20SMD%20LED.pdf,1,APA102-2020
D1350,APA102-2020,LED_SMD:LED-APA102-2020,http://www.led-color.com/upload/201604/APA102-2020%20SMD%20LED.pdf,1,APA102-2020
D1351,APA102-2020,LED_SMD:LED-APA102-2020,http://www.led-color.com/upload/201604/APA102-2020%20SMD%20LED.pdf,1,APA102-2020
D1352,APA102-2020,LED_SMD:LED-APA102-2020,http://www.led-color.com/upload/201604/APA102-2020%20SMD%20LED.pdf,1,APA102-2020
D1353,APA102-2020,LED_SMD:LED-APA102-2020,http://www.led-color.com/upload/201604/APA102-2020%20SMD%20LED.pdf,1,APA102-2020
D1354,APA102-2020,LED_SMD:LED-APA102-2020,http://www.led-color.com/upload/201604/APA102-2020%20SMD%20LED.pdf,1,APA102-2020
D1355,APA102-2020,LED_SMD:LED-APA102-2020,http://www.led-color.com/upload/201604/APA102-2020%20SMD%20LED.pdf,1,APA102-2020
D1356,APA102-2020,LED_SMD:LED-APA102-2020,http://www.led-color.com/upload/201604/APA102-2020%20SMD%20LED.pdf,1,APA102-2020
D1357,APA102-2020,LED_SMD:LED-APA102-2020,http://www.led-color.com/upload/201604/APA102-2020%20SMD%20LED.pdf,1,APA102-2020
D1358,APA102-2020,LED_SMD:LED-APA102-2020,http://www.led-color.com/upload/201604/APA102-2020%20SMD%20LED.pdf,1,APA102-2020
D1359,APA102-2020,LED_SMD:LED-APA102-2020,http://www.led-color.com/upload/201604/APA102-2020%20SMD%20LED.pdf,1,APA102-2020
D1360,APA102-2020,LED_SMD:LED-APA102-2020,http://www.led-color.com/upload/201604/APA102-2020%20SMD%20LED.pdf,1,APA102-2020
D1361,APA102-2020,LED_SMD:LED-APA102-2020,http://www.led-color.com/upload/201604/APA102-2020%20SMD%20LED.pdf,1,APA102-2020
D1362,APA102-2020,LED_SMD:LED-APA102-2020,http://www.led-color.com/upload/201604/APA102-2020%20SMD%20LED.pdf,1,APA102-2020
D1363,APA102-2020,LED_SMD:LED-APA102-2020,http://www.led-color.com/upload/201604/APA102-2020%20SMD%20LED.pdf,1,APA102-2020
D1364,APA102-2020,LED_SMD:LED-APA102-2020,http://www.led-color.com/upload/201604/APA102-2020%20SMD%20LED.pdf,1,APA102-2020
D1365,APA102-2020,LED_SMD:LED-APA102-2020,http://www.led-color.com/upload/201604/APA102-2020%20SMD%20LED.pdf,1,APA102-2020
D1366,APA102-2020,LED_SMD:LED-APA102-2020,http://www.led-color.com/upload/201604/APA102-2020%20SMD%20LED.pdf,1,APA102-2020
D1367,APA102-2020,LED_SMD:LED-APA102-2020,http://www.led-color.com/upload/201604/APA102-2020%20SMD%20LED.pdf,1,APA102-2020
D1368,APA102-2020,LED_SMD:LED-APA102-2020,http://www.led-color.com/upload/201604/APA102-2020%20SMD%20LED.pdf,1,APA102-2020
D1369,APA102-2020,LED_SMD:LED-APA102-2020,http://www.led-color.com/upload/201604/APA102-2020%20SMD%20LED.pdf,1,APA102-2020
D1370,APA102-2020,LED_SMD:LED-APA102-2020,http://www.led-color.com/upload/201604/APA102-2020%20SMD%20LED.pdf,1,APA102-2020
D1371,APA102-2020,LED_SMD:LED-APA102-2020,http://www.led-color.com/upload/201604/APA102-2020%20SMD%20LED.pdf,1,APA102-2020
D1372,APA102-2020,LED_SMD:LED-APA102-2020,http://www.led-color.com/upload/201604/APA102-2020%20SMD%20LED.pdf,1,APA102-2020
D1373,APA102-2020,LED_SMD:LED-APA102-2020,http://www.led-color.com/upload/201604/APA102-2020%20SMD%20LED.pdf,1,APA102-2020
D1374,APA102-2020,LED_SMD:LED-APA102-2020,http://www.led-color.com/upload/201604/APA102-2020%20SMD%20LED.pdf,1,APA102-2020
D1375,APA102-2020,LED_SMD:LED-APA102-2020,http://www.led-color.com/upload/201604/APA102-2020%20SMD%20LED.pdf,1,APA102-2020
D1376,APA102-2020,LED_SMD:LED-APA102-2020,http://www.led-color.com/upload/201604/APA102-2020%20SMD%20LED.pdf,1,APA102-2020
D1377,APA102-2020,LED_SMD:LED-APA102-2020,http://www.led-color.com/upload/201604/APA102-2020%20SMD%20LED.pdf,1,APA102-2020
D1378,APA102-2020,LED_SMD:LED-APA102-2020,http://www.led-color.com/upload/201604/APA102-2020%20SMD%20LED.pdf,1,APA102-2020
D1379,APA102-2020,LED_SMD:LED-APA102-2020,http://www.led-color.com/upload/201604/APA102-2020%20SMD%20LED.pdf,1,APA102-2020
D1380,APA102-2020,LED_SMD:LED-APA102-2020,http://www.led-color.com/upload/201604/APA102-2020%20SMD%20LED.pdf,1,APA102-2020
D1381,APA102-2020,LED_SMD:LED-APA102-2020,http://www.led-color.com/upload/201604/APA102-2020%20SMD%20LED.pdf,1,APA102-2020
D1382,APA102-2020,LED_SMD:LED-APA102-2020,http://www.led-color.com/upload/201604/APA102-2020%20SMD%20LED.pdf,1,APA102-2020
D1383,APA102-2020,LED_SMD:LED-APA102-2020,http://www.led-color.com/upload/201604/APA102-2020%20SMD%20LED.pdf,1,APA102-2020
D1384,APA102-2020,LED_SMD:LED-APA102-2020,http://www.led-color.com/upload/201604/APA102-2020%20SMD%20LED.pdf,1,APA102-2020
D1385,APA102-2020,LED_SMD:LED-APA102-2020,http://www.led-color.com/upload/201604/APA102-2020%20SMD%20LED.pdf,1,APA102-2020
D1386,APA102-2020,LED_SMD:LED-APA102-2020,http://www.led-color.com/upload/201604/APA102-2020%20SMD%20LED.pdf,1,APA102-2020
D1387,APA102-2020,LED_SMD:LED-APA102-2020,http://www.led-color.com/upload/201604/APA102-2020%20SMD%20LED.pdf,1,APA102-2020
D1388,APA102-2020,LED_SMD:LED-APA102-2020,http://www.led-color.com/upload/201604/APA102-2020%20SMD%20LED.pdf,1,APA102-2020
D1389,APA102-2020,LED_SMD:LED-APA102-2020,http://www.led-color.com/upload/201604/APA102-2020%20SMD%20LED.pdf,1,APA102-2020
D1390,APA102-2020,LED_SMD:LED-APA102-2020,http://www.led-color.com/upload/201604/APA102-2020%20SMD%20LED.pdf,1,APA102-2020
D1391,APA102-2020,LED_SMD:LED-APA102-2020,http://www.led-color.com/upload/201604/APA102-2020%20SMD%20LED.pdf,1,APA102-2020
D1392,APA102-2020,LED_SMD:LED-APA102-2020,http://www.led-color.com/upload/201604/APA102-2020%20SMD%20LED.pdf,1,APA102-2020
D1393,APA102-2020,LED_SMD:LED-APA102-2020,http://www.led-color.com/upload/201604/APA102-2020%20SMD%20LED.pdf,1,APA102-2020
D1394,APA102-2020,LED_SMD:LED-APA102-2020,http://www.led-color.com/upload/201604/APA102-2020%20SMD%20LED.pdf,1,APA102-2020
D1395,APA102-2020,LED_SMD:LED-APA102-2020,http://www.led-color.com/upload/201604/APA102-2020%20SMD%20LED.pdf,1,APA102-2020
D1396,APA102-2020,LED_SMD:LED-APA102-2020,http://www.led-color.com/upload/201604/APA102-2020%20SMD%20LED.pdf,1,APA102-2020
D1397,APA102-2020,LED_SMD:LED-APA102-2020,http://www.led-color.com/upload/201604/APA102-2020%20SMD%20LED.pdf,1,APA102-2020
D1398,APA102-2020,LED_SMD:LED-APA102-2020,http://www.led-color.com/upload/201604/APA102-2020%20SMD%20LED.pdf,1,APA102-2020
D1399,APA102-2020,LED_SMD:LED-APA102-2020,http://www.led-color.com/upload/201604/APA102-2020%20SMD%20LED.pdf,1,APA102-2020
D1400,APA102-2020,LED_SMD:LED-APA102-2020,http://www.led-color.com/upload/201604/APA102-2020%20SMD%20LED.pdf,1,APA102-2020
D1401,APA102-2020,LED_SMD:LED-APA102-2020,http://www.led-color.com/upload/201604/APA102-2020%20SMD%20LED.pdf,1,APA102-2020
D1402,APA102-2020,LED_SMD:LED-APA102-2020,http://www.led-color.com/upload/201604/APA102-2020%20SMD%20LED.pdf,1,APA102-2020
D1403,APA102-2020,LED_SMD:LED-APA102-2020,http://www.led-color.com/upload/201604/APA102-2020%20SMD%20LED.pdf,1,APA102-2020
D1404,APA102-2020,LED_SMD:LED-APA102-2020,http://www.led-color.com/upload/201604/APA102-2020%20SMD%20LED.pdf,1,APA102-2020
D1405,APA102-2020,LED_SMD:LED-APA102-2020,http://www.led-color.com/upload/201604/APA102-2020%20SMD%20LED.pdf,1,APA102-2020
D1406,APA102-2020,LED_SMD:LED-APA102-2020,http://www.led-color.com/upload/201604/APA102-2020%20SMD%20LED.pdf,1,APA102-2020
D1407,APA102-2020,LED_SMD:LED-APA102-2020,http://www.led-color.com/upload/201604/APA102-2020%20SMD%20LED.pdf,1,APA102-2020
D1408,APA102-2020,LED_SMD:LED-APA102-2020,http://www.led-color.com/upload/201604/APA102-2020%20SMD%20LED.pdf,1,APA102-2020
D1409,APA102-2020,LED_SMD:LED-APA102-2020,http://www.led-color.com/upload/201604/APA102-2020%20SMD%20LED.pdf,1,APA102-2020
D1410,APA102-2020,LED_SMD:LED-APA102-2020,http://www.led-color.com/upload/201604/APA102-2020%20SMD%20LED.pdf,1,APA102-2020
D1411,APA102-2020,LED_SMD:LED-APA102-2020,http://www.led-color.com/upload/201604/APA102-2020%20SMD%20LED.pdf,1,APA102-2020
D1412,APA102-2020,LED_SMD:LED-APA102-2020,http://www.led-color.com/upload/201604/APA102-2020%20SMD%20LED.pdf,1,APA102-2020
D1413,APA102-2020,LED_SMD:LED-APA102-2020,http://www.led-color.com/upload/201604/APA102-2020%20SMD%20LED.pdf,1,APA102-2020
D1414,APA102-2020,LED_SMD:LED-APA102-2020,http://www.led-color.com/upload/201604/APA102-2020%20SMD%20LED.pdf,1,APA102-2020
D1415,APA102-2020,LED_SMD:LED-APA102-2020,http://www.led-color.com/upload/201604/APA102-2020%20SMD%20LED.pdf,1,APA102-2020
D1416,APA102-2020,LED_SMD:LED-APA102-2020,http://www.led-color.com/upload/201604/APA102-2020%20SMD%20LED.pdf,1,APA102-2020
D1417,APA102-2020,LED_SMD:LED-APA102-2020,http://www.led-color.com/upload/201604/APA102-2020%20SMD%20LED.pdf,1,APA102-2020
D1418,APA102-2020,LED_SMD:LED-APA102-2020,http://www.led-color.com/upload/201604/APA102-2020%20SMD%20LED.pdf,1,APA102-2020
D1419,APA102-2020,LED_SMD:LED-APA102-2020,http://www.led-color.com/upload/201604/APA102-2020%20SMD%20LED.pdf,1,APA102-2020
D1420,APA102-2020,LED_SMD:LED-APA102-2020,http://www.led-color.com/upload/201604/APA102-2020%20SMD%20LED.pdf,1,APA102-2020
D1421,APA102-2020,LED_SMD:LED-APA102-2020,http://www.led-color.com/upload/201604/APA102-2020%20SMD%20LED.pdf,1,APA102-2020
D1422,APA102-2020,LED_SMD:LED-APA102-2020,http://www.led-color.com/upload/201604/APA102-2020%20SMD%20LED.pdf,1,APA102-2020
D1423,APA102-2020,LED_SMD:LED-APA102-2020,http://www.led-color.com/upload/201604/APA102-2020%20SMD%20LED.pdf,1,APA102-2020
D1424,APA102-2020,LED_SMD:LED-APA102-2020,http://www.led-color.com/upload/201604/APA102-2020%20SMD%20LED.pdf,1,APA102-2020
D1425,APA102-2020,LED_SMD:LED-APA102-2020,http://www.led-color.com/upload/201604/APA102-2020%20SMD%20LED.pdf,1,APA102-2020
D1426,APA102-2020,LED_SMD:LED-APA102-2020,http://www.led-color.com/upload/201604/APA102-2020%20SMD%20LED.pdf,1,APA102-2020
D1427,APA102-2020,LED_SMD:LED-APA102-2020,http://www.led-color.com/upload/201604/APA102-2020%20SMD%20LED.pdf,1,APA102-2020
D1428,APA102-2020,LED_SMD:LED-APA102-2020,http://www.led-color.com/upload/201604/APA102-2020%20SMD%20LED.pdf,1,APA102-2020
D1429,APA102-2020,LED_SMD:LED-APA102-2020,http://www.led-color.com/upload/201604/APA102-2020%20SMD%20LED.pdf,1,APA102-2020
D1430,APA102-2020,LED_SMD:LED-APA102-2020,http://www.led-color.com/upload/201604/APA102-2020%20SMD%20LED.pdf,1,APA102-2020
D1431,APA102-2020,LED_SMD:LED-APA102-2020,http://www.led-color.com/upload/201604/APA102-2020%20SMD%20LED.pdf,1,APA102-2020
D1432,APA102-2020,LED_SMD:LED-APA102-2020,http://www.led-color.com/upload/201604/APA102-2020%20SMD%20LED.pdf,1,APA102-2020
D1433,APA102-2020,LED_SMD:LED-APA102-2020,http://www.led-color.com/upload/201604/APA102-2020%20SMD%20LED.pdf,1,APA102-2020
D1434,APA102-2020,LED_SMD:LED-APA102-2020,http://www.led-color.com/upload/201604/APA102-2020%20SMD%20LED.pdf,1,APA102-2020
D1435,APA102-2020,LED_SMD:LED-APA102-2020,http://www.led-color.com/upload/201604/APA102-2020%20SMD%20LED.pdf,1,APA102-2020
D1436,APA102-2020,LED_SMD:LED-APA102-2020,http://www.led-color.com/upload/201604/APA102-2020%20SMD%20LED.pdf,1,APA102-2020
D1437,APA102-2020,LED_SMD:LED-APA102-2020,http://www.led-color.com/upload/201604/APA102-2020%20SMD%20LED.pdf,1,APA102-2020
D1438,APA102-2020,LED_SMD:LED-APA102-2020,http://www.led-color.com/upload/201604/APA102-2020%20SMD%20LED.pdf,1,APA102-2020
D1439,APA102-2020,LED_SMD:LED-APA102-2020,http://www.led-color.com/upload/201604/APA102-2020%20SMD%20LED.pdf,1,APA102-2020
D1440,APA102-2020,LED_SMD:LED-APA102-2020,http://www.led-color.com/upload/201604/APA102-2020%20SMD%20LED.pdf,1,APA102-2020
D1441,APA102-2020,LED_SMD:LED-APA102-2020,http://www.led-color.com/upload/201604/APA102-2020%20SMD%20LED.pdf,1,APA102-2020
D1442,APA102-2020,LED_SMD:LED-APA102-2020,http://www.led-color.com/upload/201604/APA102-2020%20SMD%20LED.pdf,1,APA102-2020
D1443,APA102-2020,LED_SMD:LED-APA102-2020,http://www.led-color.com/upload/201604/APA102-2020%20SMD%20LED.pdf,1,APA102-2020
D1444,APA102-2020,LED_SMD:LED-APA102-2020,http://www.led-color.com/upload/201604/APA102-2020%20SMD%20LED.pdf,1,APA102-2020
D1445,APA102-2020,LED_SMD:LED-APA102-2020,http://www.led-color.com/upload/201604/APA102-2020%20SMD%20LED.pdf,1,APA102-2020
D1446,APA102-2020,LED_SMD:LED-APA102-2020,http://www.led-color.com/upload/201604/APA102-2020%20SMD%20LED.pdf,1,APA102-2020
D1447,APA102-2020,LED_SMD:LED-APA102-2020,http://www.led-color.com/upload/201604/APA102-2020%20SMD%20LED.pdf,1,APA102-2020
D1448,APA102-2020,LED_SMD:LED-APA102-2020,http://www.led-color.com/upload/201604/APA102-2020%20SMD%20LED.pdf,1,APA102-2020
D1449,APA102-2020,LED_SMD:LED-APA102-2020,http://www.led-color.com/upload/201604/APA102-2020%20SMD%20LED.pdf,1,APA102-2020
D1450,APA102-2020,LED_SMD:LED-APA102-2020,http://www.led-color.com/upload/201604/APA102-2020%20SMD%20LED.pdf,1,APA102-2020
D1451,APA102-2020,LED_SMD:LED-APA102-2020,http://www.led-color.com/upload/201604/APA102-2020%20SMD%20LED.pdf,1,APA102-2020
D1452,APA102-2020,LED_SMD:LED-APA102-2020,http://www.led-color.com/upload/201604/APA102-2020%20SMD%20LED.pdf,1,APA102-2020
D1453,APA102-2020,LED_SMD:LED-APA102-2020,http://www.led-color.com/upload/201604/APA102-2020%20SMD%20LED.pdf,1,APA102-2020
D1454,APA102-2020,LED_SMD:LED-APA102-2020,http://www.led-color.com/upload/201604/APA102-2020%20SMD%20LED.pdf,1,APA102-2020
D1455,APA102-2020,LED_SMD:LED-APA102-2020,http://www.led-color.com/upload/201604/APA102-2020%20SMD%20LED.pdf,1,APA102-2020
D1456,APA102-2020,LED_SMD:LED-APA102-2020,http://www.led-color.com/upload/201604/APA102-2020%20SMD%20LED.pdf,1,APA102-2020
D1457,APA102-2020,LED_SMD:LED-APA102-2020,http://www.led-color.com/upload/201604/APA102-2020%20SMD%20LED.pdf,1,APA102-2020
D1458,APA102-2020,LED_SMD:LED-APA102-2020,http://www.led-color.com/upload/201604/APA102-2020%20SMD%20LED.pdf,1,APA102-2020
D1459,APA102-2020,LED_SMD:LED-APA102-2020,http://www.led-color.com/upload/201604/APA102-2020%20SMD%20LED.pdf,1,APA102-2020
D1460,APA102-2020,LED_SMD:LED-APA102-2020,http://www.led-color.com/upload/201604/APA102-2020%20SMD%20LED.pdf,1,APA102-2020
D1461,APA102-2020,LED_SMD:LED-APA102-2020,http://www.led-color.com/upload/201604/APA102-2020%20SMD%20LED.pdf,1,APA102-2020
D1462,APA102-2020,LED_SMD:LED-APA102-2020,http://www.led-color.com/upload/201604/APA102-2020%20SMD%20LED.pdf,1,APA102-2020
D1463,APA102-2020,LED_SMD:LED-APA102-2020,http://www.led-color.com/upload/201604/APA102-2020%20SMD%20LED.pdf,1,APA102-2020
D1464,APA102-2020,LED_SMD:LED-APA102-2020,http://www.led-color.com/upload/201604/APA102-2020%20SMD%20LED.pdf,1,APA102-2020
D1465,APA102-2020,LED_SMD:LED-APA102-2020,http://www.led-color.com/upload/201604/APA102-2020%20SMD%20LED.pdf,1,APA102-2020
D1466,APA102-2020,LED_SMD:LED-APA102-2020,http://www.led-color.com/upload/201604/APA102-2020%20SMD%20LED.pdf,1,APA102-2020
D1467,APA102-2020,LED_SMD:LED-APA102-2020,http://www.led-color.com/upload/201604/APA102-2020%20SMD%20LED.pdf,1,APA102-2020
D1468,APA102-2020,LED_SMD:LED-APA102-2020,http://www.led-color.com/upload/201604/APA102-2020%20SMD%20LED.pdf,1,APA102-2020
D1469,APA102-2020,LED_SMD:LED-APA102-2020,http://www.led-color.com/upload/201604/APA102-2020%20SMD%20LED.pdf,1,APA102-2020
D1470,APA102-2020,LED_SMD:LED-APA102-2020,http://www.led-color.com/upload/201604/APA102-2020%20SMD%20LED.pdf,1,APA102-2020
D1471,APA102-2020,LED_SMD:LED-APA102-2020,http://www.led-color.com/upload/201604/APA102-2020%20SMD%20LED.pdf,1,APA102-2020
D1472,APA102-2020,LED_SMD:LED-APA102-2020,http://www.led-color.com/upload/201604/APA102-2020%20SMD%20LED.pdf,1,APA102-2020
D1473,APA102-2020,LED_SMD:LED-APA102-2020,http://www.led-color.com/upload/201604/APA102-2020%20SMD%20LED.pdf,1,APA102-2020
D1474,APA102-2020,LED_SMD:LED-APA102-2020,http://www.led-color.com/upload/201604/APA102-2020%20SMD%20LED.pdf,1,APA102-2020
D1475,APA102-2020,LED_SMD:LED-APA102-2020,http://www.led-color.com/upload/201604/APA102-2020%20SMD%20LED.pdf,1,APA102-2020
D1476,APA102-2020,LED_SMD:LED-APA102-2020,http://www.led-color.com/upload/201604/APA102-2020%20SMD%20LED.pdf,1,APA102-2020
D1477,APA102-2020,LED_SMD:LED-APA102-2020,http://www.led-color.com/upload/201604/APA102-2020%20SMD%20LED.pdf,1,APA102-2020
D1478,APA102-2020,LED_SMD:LED-APA102-2020,http://www.led-color.com/upload/201604/APA102-2020%20SMD%20LED.pdf,1,APA102-2020
D1479,APA102-2020,LED_SMD:LED-APA102-2020,http://www.led-color.com/upload/201604/APA102-2020%20SMD%20LED.pdf,1,APA102-2020
D1480,APA102-2020,LED_SMD:LED-APA102-2020,http://www.led-color.com/upload/201604/APA102-2020%20SMD%20LED.pdf,1,APA102-2020
D1481,APA102-2020,LED_SMD:LED-APA102-2020,http://www.led-color.com/upload/201604/APA102-2020%20SMD%20LED.pdf,1,APA102-2020
D1482,APA102-2020,LED_SMD:LED-APA102-2020,http://www.led-color.com/upload/201604/APA102-2020%20SMD%20LED.pdf,1,APA102-2020
D1483,APA102-2020,LED_SMD:LED-APA102-2020,http://www.led-color.com/upload/201604/APA102-2020%20SMD%20LED.pdf,1,APA102-2020
D1484,APA102-2020,LED_SMD:LED-APA102-2020,http://www.led-color.com/upload/201604/APA102-2020%20SMD%20LED.pdf,1,APA102-2020
D1485,APA102-2020,LED_SMD:LED-APA102-2020,http://www.led-color.com/upload/201604/APA102-2020%20SMD%20LED.pdf,1,APA102-2020
D1486,APA102-2020,LED_SMD:LED-APA102-2020,http://www.led-color.com/upload/201604/APA102-2020%20SMD%20LED.pdf,1,APA102-2020
D1487,APA102-2020,LED_SMD:LED-APA102-2020,http://www.led-color.com/upload/201604/APA102-2020%20SMD%20LED.pdf,1,APA102-2020
D1488,APA102-2020,LED_SMD:LED-APA102-2020,http://www.led-color.com/upload/201604/APA102-2020%20SMD%20LED.pdf,1,APA102-2020
D1489,APA102-2020,LED_SMD:LED-APA102-2020,http://www.led-color.com/upload/201604/APA102-2020%20SMD%20LED.pdf,1,APA102-2020
D1490,APA102-2020,LED_SMD:LED-APA102-2020,http://www.led-color.com/upload/201604/APA102-2020%20SMD%20LED.pdf,1,APA102-2020
D1491,APA102-2020,LED_SMD:LED-APA102-2020,http://www.led-color.com/upload/201604/APA102-2020%20SMD%20LED.pdf,1,APA102-2020
D1492,APA102-2020,LED_SMD:LED-APA102-2020,http://www.led-color.com/upload/201604/APA102-2020%20SMD%20LED.pdf,1,APA102-2020
D1493,APA102-2020,LED_SMD:LED-APA102-2020,http://www.led-color.com/upload/201604/APA102-2020%20SMD%20LED.pdf,1,APA102-2020
D1494,APA102-2020,LED_SMD:LED-APA102-2020,http://www.led-color.com/upload/201604/APA102-2020%20SMD%20LED.pdf,1,APA102-2020
D1495,APA102-2020,LED_SMD:LED-APA102-2020,http://www.led-color.com/upload/201604/APA102-2020%20SMD%20LED.pdf,1,APA102-2020
D1496,APA102-2020,LED_SMD:LED-APA102-2020,http://www.led-color.com/upload/201604/APA102-2020%20SMD%20LED.pdf,1,APA102-2020
D1497,APA102-2020,LED_SMD:LED-APA102-2020,http://www.led-color.com/upload/201604/APA102-2020%20SMD%20LED.pdf,1,APA102-2020
D1498,APA102-2020,LED_SMD:LED-APA102-2020,http://www.led-color.com/upload/201604/APA102-2020%20SMD%20LED.pdf,1,APA102-2020
D1499,APA102-2020,LED_SMD:LED-APA102-2020,http://www.led-color.com/upload/201604/APA102-2020%20SMD%20LED.pdf,1,APA102-2020
D1500,APA102-2020,LED_SMD:LED-APA102-2020,http://www.led-color.com/upload/201604/APA102-2020%20SMD%20LED.pdf,1,APA102-2020
D1501,APA102-2020,LED_SMD:LED-APA102-2020,http://www.led-color.com/upload/201604/APA102-2020%20SMD%20LED.pdf,1,APA102-2020
D1502,APA102-2020,LED_SMD:LED-APA102-2020,http://www.led-color.com/upload/201604/APA102-2020%20SMD%20LED.pdf,1,APA102-2020
D1503,APA102-2020,LED_SMD:LED-APA102-2020,http://www.led-color.com/upload/201604/APA102-2020%20SMD%20LED.pdf,1,APA102-2020
D1504,APA102-2020,LED_SMD:LED-APA102-2020,http://www.led-color.com/upload/201604/APA102-2020%20SMD%20LED.pdf,1,APA102-2020
D1505,APA102-2020,LED_SMD:LED-APA102-2020,http://www.led-color.com/upload/201604/APA102-2020%20SMD%20LED.pdf,1,APA102-2020
D1506,APA102-2020,LED_SMD:LED-APA102-2020,http://www.led-color.com/upload/201604/APA102-2020%20SMD%20LED.pdf,1,APA102-2020
D1507,APA102-2020,LED_SMD:LED-APA102-2020,http://www.led-color.com/upload/201604/APA102-2020%20SMD%20LED.pdf,1,APA102-2020
D1508,APA102-2020,LED_SMD:LED-APA102-2020,http://www.led-color.com/upload/201604/APA102-2020%20SMD%20LED.pdf,1,APA102-2020
D1509,APA102-2020,LED_SMD:LED-APA102-2020,http://www.led-color.com/upload/201604/APA102-2020%20SMD%20LED.pdf,1,APA102-2020
D1510,APA102-2020,LED_SMD:LED-APA102-2020,http://www.led-color.com/upload/201604/APA102-2020%20SMD%20LED.pdf,1,APA102-2020
D1511,APA102-2020,LED_SMD:LED-APA102-2020,http://www.led-color.com/upload/201604/APA102-2020%20SMD%20LED.pdf,1,APA102-2020
D1512,APA102-2020,LED_SMD:LED-APA102-2020,http://www.led-color.com/upload/201604/APA102-2020%20SMD%20LED.pdf,1,APA102-2020
D1513,APA102-2020,LED_SMD:LED-APA102-2020,http://www.led-color.com/upload/201604/APA102-2020%20SMD%20LED.pdf,1,APA102-2020
D1514,APA102-2020,LED_SMD:LED-APA102-2020,http://www.led-color.com/upload/201604/APA102-2020%20SMD%20LED.pdf,1,APA102-2020
D1515,APA102-2020,LED_SMD:LED-APA102-2020,http://www.led-color.com/upload/201604/APA102-2020%20SMD%20LED.pdf,1,APA102-2020
D1516,APA102-2020,LED_SMD:LED-APA102-2020,http://www.led-color.com/upload/201604/APA102-2020%20SMD%20LED.pdf,1,APA102-2020
D1517,APA102-2020,LED_SMD:LED-APA102-2020,http://www.led-color.com/upload/201604/APA102-2020%20SMD%20LED.pdf,1,APA102-2020
D1518,APA102-2020,LED_SMD:LED-APA102-2020,http://www.led-color.com/upload/201604/APA102-2020%20SMD%20LED.pdf,1,APA102-2020
D1519,APA102-2020,LED_SMD:LED-APA102-2020,http://www.led-color.com/upload/201604/APA102-2020%20SMD%20LED.pdf,1,APA102-2020
D1520,APA102-2020,LED_SMD:LED-APA102-2020,http://www.led-color.com/upload/201604/APA102-2020%20SMD%20LED.pdf,1,APA102-2020
D1521,APA102-2020,LED_SMD:LED-APA102-2020,http://www.led-color.com/upload/201604/APA102-2020%20SMD%20LED.pdf,1,APA102-2020
D1522,APA102-2020,LED_SMD:LED-APA102-2020,http://www.led-color.com/upload/201604/APA102-2020%20SMD%20LED.pdf,1,APA102-2020
D1523,APA102-2020,LED_SMD:LED-APA102-2020,http://www.led-color.com/upload/201604/APA102-2020%20SMD%20LED.pdf,1,APA102-2020
D1524,APA102-2020,LED_SMD:LED-APA102-2020,http://www.led-color.com/upload/201604/APA102-2020%20SMD%20LED.pdf,1,APA102-2020
D1525,APA102-2020,LED_SMD:LED-APA102-2020,http://www.led-color.com/upload/201604/APA102-2020%20SMD%20LED.pdf,1,APA102-2020
D1526,APA102-2020,LED_SMD:LED-APA102-2020,http://www.led-color.com/upload/201604/APA102-2020%20SMD%20LED.pdf,1,APA102-2020
D1527,APA102-2020,LED_SMD:LED-APA102-2020,http://www.led-color.com/upload/201604/APA102-2020%20SMD%20LED.pdf,1,APA102-2020
D1528,APA102-2020,LED_SMD:LED-APA102-2020,http://www.led-color.com/upload/201604/APA102-2020%20SMD%20LED.pdf,1,APA102-2020
D1529,APA102-2020,LED_SMD:LED-APA102-2020,http://www.led-color.com/upload/201604/APA102-2020%20SMD%20LED.pdf,1,APA102-2020
D1530,APA102-2020,LED_SMD:LED-APA102-2020,http://www.led-color.com/upload/201604/APA102-2020%20SMD%20LED.pdf,1,APA102-2020
D1531,APA102-2020,LED_SMD:LED-APA102-2020,http://www.led-color.com/upload/201604/APA102-2020%20SMD%20LED.pdf,1,APA102-2020
D1532,APA102-2020,LED_SMD:LED-APA102-2020,http://www.led-color.com/upload/201604/APA102-2020%20SMD%20LED.pdf,1,APA102-2020
D1533,APA102-2020,LED_SMD:LED-APA102-2020,http://www.led-color.com/upload/201604/APA102-2020%20SMD%20LED.pdf,1,APA102-2020
D1534,APA102-2020,LED_SMD:LED-APA102-2020,http://www.led-color.com/upload/201604/APA102-2020%20SMD%20LED.pdf,1,APA102-2020
D1535,APA102-2020,LED_SMD:LED-APA102-2020,http://www.led-color.com/upload/201604/APA102-2020%20SMD%20LED.pdf,1,APA102-2020
D1536,APA102-2020,LED_SMD:LED-APA102-2020,http://www.led-color.com/upload/201604/APA102-2020%20SMD%20LED.pdf,1,APA102-2020
D1537,APA102-2020,LED_SMD:LED-APA102-2020,http://www.led-color.com/upload/201604/APA102-2020%20SMD%20LED.pdf,1,APA102-2020
D1538,APA102-2020,LED_SMD:LED-APA102-2020,http://www.led-color.com/upload/201604/APA102-2020%20SMD%20LED.pdf,1,APA102-2020
D1539,APA102-2020,LED_SMD:LED-APA102-2020,http://www.led-color.com/upload/201604/APA102-2020%20SMD%20LED.pdf,1,APA102-2020
D1540,APA102-2020,LED_SMD:LED-APA102-2020,http://www.led-color.com/upload/201604/APA102-2020%20SMD%20LED.pdf,1,APA102-2020
D1541,APA102-2020,LED_SMD:LED-APA102-2020,http://www.led-color.com/upload/201604/APA102-2020%20SMD%20LED.pdf,1,APA102-2020
D1542,APA102-2020,LED_SMD:LED-APA102-2020,http://www.led-color.com/upload/201604/APA102-2020%20SMD%20LED.pdf,1,APA102-2020
D1543,APA102-2020,LED_SMD:LED-APA102-2020,http://www.led-color.com/upload/201604/APA102-2020%20SMD%20LED.pdf,1,APA102-2020
D1544,APA102-2020,LED_SMD:LED-APA102-2020,http://www.led-color.com/upload/201604/APA102-2020%20SMD%20LED.pdf,1,APA102-2020
D1545,APA102-2020,LED_SMD:LED-APA102-2020,http://www.led-color.com/upload/201604/APA102-2020%20SMD%20LED.pdf,1,APA102-2020
D1546,APA102-2020,LED_SMD:LED-APA102-2020,http://www.led-color.com/upload/201604/APA102-2020%20SMD%20LED.pdf,1,APA102-2020
D1547,APA102-2020,LED_SMD:LED-APA102-2020,http://www.led-color.com/upload/201604/APA102-2020%20SMD%20LED.pdf,1,APA102-2020
D1548,APA102-2020,LED_SMD:LED-APA102-2020,http://www.led-color.com/upload/201604/APA102-2020%20SMD%20LED.pdf,1,APA102-2020
D1549,APA102-2020,LED_SMD:LED-APA102-2020,http://www.led-color.com/upload/201604/APA102-2020%20SMD%20LED.pdf,1,APA102-2020
D1550,APA102-2020,LED_SMD:LED-APA102-2020,http://www.led-color.com/upload/201604/APA102-2020%20SMD%20LED.pdf,1,APA102-2020
D1551,APA102-2020,LED_SMD:LED-APA102-2020,http://www.led-color.com/upload/201604/APA102-2020%20SMD%20LED.pdf,1,APA102-2020
D1552,APA102-2020,LED_SMD:LED-APA102-2020,http://www.led-color.com/upload/201604/APA102-2020%20SMD%20LED.pdf,1,APA102-2020
D1553,APA102-2020,LED_SMD:LED-APA102-2020,http://www.led-color.com/upload/201604/APA102-2020%20SMD%20LED.pdf,1,APA102-2020
D1554,APA102-2020,LED_SMD:LED-APA102-2020,http://www.led-color.com/upload/201604/APA102-2020%20SMD%20LED.pdf,1,APA102-2020
D1555,APA102-2020,LED_SMD:LED-APA102-2020,http://www.led-color.com/upload/201604/APA102-2020%20SMD%20LED.pdf,1,APA102-2020
D1556,APA102-2020,LED_SMD:LED-APA102-2020,http://www.led-color.com/upload/201604/APA102-2020%20SMD%20LED.pdf,1,APA102-2020
D1557,APA102-2020,LED_SMD:LED-APA102-2020,http://www.led-color.com/upload/201604/APA102-2020%20SMD%20LED.pdf,1,APA102-2020
D1558,APA102-2020,LED_SMD:LED-APA102-2020,http://www.led-color.com/upload/201604/APA102-2020%20SMD%20LED.pdf,1,APA102-2020
D1559,APA102-2020,LED_SMD:LED-APA102-2020,http://www.led-color.com/upload/201604/APA102-2020%20SMD%20LED.pdf,1,APA102-2020
D1560,APA102-2020,LED_SMD:LED-APA102-2020,http://www.led-color.com/upload/201604/APA102-2020%20SMD%20LED.pdf,1,APA102-2020
D1561,APA102-2020,LED_SMD:LED-APA102-2020,http://www.led-color.com/upload/201604/APA102-2020%20SMD%20LED.pdf,1,APA102-2020
D1562,APA102-2020,LED_SMD:LED-APA102-2020,http://www.led-color.com/upload/201604/APA102-2020%20SMD%20LED.pdf,1,APA102-2020
D1563,APA102-2020,LED_SMD:LED-APA102-2020,http://www.led-color.com/upload/201604/APA102-2020%20SMD%20LED.pdf,1,APA102-2020
D1564,APA102-2020,LED_SMD:LED-APA102-2020,http://www.led-color.com/upload/201604/APA102-2020%20SMD%20LED.pdf,1,APA102-2020
D1565,APA102-2020,LED_SMD:LED-APA102-2020,http://www.led-color.com/upload/201604/APA102-2020%20SMD%20LED.pdf,1,APA102-2020
D1566,APA102-2020,LED_SMD:LED-APA102-2020,http://www.led-color.com/upload/201604/APA102-2020%20SMD%20LED.pdf,1,APA102-2020
D1567,APA102-2020,LED_SMD:LED-APA102-2020,http://www.led-color.com/upload/201604/APA102-2020%20SMD%20LED.pdf,1,APA102-2020
D1568,APA102-2020,LED_SMD:LED-APA102-2020,http://www.led-color.com/upload/201604/APA102-2020%20SMD%20LED.pdf,1,APA102-2020
D1569,APA102-2020,LED_SMD:LED-APA102-2020,http://www.led-color.com/upload/201604/APA102-2020%20SMD%20LED.pdf,1,APA102-2020
D1570,APA102-2020,LED_SMD:LED-APA102-2020,http://www.led-color.com/upload/201604/APA102-2020%20SMD%20LED.pdf,1,APA102-2020
D1571,APA102-2020,LED_SMD:LED-APA102-2020,http://www.led-color.com/upload/201604/APA102-2020%20SMD%20LED.pdf,1,APA102-2020
D1572,APA102-2020,LED_SMD:LED-APA102-2020,http://www.led-color.com/upload/201604/APA102-2020%20SMD%20LED.pdf,1,APA102-2020
D1573,APA102-2020,LED_SMD:LED-APA102-2020,http://www.led-color.com/upload/201604/APA102-2020%20SMD%20LED.pdf,1,APA102-2020
D1574,APA102-2020,LED_SMD:LED-APA102-2020,http://www.led-color.com/upload/201604/APA102-2020%20SMD%20LED.pdf,1,APA102-2020
D1575,APA102-2020,LED_SMD:LED-APA102-2020,http://www.led-color.com/upload/201604/APA102-2020%20SMD%20LED.pdf,1,APA102-2020
D1576,APA102-2020,LED_SMD:LED-APA102-2020,http://www.led-color.com/upload/201604/APA102-2020%20SMD%20LED.pdf,1,APA102-2020
D1577,APA102-2020,LED_SMD:LED-APA102-2020,http://www.led-color.com/upload/201604/APA102-2020%20SMD%20LED.pdf,1,APA102-2020
D1578,APA102-2020,LED_SMD:LED-APA102-2020,http://www.led-color.com/upload/201604/APA102-2020%20SMD%20LED.pdf,1,APA102-2020
D1579,APA102-2020,LED_SMD:LED-APA102-2020,http://www.led-color.com/upload/201604/APA102-2020%20SMD%20LED.pdf,1,APA102-2020
D1580,APA102-2020,LED_SMD:LED-APA102-2020,http://www.led-color.com/upload/201604/APA102-2020%20SMD%20LED.pdf,1,APA102-2020
D1581,APA102-2020,LED_SMD:LED-APA102-2020,http://www.led-color.com/upload/201604/APA102-2020%20SMD%20LED.pdf,1,APA102-2020
D1582,APA102-2020,LED_SMD:LED-APA102-2020,http://www.led-color.com/upload/201604/APA102-2020%20SMD%20LED.pdf,1,APA102-2020
D1583,APA102-2020,LED_SMD:LED-APA102-2020,http://www.led-color.com/upload/201604/APA102-2020%20SMD%20LED.pdf,1,APA102-2020
D1584,APA102-2020,LED_SMD:LED-APA102-2020,http://www.led-color.com/upload/201604/APA102-2020%20SMD%20LED.pdf,1,APA102-2020
D1585,APA102-2020,LED_SMD:LED-APA102-2020,http://www.led-color.com/upload/201604/APA102-2020%20SMD%20LED.pdf,1,APA102-2020
D1586,APA102-2020,LED_SMD:LED-APA102-2020,http://www.led-color.com/upload/201604/APA102-2020%20SMD%20LED.pdf,1,APA102-2020
D1587,APA102-2020,LED_SMD:LED-APA102-2020,http://www.led-color.com/upload/201604/APA102-2020%20SMD%20LED.pdf,1,APA102-2020
D1588,APA102-2020,LED_SMD:LED-APA102-2020,http://www.led-color.com/upload/201604/APA102-2020%20SMD%20LED.pdf,1,APA102-2020
D1589,APA102-2020,LED_SMD:LED-APA102-2020,http://www.led-color.com/upload/201604/APA102-2020%20SMD%20LED.pdf,1,APA102-2020
D1590,APA102-2020,LED_SMD:LED-APA102-2020,http://www.led-color.com/upload/201604/APA102-2020%20SMD%20LED.pdf,1,APA102-2020
D1591,APA102-2020,LED_SMD:LED-APA102-2020,http://www.led-color.com/upload/201604/APA102-2020%20SMD%20LED.pdf,1,APA102-2020
D1592,APA102-2020,LED_SMD:LED-APA102-2020,http://www.led-color.com/upload/201604/APA102-2020%20SMD%20LED.pdf,1,APA102-2020
D1593,APA102-2020,LED_SMD:LED-APA102-2020,http://www.led-color.com/upload/201604/APA102-2020%20SMD%20LED.pdf,1,APA102-2020
D1594,APA102-2020,LED_SMD:LED-APA102-2020,http://www.led-color.com/upload/201604/APA102-2020%20SMD%20LED.pdf,1,APA102-2020
D1595,APA102-2020,LED_SMD:LED-APA102-2020,http://www.led-color.com/upload/201604/APA102-2020%20SMD%20LED.pdf,1,APA102-2020
D1596,APA102-2020,LED_SMD:LED-APA102-2020,http://www.led-color.com/upload/201604/APA102-2020%20SMD%20LED.pdf,1,APA102-2020
D1597,APA102-2020,LED_SMD:LED-APA102-2020,http://www.led-color.com/upload/201604/APA102-2020%20SMD%20LED.pdf,1,APA102-2020
D1598,APA102-2020,LED_SMD:LED-APA102-2020,http://www.led-color.com/upload/201604/APA102-2020%20SMD%20LED.pdf,1,APA102-2020
D1599,APA102-2020,LED_SMD:LED-APA102-2020,http://www.led-color.com/upload/201604/APA102-2020%20SMD%20LED.pdf,1,APA102-2020
D1600,APA102-2020,LED_SMD:LED-APA102-2020,http://www.led-color.com/upload/201604/APA102-2020%20SMD%20LED.pdf,1,APA102-2020
D1601,APA102-2020,LED_SMD:LED-APA102-2020,http://www.led-color.com/upload/201604/APA102-2020%20SMD%20LED.pdf,1,APA102-2020
D1602,APA102-2020,LED_SMD:LED-APA102-2020,http://www.led-color.com/upload/201604/APA102-2020%20SMD%20LED.pdf,1,APA102-2020
D1603,APA102-2020,LED_SMD:LED-APA102-2020,http://www.led-color.com/upload/201604/APA102-2020%20SMD%20LED.pdf,1,APA102-2020
D1604,APA102-2020,LED_SMD:LED-APA102-2020,http://www.led-color.com/upload/201604/APA102-2020%20SMD%20LED.pdf,1,APA102-2020
D1605,APA102-2020,LED_SMD:LED-APA102-2020,http://www.led-color.com/upload/201604/APA102-2020%20SMD%20LED.pdf,1,APA102-2020
D1606,APA102-2020,LED_SMD:LED-APA102-2020,http://www.led-color.com/upload/201604/APA102-2020%20SMD%20LED.pdf,1,APA102-2020
D1607,APA102-2020,LED_SMD:LED-APA102-2020,http://www.led-color.com/upload/201604/APA102-2020%20SMD%20LED.pdf,1,APA102-2020
D1608,APA102-2020,LED_SMD:LED-APA102-2020,http://www.led-color.com/upload/201604/APA102-2020%20SMD%20LED.pdf,1,APA102-2020
D1609,APA102-2020,LED_SMD:LED-APA102-2020,http://www.led-color.com/upload/201604/APA102-2020%20SMD%20LED.pdf,1,APA102-2020
D1610,APA102-2020,LED_SMD:LED-APA102-2020,http://www.led-color.com/upload/201604/APA102-2020%20SMD%20LED.pdf,1,APA102-2020
D1611,APA102-2020,LED_SMD:LED-APA102-2020,http://www.led-color.com/upload/201604/APA102-2020%20SMD%20LED.pdf,1,APA102-2020
D1612,APA102-2020,LED_SMD:LED-APA102-2020,http://www.led-color.com/upload/201604/APA102-2020%20SMD%20LED.pdf,1,APA102-2020
D1613,APA102-2020,LED_SMD:LED-APA102-2020,http://www.led-color.com/upload/201604/APA102-2020%20SMD%20LED.pdf,1,APA102-2020
D1614,APA102-2020,LED_SMD:LED-APA102-2020,http://www.led-color.com/upload/201604/APA102-2020%20SMD%20LED.pdf,1,APA102-2020
D1615,APA102-2020,LED_SMD:LED-APA102-2020,http://www.led-color.com/upload/201604/APA102-2020%20SMD%20LED.pdf,1,APA102-2020
D1616,APA102-2020,LED_SMD:LED-APA102-2020,http://www.led-color.com/upload/201604/APA102-2020%20SMD%20LED.pdf,1,APA102-2020
D1617,APA102-2020,LED_SMD:LED-APA102-2020,http://www.led-color.com/upload/201604/APA102-2020%20SMD%20LED.pdf,1,APA102-2020
D1618,APA102-2020,LED_SMD:LED-APA102-2020,http://www.led-color.com/upload/201604/APA102-2020%20SMD%20LED.pdf,1,APA102-2020
D1619,APA102-2020,LED_SMD:LED-APA102-2020,http://www.led-color.com/upload/201604/APA102-2020%20SMD%20LED.pdf,1,APA102-2020
D1620,APA102-2020,LED_SMD:LED-APA102-2020,http://www.led-color.com/upload/201604/APA102-2020%20SMD%20LED.pdf,1,APA102-2020
D1621,APA102-2020,LED_SMD:LED-APA102-2020,http://www.led-color.com/upload/201604/APA102-2020%20SMD%20LED.pdf,1,APA102-2020
D1622,APA102-2020,LED_SMD:LED-APA102-2020,http://www.led-color.com/upload/201604/APA102-2020%20SMD%20LED.pdf,1,APA102-2020
D1623,APA102-2020,LED_SMD:LED-APA102-2020,http://www.led-color.com/upload/201604/APA102-2020%20SMD%20LED.pdf,1,APA102-2020
D1624,APA102-2020,LED_SMD:LED-APA102-2020,http://www.led-color.com/upload/201604/APA102-2020%20SMD%20LED.pdf,1,APA102-2020
D1625,APA102-2020,LED_SMD:LED-APA102-2020,http://www.led-color.com/upload/201604/APA102-2020%20SMD%20LED.pdf,1,APA102-2020
D1626,APA102-2020,LED_SMD:LED-APA102-2020,http://www.led-color.com/upload/201604/APA102-2020%20SMD%20LED.pdf,1,APA102-2020
D1627,APA102-2020,LED_SMD:LED-APA102-2020,http://www.led-color.com/upload/201604/APA102-2020%20SMD%20LED.pdf,1,APA102-2020
D1628,APA102-2020,LED_SMD:LED-APA102-2020,http://www.led-color.com/upload/201604/APA102-2020%20SMD%20LED.pdf,1,APA102-2020
D1629,APA102-2020,LED_SMD:LED-APA102-2020,http://www.led-color.com/upload/201604/APA102-2020%20SMD%20LED.pdf,1,APA102-2020
D1630,APA102-2020,LED_SMD:LED-APA102-2020,http://www.led-color.com/upload/201604/APA102-2020%20SMD%20LED.pdf,1,APA102-2020
D1631,APA102-2020,LED_SMD:LED-APA102-2020,http://www.led-color.com/upload/201604/APA102-2020%20SMD%20LED.pdf,1,APA102-2020
D1632,APA102-2020,LED_SMD:LED-APA102-2020,http://www.led-color.com/upload/201604/APA102-2020%20SMD%20LED.pdf,1,APA102-2020
D1633,APA102-2020,LED_SMD:LED-APA102-2020,http://www.led-color.com/upload/201604/APA102-2020%20SMD%20LED.pdf,1,APA102-2020
D1634,APA102-2020,LED_SMD:LED-APA102-2020,http://www.led-color.com/upload/201604/APA102-2020%20SMD%20LED.pdf,1,APA102-2020
D1635,APA102-2020,LED_SMD:LED-APA102-2020,http://www.led-color.com/upload/201604/APA102-2020%20SMD%20LED.pdf,1,APA102-2020
D1636,APA102-2020,LED_SMD:LED-APA102-2020,http://www.led-color.com/upload/201604/APA102-2020%20SMD%20LED.pdf,1,APA102-2020
D1637,APA102-2020,LED_SMD:LED-APA102-2020,http://www.led-color.com/upload/201604/APA102-2020%20SMD%20LED.pdf,1,APA102-2020
D1638,APA102-2020,LED_SMD:LED-APA102-2020,http://www.led-color.com/upload/201604/APA102-2020%20SMD%20LED.pdf,1,APA102-2020
D1639,APA102-2020,LED_SMD:LED-APA102-2020,http://www.led-color.com/upload/201604/APA102-2020%20SMD%20LED.pdf,1,APA102-2020
D1640,APA102-2020,LED_SMD:LED-APA102-2020,http://www.led-color.com/upload/201604/APA102-2020%20SMD%20LED.pdf,1,APA102-2020
D1641,APA102-2020,LED_SMD:LED-APA102-2020,http://www.led-color.com/upload/201604/APA102-2020%20SMD%20LED.pdf,1,APA102-2020
D1642,APA102-2020,LED_SMD:LED-APA102-2020,http://www.led-color.com/upload/201604/APA102-2020%20SMD%20LED.pdf,1,APA102-2020
D1643,APA102-2020,LED_SMD:LED-APA102-2020,http://www.led-color.com/upload/201604/APA102-2020%20SMD%20LED.pdf,1,APA102-2020
D1644,APA102-2020,LED_SMD:LED-APA102-2020,http://www.led-color.com/upload/201604/APA102-2020%20SMD%20LED.pdf,1,APA102-2020
D1645,APA102-2020,LED_SMD:LED-APA102-2020,http://www.led-color.com/upload/201604/APA102-2020%20SMD%20LED.pdf,1,APA102-2020
D1646,APA102-2020,LED_SMD:LED-APA102-2020,http://www.led-color.com/upload/201604/APA102-2020%20SMD%20LED.pdf,1,APA102-2020
D1647,APA102-2020,LED_SMD:LED-APA102-2020,http://www.led-color.com/upload/201604/APA102-2020%20SMD%20LED.pdf,1,APA102-2020
D1648,APA102-2020,LED_SMD:LED-APA102-2020,http://www.led-color.com/upload/201604/APA102-2020%20SMD%20LED.pdf,1,APA102-2020
D1649,APA102-2020,LED_SMD:LED-APA102-2020,http://www.led-color.com/upload/201604/APA102-2020%20SMD%20LED.pdf,1,APA102-2020
D1650,APA102-2020,LED_SMD:LED-APA102-2020,http://www.led-color.com/upload/201604/APA102-2020%20SMD%20LED.pdf,1,APA102-2020
D1651,APA102-2020,LED_SMD:LED-APA102-2020,http://www.led-color.com/upload/201604/APA102-2020%20SMD%20LED.pdf,1,APA102-2020
D1652,APA102-2020,LED_SMD:LED-APA102-2020,http://www.led-color.com/upload/201604/APA102-2020%20SMD%20LED.pdf,1,APA102-2020
D1653,APA102-2020,LED_SMD:LED-APA102-2020,http://www.led-color.com/upload/201604/APA102-2020%20SMD%20LED.pdf,1,APA102-2020
D1654,APA102-2020,LED_SMD:LED-APA102-2020,http://www.led-color.com/upload/201604/APA102-2020%20SMD%20LED.pdf,1,APA102-2020
D1655,APA102-2020,LED_SMD:LED-APA102-2020,http://www.led-color.com/upload/201604/APA102-2020%20SMD%20LED.pdf,1,APA102-2020
D1656,APA102-2020,LED_SMD:LED-APA102-2020,http://www.led-color.com/upload/201604/APA102-2020%20SMD%20LED.pdf,1,APA102-2020
D1657,APA102-2020,LED_SMD:LED-APA102-2020,http://www.led-color.com/upload/201604/APA102-2020%20SMD%20LED.pdf,1,APA102-2020
D1658,APA102-2020,LED_SMD:LED-APA102-2020,http://www.led-color.com/upload/201604/APA102-2020%20SMD%20LED.pdf,1,APA102-2020
D1659,APA102-2020,LED_SMD:LED-APA102-2020,http://www.led-color.com/upload/201604/APA102-2020%20SMD%20LED.pdf,1,APA102-2020
D1660,APA102-2020,LED_SMD:LED-APA102-2020,http://www.led-color.com/upload/201604/APA102-2020%20SMD%20LED.pdf,1,APA102-2020
D1661,APA102-2020,LED_SMD:LED-APA102-2020,http://www.led-color.com/upload/201604/APA102-2020%20SMD%20LED.pdf,1,APA102-2020
D1662,APA102-2020,LED_SMD:LED-APA102-2020,http://www.led-color.com/upload/201604/APA102-2020%20SMD%20LED.pdf,1,APA102-2020
D1663,APA102-2020,LED_SMD:LED-APA102-2020,http://www.led-color.com/upload/201604/APA102-2020%20SMD%20LED.pdf,1,APA102-2020
D1664,APA102-2020,LED_SMD:LED-APA102-2020,http://www.led-color.com/upload/201604/APA102-2020%20SMD%20LED.pdf,1,APA102-2020
D1665,APA102-2020,LED_SMD:LED-APA102-2020,http://www.led-color.com/upload/201604/APA102-2020%20SMD%20LED.pdf,1,APA102-2020
D1666,APA102-2020,LED_SMD:LED-APA102-2020,http://www.led-color.com/upload/201604/APA102-2020%20SMD%20LED.pdf,1,APA102-2020
D1667,APA102-2020,LED_SMD:LED-APA102-2020,http://www.led-color.com/upload/201604/APA102-2020%20SMD%20LED.pdf,1,APA102-2020
D1668,APA102-2020,LED_SMD:LED-APA102-2020,http://www.led-color.com/upload/201604/APA102-2020%20SMD%20LED.pdf,1,APA102-2020
D1669,APA102-2020,LED_SMD:LED-APA102-2020,http://www.led-color.com/upload/201604/APA102-2020%20SMD%20LED.pdf,1,APA102-2020
D1670,APA102-2020,LED_SMD:LED-APA102-2020,http://www.led-color.com/upload/201604/APA102-2020%20SMD%20LED.pdf,1,APA102-2020
D1671,APA102-2020,LED_SMD:LED-APA102-2020,http://www.led-color.com/upload/201604/APA102-2020%20SMD%20LED.pdf,1,APA102-2020
D1672,APA102-2020,LED_SMD:LED-APA102-2020,http://www.led-color.com/upload/201604/APA102-2020%20SMD%20LED.pdf,1,APA102-2020
D1673,APA102-2020,LED_SMD:LED-APA102-2020,http://www.led-color.com/upload/201604/APA102-2020%20SMD%20LED.pdf,1,APA102-2020
D1674,APA102-2020,LED_SMD:LED-APA102-2020,http://www.led-color.com/upload/201604/APA102-2020%20SMD%20LED.pdf,1,APA102-2020
D1675,APA102-2020,LED_SMD:LED-APA102-2020,http://www.led-color.com/upload/201604/APA102-2020%20SMD%20LED.pdf,1,APA102-2020
D1676,APA102-2020,LED_SMD:LED-APA102-2020,http://www.led-color.com/upload/201604/APA102-2020%20SMD%20LED.pdf,1,APA102-2020
D1677,APA102-2020,LED_SMD:LED-APA102-2020,http://www.led-color.com/upload/201604/APA102-2020%20SMD%20LED.pdf,1,APA102-2020
D1678,APA102-2020,LED_SMD:LED-APA102-2020,http://www.led-color.com/upload/201604/APA102-2020%20SMD%20LED.pdf,1,APA102-2020
D1679,APA102-2020,LED_SMD:LED-APA102-2020,http://www.led-color.com/upload/201604/APA102-2020%20SMD%20LED.pdf,1,APA102-2020
D1680,APA102-2020,LED_SMD:LED-APA102-2020,http://www.led-color.com/upload/201604/APA102-2020%20SMD%20LED.pdf,1,APA102-2020
D1681,APA102-2020,LED_SMD:LED-APA102-2020,http://www.led-color.com/upload/201604/APA102-2020%20SMD%20LED.pdf,1,APA102-2020
D1682,APA102-2020,LED_SMD:LED-APA102-2020,http://www.led-color.com/upload/201604/APA102-2020%20SMD%20LED.pdf,1,APA102-2020
D1683,APA102-2020,LED_SMD:LED-APA102-2020,http://www.led-color.com/upload/201604/APA102-2020%20SMD%20LED.pdf,1,APA102-2020
D1684,APA102-2020,LED_SMD:LED-APA102-2020,http://www.led-color.com/upload/201604/APA102-2020%20SMD%20LED.pdf,1,APA102-2020
D1685,APA102-2020,LED_SMD:LED-APA102-2020,http://www.led-color.com/upload/201604/APA102-2020%20SMD%20LED.pdf,1,APA102-2020
D1686,APA102-2020,LED_SMD:LED-APA102-2020,http://www.led-color.com/upload/201604/APA102-2020%20SMD%20LED.pdf,1,APA102-2020
D1687,APA102-2020,LED_SMD:LED-APA102-2020,http://www.led-color.com/upload/201604/APA102-2020%20SMD%20LED.pdf,1,APA102-2020
D1688,APA102-2020,LED_SMD:LED-APA102-2020,http://www.led-color.com/upload/201604/APA102-2020%20SMD%20LED.pdf,1,APA102-2020
D1689,APA102-2020,LED_SMD:LED-APA102-2020,http://www.led-color.com/upload/201604/APA102-2020%20SMD%20LED.pdf,1,APA102-2020
D1690,APA102-2020,LED_SMD:LED-APA102-2020,http://www.led-color.com/upload/201604/APA102-2020%20SMD%20LED.pdf,1,APA102-2020
D1691,APA102-2020,LED_SMD:LED-APA102-2020,http://www.led-color.com/upload/201604/APA102-2020%20SMD%20LED.pdf,1,APA102-2020
D1692,APA102-2020,LED_SMD:LED-APA102-2020,http://www.led-color.com/upload/201604/APA102-2020%20SMD%20LED.pdf,1,APA102-2020
D1693,APA102-2020,LED_SMD:LED-APA102-2020,http://www.led-color.com/upload/201604/APA102-2020%20SMD%20LED.pdf,1,APA102-2020
D1694,APA102-2020,LED_SMD:LED-APA102-2020,http://www.led-color.com/upload/201604/APA102-2020%20SMD%20LED.pdf,1,APA102-2020
D1695,APA102-2020,LED_SMD:LED-APA102-2020,http://www.led-color.com/upload/201604/APA102-2020%20SMD%20LED.pdf,1,APA102-2020
D1696,APA102-2020,LED_SMD:LED-APA102-2020,http://www.led-color.com/upload/201604/APA102-2020%20SMD%20LED.pdf,1,APA102-2020
D1697,APA102-2020,LED_SMD:LED-APA102-2020,http://www.led-color.com/upload/201604/APA102-2020%20SMD%20LED.pdf,1,APA102-2020
D1698,APA102-2020,LED_SMD:LED-APA102-2020,http://www.led-color.com/upload/201604/APA102-2020%20SMD%20LED.pdf,1,APA102-2020
D1699,APA102-2020,LED_SMD:LED-APA102-2020,http://www.led-color.com/upload/201604/APA102-2020%20SMD%20LED.pdf,1,APA102-2020
D1700,APA102-2020,LED_SMD:LED-APA102-2020,http://www.led-color.com/upload/201604/APA102-2020%20SMD%20LED.pdf,1,APA102-2020
D1701,APA102-2020,LED_SMD:LED-APA102-2020,http://www.led-color.com/upload/201604/APA102-2020%20SMD%20LED.pdf,1,APA102-2020
D1702,APA102-2020,LED_SMD:LED-APA102-2020,http://www.led-color.com/upload/201604/APA102-2020%20SMD%20LED.pdf,1,APA102-2020
D1703,APA102-2020,LED_SMD:LED-APA102-2020,http://www.led-color.com/upload/201604/APA102-2020%20SMD%20LED.pdf,1,APA102-2020
D1704,APA102-2020,LED_SMD:LED-APA102-2020,http://www.led-color.com/upload/201604/APA102-2020%20SMD%20LED.pdf,1,APA102-2020
D1705,APA102-2020,LED_SMD:LED-APA102-2020,http://www.led-color.com/upload/201604/APA102-2020%20SMD%20LED.pdf,1,APA102-2020
D1706,APA102-2020,LED_SMD:LED-APA102-2020,http://www.led-color.com/upload/201604/APA102-2020%20SMD%20LED.pdf,1,APA102-2020
D1707,APA102-2020,LED_SMD:LED-APA102-2020,http://www.led-color.com/upload/201604/APA102-2020%20SMD%20LED.pdf,1,APA102-2020
D1708,APA102-2020,LED_SMD:LED-APA102-2020,http://www.led-color.com/upload/201604/APA102-2020%20SMD%20LED.pdf,1,APA102-2020
D1709,APA102-2020,LED_SMD:LED-APA102-2020,http://www.led-color.com/upload/201604/APA102-2020%20SMD%20LED.pdf,1,APA102-2020
D1710,APA102-2020,LED_SMD:LED-APA102-2020,http://www.led-color.com/upload/201604/APA102-2020%20SMD%20LED.pdf,1,APA102-2020
D1711,APA102-2020,LED_SMD:LED-APA102-2020,http://www.led-color.com/upload/201604/APA102-2020%20SMD%20LED.pdf,1,APA102-2020
D1712,APA102-2020,LED_SMD:LED-APA102-2020,http://www.led-color.com/upload/201604/APA102-2020%20SMD%20LED.pdf,1,APA102-2020
D1713,APA102-2020,LED_SMD:LED-APA102-2020,http://www.led-color.com/upload/201604/APA102-2020%20SMD%20LED.pdf,1,APA102-2020
D1714,APA102-2020,LED_SMD:LED-APA102-2020,http://www.led-color.com/upload/201604/APA102-2020%20SMD%20LED.pdf,1,APA102-2020
D1715,APA102-2020,LED_SMD:LED-APA102-2020,http://www.led-color.com/upload/201604/APA102-2020%20SMD%20LED.pdf,1,APA102-2020
D1716,APA102-2020,LED_SMD:LED-APA102-2020,http://www.led-color.com/upload/201604/APA102-2020%20SMD%20LED.pdf,1,APA102-2020
D1717,APA102-2020,LED_SMD:LED-APA102-2020,http://www.led-color.com/upload/201604/APA102-2020%20SMD%20LED.pdf,1,APA102-2020
D1718,APA102-2020,LED_SMD:LED-APA102-2020,http://www.led-color.com/upload/201604/APA102-2020%20SMD%20LED.pdf,1,APA102-2020
D1719,APA102-2020,LED_SMD:LED-APA102-2020,http://www.led-color.com/upload/201604/APA102-2020%20SMD%20LED.pdf,1,APA102-2020
D1720,APA102-2020,LED_SMD:LED-APA102-2020,http://www.led-color.com/upload/201604/APA102-2020%20SMD%20LED.pdf,1,APA102-2020
D1721,APA102-2020,LED_SMD:LED-APA102-2020,http://www.led-color.com/upload/201604/APA102-2020%20SMD%20LED.pdf,1,APA102-2020
D1722,APA102-2020,LED_SMD:LED-APA102-2020,http://www.led-color.com/upload/201604/APA102-2020%20SMD%20LED.pdf,1,APA102-2020
D1723,APA102-2020,LED_SMD:LED-APA102-2020,http://www.led-color.com/upload/201604/APA102-2020%20SMD%20LED.pdf,1,APA102-2020
D1724,APA102-2020,LED_SMD:LED-APA102-2020,http://www.led-color.com/upload/201604/APA102-2020%20SMD%20LED.pdf,1,APA102-2020
D1725,APA102-2020,LED_SMD:LED-APA102-2020,http://www.led-color.com/upload/201604/APA102-2020%20SMD%20LED.pdf,1,APA102-2020
D1726,APA102-2020,LED_SMD:LED-APA102-2020,http://www.led-color.com/upload/201604/APA102-2020%20SMD%20LED.pdf,1,APA102-2020
D1727,APA102-2020,LED_SMD:LED-APA102-2020,http://www.led-color.com/upload/201604/APA102-2020%20SMD%20LED.pdf,1,APA102-2020
D1728,APA102-2020,LED_SMD:LED-APA102-2020,http://www.led-color.com/upload/201604/APA102-2020%20SMD%20LED.pdf,1,APA102-2020
D1729,APA102-2020,LED_SMD:LED-APA102-2020,http://www.led-color.com/upload/201604/APA102-2020%20SMD%20LED.pdf,1,APA102-2020
D1730,APA102-2020,LED_SMD:LED-APA102-2020,http://www.led-color.com/upload/201604/APA102-2020%20SMD%20LED.pdf,1,APA102-2020
D1731,APA102-2020,LED_SMD:LED-APA102-2020,http://www.led-color.com/upload/201604/APA102-2020%20SMD%20LED.pdf,1,APA102-2020
D1732,APA102-2020,LED_SMD:LED-APA102-2020,http://www.led-color.com/upload/201604/APA102-2020%20SMD%20LED.pdf,1,APA102-2020
D1733,APA102-2020,LED_SMD:LED-APA102-2020,http://www.led-color.com/upload/201604/APA102-2020%20SMD%20LED.pdf,1,APA102-2020
D1734,APA102-2020,LED_SMD:LED-APA102-2020,http://www.led-color.com/upload/201604/APA102-2020%20SMD%20LED.pdf,1,APA102-2020
D1735,APA102-2020,LED_SMD:LED-APA102-2020,http://www.led-color.com/upload/201604/APA102-2020%20SMD%20LED.pdf,1,APA102-2020
D1736,APA102-2020,LED_SMD:LED-APA102-2020,http://www.led-color.com/upload/201604/APA102-2020%20SMD%20LED.pdf,1,APA102-2020
D1737,APA102-2020,LED_SMD:LED-APA102-2020,http://www.led-color.com/upload/201604/APA102-2020%20SMD%20LED.pdf,1,APA102-2020
D1738,APA102-2020,LED_SMD:LED-APA102-2020,http://www.led-color.com/upload/201604/APA102-2020%20SMD%20LED.pdf,1,APA102-2020
D1739,APA102-2020,LED_SMD:LED-APA102-2020,http://www.led-color.com/upload/201604/APA102-2020%20SMD%20LED.pdf,1,APA102-2020
D1740,APA102-2020,LED_SMD:LED-APA102-2020,http://www.led-color.com/upload/201604/APA102-2020%20SMD%20LED.pdf,1,APA102-2020
D1741,APA102-2020,LED_SMD:LED-APA102-2020,http://www.led-color.com/upload/201604/APA102-2020%20SMD%20LED.pdf,1,APA102-2020
D1742,APA102-2020,LED_SMD:LED-APA102-2020,http://www.led-color.com/upload/201604/APA102-2020%20SMD%20LED.pdf,1,APA102-2020
D1743,APA102-2020,LED_SMD:LED-APA102-2020,http://www.led-color.com/upload/201604/APA102-2020%20SMD%20LED.pdf,1,APA102-2020
D1744,APA102-2020,LED_SMD:LED-APA102-2020,http://www.led-color.com/upload/201604/APA102-2020%20SMD%20LED.pdf,1,APA102-2020
D1745,APA102-2020,LED_SMD:LED-APA102-2020,http://www.led-color.com/upload/201604/APA102-2020%20SMD%20LED.pdf,1,APA102-2020
D1746,APA102-2020,LED_SMD:LED-APA102-2020,http://www.led-color.com/upload/201604/APA102-2020%20SMD%20LED.pdf,1,APA102-2020
D1747,APA102-2020,LED_SMD:LED-APA102-2020,http://www.led-color.com/upload/201604/APA102-2020%20SMD%20LED.pdf,1,APA102-2020
D1748,APA102-2020,LED_SMD:LED-APA102-2020,http://www.led-color.com/upload/201604/APA102-2020%20SMD%20LED.pdf,1,APA102-2020
D1749,APA102-2020,LED_SMD:LED-APA102-2020,http://www.led-color.com/upload/201604/APA102-2020%20SMD%20LED.pdf,1,APA102-2020
D1750,APA102-2020,LED_SMD:LED-APA102-2020,http://www.led-color.com/upload/201604/APA102-2020%20SMD%20LED.pdf,1,APA102-2020
D1751,APA102-2020,LED_SMD:LED-APA102-2020,http://www.led-color.com/upload/201604/APA102-2020%20SMD%20LED.pdf,1,APA102-2020
D1752,APA102-2020,LED_SMD:LED-APA102-2020,http://www.led-color.com/upload/201604/APA102-2020%20SMD%20LED.pdf,1,APA102-2020
D1753,APA102-2020,LED_SMD:LED-APA102-2020,http://www.led-color.com/upload/201604/APA102-2020%20SMD%20LED.pdf,1,APA102-2020
D1754,APA102-2020,LED_SMD:LED-APA102-2020,http://www.led-color.com/upload/201604/APA102-2020%20SMD%20LED.pdf,1,APA102-2020
D1755,APA102-2020,LED_SMD:LED-APA102-2020,http://www.led-color.com/upload/201604/APA102-2020%20SMD%20LED.pdf,1,APA102-2020
D1756,APA102-2020,LED_SMD:LED-APA102-2020,http://www.led-color.com/upload/201604/APA102-2020%20SMD%20LED.pdf,1,APA102-2020
D1757,APA102-2020,LED_SMD:LED-APA102-2020,http://www.led-color.com/upload/201604/APA102-2020%20SMD%20LED.pdf,1,APA102-2020
D1758,APA102-2020,LED_SMD:LED-APA102-2020,http://www.led-color.com/upload/201604/APA102-2020%20SMD%20LED.pdf,1,APA102-2020
D1759,APA102-2020,LED_SMD:LED-APA102-2020,http://www.led-color.com/upload/201604/APA102-2020%20SMD%20LED.pdf,1,APA102-2020
D1760,APA102-2020,LED_SMD:LED-APA102-2020,http://www.led-color.com/upload/201604/APA102-2020%20SMD%20LED.pdf,1,APA102-2020
D1761,APA102-2020,LED_SMD:LED-APA102-2020,http://www.led-color.com/upload/201604/APA102-2020%20SMD%20LED.pdf,1,APA102-2020
D1762,APA102-2020,LED_SMD:LED-APA102-2020,http://www.led-color.com/upload/201604/APA102-2020%20SMD%20LED.pdf,1,APA102-2020
D1763,APA102-2020,LED_SMD:LED-APA102-2020,http://www.led-color.com/upload/201604/APA102-2020%20SMD%20LED.pdf,1,APA102-2020
D1764,APA102-2020,LED_SMD:LED-APA102-2020,http://www.led-color.com/upload/201604/APA102-2020%20SMD%20LED.pdf,1,APA102-2020
D1765,APA102-2020,LED_SMD:LED-APA102-2020,http://www.led-color.com/upload/201604/APA102-2020%20SMD%20LED.pdf,1,APA102-2020
D1766,APA102-2020,LED_SMD:LED-APA102-2020,http://www.led-color.com/upload/201604/APA102-2020%20SMD%20LED.pdf,1,APA102-2020
D1767,APA102-2020,LED_SMD:LED-APA102-2020,http://www.led-color.com/upload/201604/APA102-2020%20SMD%20LED.pdf,1,APA102-2020
D1768,APA102-2020,LED_SMD:LED-APA102-2020,http://www.led-color.com/upload/201604/APA102-2020%20SMD%20LED.pdf,1,APA102-2020
D1769,APA102-2020,LED_SMD:LED-APA102-2020,http://www.led-color.com/upload/201604/APA102-2020%20SMD%20LED.pdf,1,APA102-2020
D1770,APA102-2020,LED_SMD:LED-APA102-2020,http://www.led-color.com/upload/201604/APA102-2020%20SMD%20LED.pdf,1,APA102-2020
D1771,APA102-2020,LED_SMD:LED-APA102-2020,http://www.led-color.com/upload/201604/APA102-2020%20SMD%20LED.pdf,1,APA102-2020
D1772,APA102-2020,LED_SMD:LED-APA102-2020,http://www.led-color.com/upload/201604/APA102-2020%20SMD%20LED.pdf,1,APA102-2020
D1773,APA102-2020,LED_SMD:LED-APA102-2020,http://www.led-color.com/upload/201604/APA102-2020%20SMD%20LED.pdf,1,APA102-2020
D1774,APA102-2020,LED_SMD:LED-APA102-2020,http://www.led-color.com/upload/201604/APA102-2020%20SMD%20LED.pdf,1,APA102-2020
D1775,APA102-2020,LED_SMD:LED-APA102-2020,http://www.led-color.com/upload/201604/APA102-2020%20SMD%20LED.pdf,1,APA102-2020
D1776,APA102-2020,LED_SMD:LED-APA102-2020,http://www.led-color.com/upload/201604/APA102-2020%20SMD%20LED.pdf,1,APA102-2020
D1777,APA102-2020,LED_SMD:LED-APA102-2020,http://www.led-color.com/upload/201604/APA102-2020%20SMD%20LED.pdf,1,APA102-2020
D1778,APA102-2020,LED_SMD:LED-APA102-2020,http://www.led-color.com/upload/201604/APA102-2020%20SMD%20LED.pdf,1,APA102-2020
D1779,APA102-2020,LED_SMD:LED-APA102-2020,http://www.led-color.com/upload/201604/APA102-2020%20SMD%20LED.pdf,1,APA102-2020
D1780,APA102-2020,LED_SMD:LED-APA102-2020,http://www.led-color.com/upload/201604/APA102-2020%20SMD%20LED.pdf,1,APA102-2020
D1781,APA102-2020,LED_SMD:LED-APA102-2020,http://www.led-color.com/upload/201604/APA102-2020%20SMD%20LED.pdf,1,APA102-2020
D1782,APA102-2020,LED_SMD:LED-APA102-2020,http://www.led-color.com/upload/201604/APA102-2020%20SMD%20LED.pdf,1,APA102-2020
D1783,APA102-2020,LED_SMD:LED-APA102-2020,http://www.led-color.com/upload/201604/APA102-2020%20SMD%20LED.pdf,1,APA102-2020
D1784,APA102-2020,LED_SMD:LED-APA102-2020,http://www.led-color.com/upload/201604/APA102-2020%20SMD%20LED.pdf,1,APA102-2020
D1785,APA102-2020,LED_SMD:LED-APA102-2020,http://www.led-color.com/upload/201604/APA102-2020%20SMD%20LED.pdf,1,APA102-2020
D1786,APA102-2020,LED_SMD:LED-APA102-2020,http://www.led-color.com/upload/201604/APA102-2020%20SMD%20LED.pdf,1,APA102-2020
D1787,APA102-2020,LED_SMD:LED-APA102-2020,http://www.led-color.com/upload/201604/APA102-2020%20SMD%20LED.pdf,1,APA102-2020
D1788,APA102-2020,LED_SMD:LED-APA102-2020,http://www.led-color.com/upload/201604/APA102-2020%20SMD%20LED.pdf,1,APA102-2020
D1789,APA102-2020,LED_SMD:LED-APA102-2020,http://www.led-color.com/upload/201604/APA102-2020%20SMD%20LED.pdf,1,APA102-2020
D1790,APA102-2020,LED_SMD:LED-APA102-2020,http://www.led-color.com/upload/201604/APA102-2020%20SMD%20LED.pdf,1,APA102-2020
D1791,APA102-2020,LED_SMD:LED-APA102-2020,http://www.led-color.com/upload/201604/APA102-2020%20SMD%20LED.pdf,1,APA102-2020
D1792,APA102-2020,LED_SMD:LED-APA102-2020,http://www.led-color.com/upload/201604/APA102-2020%20SMD%20LED.pdf,1,APA102-2020
D1793,APA102-2020,LED_SMD:LED-APA102-2020,http://www.led-color.com/upload/201604/APA102-2020%20SMD%20LED.pdf,1,APA102-2020
D1794,APA102-2020,LED_SMD:LED-APA102-2020,http://www.led-color.com/upload/201604/APA102-2020%20SMD%20LED.pdf,1,APA102-2020
D1795,APA102-2020,LED_SMD:LED-APA102-2020,http://www.led-color.com/upload/201604/APA102-2020%20SMD%20LED.pdf,1,APA102-2020
D1796,APA102-2020,LED_SMD:LED-APA102-2020,http://www.led-color.com/upload/201604/APA102-2020%20SMD%20LED.pdf,1,APA102-2020
D1797,APA102-2020,LED_SMD:LED-APA102-2020,http://www.led-color.com/upload/201604/APA102-2020%20SMD%20LED.pdf,1,APA102-2020
D1798,APA102-2020,LED_SMD:LED-APA102-2020,http://www.led-color.com/upload/201604/APA102-2020%20SMD%20LED.pdf,1,APA102-2020
D1799,APA102-2020,LED_SMD:LED-APA102-2020,http://www.led-color.com/upload/201604/APA102-2020%20SMD%20LED.pdf,1,APA102-2020
D1800,APA102-2020,LED_SMD:LED-APA102-2020,http://www.led-color.com/upload/201604/APA102-2020%20SMD%20LED.pdf,1,APA102-2020
D1801,APA102-2020,LED_SMD:LED-APA102-2020,http://www.led-color.com/upload/201604/APA102-2020%20SMD%20LED.pdf,1,APA102-2020
D1802,APA102-2020,LED_SMD:LED-APA102-2020,http://www.led-color.com/upload/201604/APA102-2020%20SMD%20LED.pdf,1,APA102-2020
D1803,APA102-2020,LED_SMD:LED-APA102-2020,http://www.led-color.com/upload/201604/APA102-2020%20SMD%20LED.pdf,1,APA102-2020
D1804,APA102-2020,LED_SMD:LED-APA102-2020,http://www.led-color.com/upload/201604/APA102-2020%20SMD%20LED.pdf,1,APA102-2020
D1805,APA102-2020,LED_SMD:LED-APA102-2020,http://www.led-color.com/upload/201604/APA102-2020%20SMD%20LED.pdf,1,APA102-2020
D1806,APA102-2020,LED_SMD:LED-APA102-2020,http://www.led-color.com/upload/201604/APA102-2020%20SMD%20LED.pdf,1,APA102-2020
D1807,APA102-2020,LED_SMD:LED-APA102-2020,http://www.led-color.com/upload/201604/APA102-2020%20SMD%20LED.pdf,1,APA102-2020
D1808,APA102-2020,LED_SMD:LED-APA102-2020,http://www.led-color.com/upload/201604/APA102-2020%20SMD%20LED.pdf,1,APA102-2020
D1809,APA102-2020,LED_SMD:LED-APA102-2020,http://www.led-color.com/upload/201604/APA102-2020%20SMD%20LED.pdf,1,APA102-2020
D1810,APA102-2020,LED_SMD:LED-APA102-2020,http://www.led-color.com/upload/201604/APA102-2020%20SMD%20LED.pdf,1,APA102-2020
D1811,APA102-2020,LED_SMD:LED-APA102-2020,http://www.led-color.com/upload/201604/APA102-2020%20SMD%20LED.pdf,1,APA102-2020
D1812,APA102-2020,LED_SMD:LED-APA102-2020,http://www.led-color.com/upload/201604/APA102-2020%20SMD%20LED.pdf,1,APA102-2020
D1813,APA102-2020,LED_SMD:LED-APA102-2020,http://www.led-color.com/upload/201604/APA102-2020%20SMD%20LED.pdf,1,APA102-2020
D1814,APA102-2020,LED_SMD:LED-APA102-2020,http://www.led-color.com/upload/201604/APA102-2020%20SMD%20LED.pdf,1,APA102-2020
D1815,APA102-2020,LED_SMD:LED-APA102-2020,http://www.led-color.com/upload/201604/APA102-2020%20SMD%20LED.pdf,1,APA102-2020
D1816,APA102-2020,LED_SMD:LED-APA102-2020,http://www.led-color.com/upload/201604/APA102-2020%20SMD%20LED.pdf,1,APA102-2020
D1817,APA102-2020,LED_SMD:LED-APA102-2020,http://www.led-color.com/upload/201604/APA102-2020%20SMD%20LED.pdf,1,APA102-2020
D1818,APA102-2020,LED_SMD:LED-APA102-2020,http://www.led-color.com/upload/201604/APA102-2020%20SMD%20LED.pdf,1,APA102-2020
D1819,APA102-2020,LED_SMD:LED-APA102-2020,http://www.led-color.com/upload/201604/APA102-2020%20SMD%20LED.pdf,1,APA102-2020
D1820,APA102-2020,LED_SMD:LED-APA102-2020,http://www.led-color.com/upload/201604/APA102-2020%20SMD%20LED.pdf,1,APA102-2020
D1821,APA102-2020,LED_SMD:LED-APA102-2020,http://www.led-color.com/upload/201604/APA102-2020%20SMD%20LED.pdf,1,APA102-2020
D1822,APA102-2020,LED_SMD:LED-APA102-2020,http://www.led-color.com/upload/201604/APA102-2020%20SMD%20LED.pdf,1,APA102-2020
D1823,APA102-2020,LED_SMD:LED-APA102-2020,http://www.led-color.com/upload/201604/APA102-2020%20SMD%20LED.pdf,1,APA102-2020
D1824,APA102-2020,LED_SMD:LED-APA102-2020,http://www.led-color.com/upload/201604/APA102-2020%20SMD%20LED.pdf,1,APA102-2020
D1825,APA102-2020,LED_SMD:LED-APA102-2020,http://www.led-color.com/upload/201604/APA102-2020%20SMD%20LED.pdf,1,APA102-2020
D1826,APA102-2020,LED_SMD:LED-APA102-2020,http://www.led-color.com/upload/201604/APA102-2020%20SMD%20LED.pdf,1,APA102-2020
D1827,APA102-2020,LED_SMD:LED-APA102-2020,http://www.led-color.com/upload/201604/APA102-2020%20SMD%20LED.pdf,1,APA102-2020
D1828,APA102-2020,LED_SMD:LED-APA102-2020,http://www.led-color.com/upload/201604/APA102-2020%20SMD%20LED.pdf,1,APA102-2020
D1829,APA102-2020,LED_SMD:LED-APA102-2020,http://www.led-color.com/upload/201604/APA102-2020%20SMD%20LED.pdf,1,APA102-2020
D1830,APA102-2020,LED_SMD:LED-APA102-2020,http://www.led-color.com/upload/201604/APA102-2020%20SMD%20LED.pdf,1,APA102-2020
D1831,APA102-2020,LED_SMD:LED-APA102-2020,http://www.led-color.com/upload/201604/APA102-2020%20SMD%20LED.pdf,1,APA102-2020
D1832,APA102-2020,LED_SMD:LED-APA102-2020,http://www.led-color.com/upload/201604/APA102-2020%20SMD%20LED.pdf,1,APA102-2020
D1833,APA102-2020,LED_SMD:LED-APA102-2020,http://www.led-color.com/upload/201604/APA102-2020%20SMD%20LED.pdf,1,APA102-2020
D1834,APA102-2020,LED_SMD:LED-APA102-2020,http://www.led-color.com/upload/201604/APA102-2020%20SMD%20LED.pdf,1,APA102-2020
D1835,APA102-2020,LED_SMD:LED-APA102-2020,http://www.led-color.com/upload/201604/APA102-2020%20SMD%20LED.pdf,1,APA102-2020
D1836,APA102-2020,LED_SMD:LED-APA102-2020,http://www.led-color.com/upload/201604/APA102-2020%20SMD%20LED.pdf,1,APA102-2020
D1837,APA102-2020,LED_SMD:LED-APA102-2020,http://www.led-color.com/upload/201604/APA102-2020%20SMD%20LED.pdf,1,APA102-2020
D1838,APA102-2020,LED_SMD:LED-APA102-2020,http://www.led-color.com/upload/201604/APA102-2020%20SMD%20LED.pdf,1,APA102-2020
D1839,APA102-2020,LED_SMD:LED-APA102-2020,http://www.led-color.com/upload/201604/APA102-2020%20SMD%20LED.pdf,1,APA102-2020
D1840,APA102-2020,LED_SMD:LED-APA102-2020,http://www.led-color.com/upload/201604/APA102-2020%20SMD%20LED.pdf,1,APA102-2020
D1841,APA102-2020,LED_SMD:LED-APA102-2020,http://www.led-color.com/upload/201604/APA102-2020%20SMD%20LED.pdf,1,APA102-2020
D1842,APA102-2020,LED_SMD:LED-APA102-2020,http://www.led-color.com/upload/201604/APA102-2020%20SMD%20LED.pdf,1,APA102-2020
D1843,APA102-2020,LED_SMD:LED-APA102-2020,http://www.led-color.com/upload/201604/APA102-2020%20SMD%20LED.pdf,1,APA102-2020
D1844,APA102-2020,LED_SMD:LED-APA102-2020,http://www.led-color.com/upload/201604/APA102-2020%20SMD%20LED.pdf,1,APA102-2020
D1845,APA102-2020,LED_SMD:LED-APA102-2020,http://www.led-color.com/upload/201604/APA102-2020%20SMD%20LED.pdf,1,APA102-2020
D1846,APA102-2020,LED_SMD:LED-APA102-2020,http://www.led-color.com/upload/201604/APA102-2020%20SMD%20LED.pdf,1,APA102-2020
D1847,APA102-2020,LED_SMD:LED-APA102-2020,http://www.led-color.com/upload/201604/APA102-2020%20SMD%20LED.pdf,1,APA102-2020
D1848,APA102-2020,LED_SMD:LED-APA102-2020,http://www.led-color.com/upload/201604/APA102-2020%20SMD%20LED.pdf,1,APA102-2020
D1849,APA102-2020,LED_SMD:LED-APA102-2020,http://www.led-color.com/upload/201604/APA102-2020%20SMD%20LED.pdf,1,APA102-2020
D1850,APA102-2020,LED_SMD:LED-APA102-2020,http://www.led-color.com/upload/201604/APA102-2020%20SMD%20LED.pdf,1,APA102-2020
D1851,APA102-2020,LED_SMD:LED-APA102-2020,http://www.led-color.com/upload/201604/APA102-2020%20SMD%20LED.pdf,1,APA102-2020
D1852,APA102-2020,LED_SMD:LED-APA102-2020,http://www.led-color.com/upload/201604/APA102-2020%20SMD%20LED.pdf,1,APA102-2020
D1853,APA102-2020,LED_SMD:LED-APA102-2020,http://www.led-color.com/upload/201604/APA102-2020%20SMD%20LED.pdf,1,APA102-2020
D1854,APA102-2020,LED_SMD:LED-APA102-2020,http://www.led-color.com/upload/201604/APA102-2020%20SMD%20LED.pdf,1,APA102-2020
D1855,APA102-2020,LED_SMD:LED-APA102-2020,http://www.led-color.com/upload/201604/APA102-2020%20SMD%20LED.pdf,1,APA102-2020
D1856,APA102-2020,LED_SMD:LED-APA102-2020,http://www.led-color.com/upload/201604/APA102-2020%20SMD%20LED.pdf,1,APA102-2020
D1857,APA102-2020,LED_SMD:LED-APA102-2020,http://www.led-color.com/upload/201604/APA102-2020%20SMD%20LED.pdf,1,APA102-2020
D1858,APA102-2020,LED_SMD:LED-APA102-2020,http://www.led-color.com/upload/201604/APA102-2020%20SMD%20LED.pdf,1,APA102-2020
D1859,APA102-2020,LED_SMD:LED-APA102-2020,http://www.led-color.com/upload/201604/APA102-2020%20SMD%20LED.pdf,1,APA102-2020
D1860,APA102-2020,LED_SMD:LED-APA102-2020,http://www.led-color.com/upload/201604/APA102-2020%20SMD%20LED.pdf,1,APA102-2020
D1861,APA102-2020,LED_SMD:LED-APA102-2020,http://www.led-color.com/upload/201604/APA102-2020%20SMD%20LED.pdf,1,APA102-2020
D1862,APA102-2020,LED_SMD:LED-APA102-2020,http://www.led-color.com/upload/201604/APA102-2020%20SMD%20LED.pdf,1,APA102-2020
D1863,APA102-2020,LED_SMD:LED-APA102-2020,http://www.led-color.com/upload/201604/APA102-2020%20SMD%20LED.pdf,1,APA102-2020
D1864,APA102-2020,LED_SMD:LED-APA102-2020,http://www.led-color.com/upload/201604/APA102-2020%20SMD%20LED.pdf,1,APA102-2020
D1865,APA102-2020,LED_SMD:LED-APA102-2020,http://www.led-color.com/upload/201604/APA102-2020%20SMD%20LED.pdf,1,APA102-2020
D1866,APA102-2020,LED_SMD:LED-APA102-2020,http://www.led-color.com/upload/201604/APA102-2020%20SMD%20LED.pdf,1,APA102-2020
D1867,APA102-2020,LED_SMD:LED-APA102-2020,http://www.led-color.com/upload/201604/APA102-2020%20SMD%20LED.pdf,1,APA102-2020
D1868,APA102-2020,LED_SMD:LED-APA102-2020,http://www.led-color.com/upload/201604/APA102-2020%20SMD%20LED.pdf,1,APA102-2020
D1869,APA102-2020,LED_SMD:LED-APA102-2020,http://www.led-color.com/upload/201604/APA102-2020%20SMD%20LED.pdf,1,APA102-2020
D1870,APA102-2020,LED_SMD:LED-APA102-2020,http://www.led-color.com/upload/201604/APA102-2020%20SMD%20LED.pdf,1,APA102-2020
D1871,APA102-2020,LED_SMD:LED-APA102-2020,http://www.led-color.com/upload/201604/APA102-2020%20SMD%20LED.pdf,1,APA102-2020
D1872,APA102-2020,LED_SMD:LED-APA102-2020,http://www.led-color.com/upload/201604/APA102-2020%20SMD%20LED.pdf,1,APA102-2020
D1873,APA102-2020,LED_SMD:LED-APA102-2020,http://www.led-color.com/upload/201604/APA102-2020%20SMD%20LED.pdf,1,APA102-2020
D1874,APA102-2020,LED_SMD:LED-APA102-2020,http://www.led-color.com/upload/201604/APA102-2020%20SMD%20LED.pdf,1,APA102-2020
D1875,APA102-2020,LED_SMD:LED-APA102-2020,http://www.led-color.com/upload/201604/APA102-2020%20SMD%20LED.pdf,1,APA102-2020
D1876,APA102-2020,LED_SMD:LED-APA102-2020,http://www.led-color.com/upload/201604/APA102-2020%20SMD%20LED.pdf,1,APA102-2020
D1877,APA102-2020,LED_SMD:LED-APA102-2020,http://www.led-color.com/upload/201604/APA102-2020%20SMD%20LED.pdf,1,APA102-2020
D1878,APA102-2020,LED_SMD:LED-APA102-2020,http://www.led-color.com/upload/201604/APA102-2020%20SMD%20LED.pdf,1,APA102-2020
D1879,APA102-2020,LED_SMD:LED-APA102-2020,http://www.led-color.com/upload/201604/APA102-2020%20SMD%20LED.pdf,1,APA102-2020
D1880,APA102-2020,LED_SMD:LED-APA102-2020,http://www.led-color.com/upload/201604/APA102-2020%20SMD%20LED.pdf,1,APA102-2020
D1881,APA102-2020,LED_SMD:LED-APA102-2020,http://www.led-color.com/upload/201604/APA102-2020%20SMD%20LED.pdf,1,APA102-2020
D1882,APA102-2020,LED_SMD:LED-APA102-2020,http://www.led-color.com/upload/201604/APA102-2020%20SMD%20LED.pdf,1,APA102-2020
D1883,APA102-2020,LED_SMD:LED-APA102-2020,http://www.led-color.com/upload/201604/APA102-2020%20SMD%20LED.pdf,1,APA102-2020
D1884,APA102-2020,LED_SMD:LED-APA102-2020,http://www.led-color.com/upload/201604/APA102-2020%20SMD%20LED.pdf,1,APA102-2020
D1885,APA102-2020,LED_SMD:LED-APA102-2020,http://www.led-color.com/upload/201604/APA102-2020%20SMD%20LED.pdf,1,APA102-2020
D1886,APA102-2020,LED_SMD:LED-APA102-2020,http://www.led-color.com/upload/201604/APA102-2020%20SMD%20LED.pdf,1,APA102-2020
D1887,APA102-2020,LED_SMD:LED-APA102-2020,http://www.led-color.com/upload/201604/APA102-2020%20SMD%20LED.pdf,1,APA102-2020
D1888,APA102-2020,LED_SMD:LED-APA102-2020,http://www.led-color.com/upload/201604/APA102-2020%20SMD%20LED.pdf,1,APA102-2020
D1889,APA102-2020,LED_SMD:LED-APA102-2020,http://www.led-color.com/upload/201604/APA102-2020%20SMD%20LED.pdf,1,APA102-2020
D1890,APA102-2020,LED_SMD:LED-APA102-2020,http://www.led-color.com/upload/201604/APA102-2020%20SMD%20LED.pdf,1,APA102-2020
D1891,APA102-2020,LED_SMD:LED-APA102-2020,http://www.led-color.com/upload/201604/APA102-2020%20SMD%20LED.pdf,1,APA102-2020
D1892,APA102-2020,LED_SMD:LED-APA102-2020,http://www.led-color.com/upload/201604/APA102-2020%20SMD%20LED.pdf,1,APA102-2020
D1893,APA102-2020,LED_SMD:LED-APA102-2020,http://www.led-color.com/upload/201604/APA102-2020%20SMD%20LED.pdf,1,APA102-2020
D1894,APA102-2020,LED_SMD:LED-APA102-2020,http://www.led-color.com/upload/201604/APA102-2020%20SMD%20LED.pdf,1,APA102-2020
D1895,APA102-2020,LED_SMD:LED-APA102-2020,http://www.led-color.com/upload/201604/APA102-2020%20SMD%20LED.pdf,1,APA102-2020
D1896,APA102-2020,LED_SMD:LED-APA102-2020,http://www.led-color.com/upload/201604/APA102-2020%20SMD%20LED.pdf,1,APA102-2020
D1897,APA102-2020,LED_SMD:LED-APA102-2020,http://www.led-color.com/upload/201604/APA102-2020%20SMD%20LED.pdf,1,APA102-2020
D1898,APA102-2020,LED_SMD:LED-APA102-2020,http://www.led-color.com/upload/201604/APA102-2020%20SMD%20LED.pdf,1,APA102-2020
D1899,APA102-2020,LED_SMD:LED-APA102-2020,http://www.led-color.com/upload/201604/APA102-2020%20SMD%20LED.pdf,1,APA102-2020
D1900,APA102-2020,LED_SMD:LED-APA102-2020,http://www.led-color.com/upload/201604/APA102-2020%20SMD%20LED.pdf,1,APA102-2020
D1901,APA102-2020,LED_SMD:LED-APA102-2020,http://www.led-color.com/upload/201604/APA102-2020%20SMD%20LED.pdf,1,APA102-2020
D1902,APA102-2020,LED_SMD:LED-APA102-2020,http://www.led-color.com/upload/201604/APA102-2020%20SMD%20LED.pdf,1,APA102-2020
D1903,APA102-2020,LED_SMD:LED-APA102-2020,http://www.led-color.com/upload/201604/APA102-2020%20SMD%20LED.pdf,1,APA102-2020
D1904,APA102-2020,LED_SMD:LED-APA102-2020,http://www.led-color.com/upload/201604/APA102-2020%20SMD%20LED.pdf,1,APA102-2020
D1905,APA102-2020,LED_SMD:LED-APA102-2020,http://www.led-color.com/upload/201604/APA102-2020%20SMD%20LED.pdf,1,APA102-2020
D1906,APA102-2020,LED_SMD:LED-APA102-2020,http://www.led-color.com/upload/201604/APA102-2020%20SMD%20LED.pdf,1,APA102-2020
D1907,APA102-2020,LED_SMD:LED-APA102-2020,http://www.led-color.com/upload/201604/APA102-2020%20SMD%20LED.pdf,1,APA102-2020
D1908,APA102-2020,LED_SMD:LED-APA102-2020,http://www.led-color.com/upload/201604/APA102-2020%20SMD%20LED.pdf,1,APA102-2020
D1909,APA102-2020,LED_SMD:LED-APA102-2020,http://www.led-color.com/upload/201604/APA102-2020%20SMD%20LED.pdf,1,APA102-2020
D1910,APA102-2020,LED_SMD:LED-APA102-2020,http://www.led-color.com/upload/201604/APA102-2020%20SMD%20LED.pdf,1,APA102-2020
D1911,APA102-2020,LED_SMD:LED-APA102-2020,http://www.led-color.com/upload/201604/APA102-2020%20SMD%20LED.pdf,1,APA102-2020
D1912,APA102-2020,LED_SMD:LED-APA102-2020,http://www.led-color.com/upload/201604/APA102-2020%20SMD%20LED.pdf,1,APA102-2020
D1913,APA102-2020,LED_SMD:LED-APA102-2020,http://www.led-color.com/upload/201604/APA102-2020%20SMD%20LED.pdf,1,APA102-2020
D1914,APA102-2020,LED_SMD:LED-APA102-2020,http://www.led-color.com/upload/201604/APA102-2020%20SMD%20LED.pdf,1,APA102-2020
D1915,APA102-2020,LED_SMD:LED-APA102-2020,http://www.led-color.com/upload/201604/APA102-2020%20SMD%20LED.pdf,1,APA102-2020
D1916,APA102-2020,LED_SMD:LED-APA102-2020,http://www.led-color.com/upload/201604/APA102-2020%20SMD%20LED.pdf,1,APA102-2020
D1917,APA102-2020,LED_SMD:LED-APA102-2020,http://www.led-color.com/upload/201604/APA102-2020%20SMD%20LED.pdf,1,APA102-2020
D1918,APA102-2020,LED_SMD:LED-APA102-2020,http://www.led-color.com/upload/201604/APA102-2020%20SMD%20LED.pdf,1,APA102-2020
D1919,APA102-2020,LED_SMD:LED-APA102-2020,http://www.led-color.com/upload/201604/APA102-2020%20SMD%20LED.pdf,1,APA102-2020
D1920,APA102-2020,LED_SMD:LED-APA102-2020,http://www.led-color.com/upload/201604/APA102-2020%20SMD%20LED.pdf,1,APA102-2020
D1921,APA102-2020,LED_SMD:LED-APA102-2020,http://www.led-color.com/upload/201604/APA102-2020%20SMD%20LED.pdf,1,APA102-2020
D1922,APA102-2020,LED_SMD:LED-APA102-2020,http://www.led-color.com/upload/201604/APA102-2020%20SMD%20LED.pdf,1,APA102-2020
D1923,APA102-2020,LED_SMD:LED-APA102-2020,http://www.led-color.com/upload/201604/APA102-2020%20SMD%20LED.pdf,1,APA102-2020
D1924,APA102-2020,LED_SMD:LED-APA102-2020,http://www.led-color.com/upload/201604/APA102-2020%20SMD%20LED.pdf,1,APA102-2020
D1925,APA102-2020,LED_SMD:LED-APA102-2020,http://www.led-color.com/upload/201604/APA102-2020%20SMD%20LED.pdf,1,APA102-2020
D1926,APA102-2020,LED_SMD:LED-APA102-2020,http://www.led-color.com/upload/201604/APA102-2020%20SMD%20LED.pdf,1,APA102-2020
D1927,APA102-2020,LED_SMD:LED-APA102-2020,http://www.led-color.com/upload/201604/APA102-2020%20SMD%20LED.pdf,1,APA102-2020
D1928,APA102-2020,LED_SMD:LED-APA102-2020,http://www.led-color.com/upload/201604/APA102-2020%20SMD%20LED.pdf,1,APA102-2020
D1929,APA102-2020,LED_SMD:LED-APA102-2020,http://www.led-color.com/upload/201604/APA102-2020%20SMD%20LED.pdf,1,APA102-2020
D1930,APA102-2020,LED_SMD:LED-APA102-2020,http://www.led-color.com/upload/201604/APA102-2020%20SMD%20LED.pdf,1,APA102-2020
D1931,APA102-2020,LED_SMD:LED-APA102-2020,http://www.led-color.com/upload/201604/APA102-2020%20SMD%20LED.pdf,1,APA102-2020
D1932,APA102-2020,LED_SMD:LED-APA102-2020,http://www.led-color.com/upload/201604/APA102-2020%20SMD%20LED.pdf,1,APA102-2020
D1933,APA102-2020,LED_SMD:LED-APA102-2020,http://www.led-color.com/upload/201604/APA102-2020%20SMD%20LED.pdf,1,APA102-2020
D1934,APA102-2020,LED_SMD:LED-APA102-2020,http://www.led-color.com/upload/201604/APA102-2020%20SMD%20LED.pdf,1,APA102-2020
D1935,APA102-2020,LED_SMD:LED-APA102-2020,http://www.led-color.com/upload/201604/APA102-2020%20SMD%20LED.pdf,1,APA102-2020
D1936,APA102-2020,LED_SMD:LED-APA102-2020,http://www.led-color.com/upload/201604/APA102-2020%20SMD%20LED.pdf,1,APA102-2020
D1937,APA102-2020,LED_SMD:LED-APA102-2020,http://www.led-color.com/upload/201604/APA102-2020%20SMD%20LED.pdf,1,APA102-2020
D1938,APA102-2020,LED_SMD:LED-APA102-2020,http://www.led-color.com/upload/201604/APA102-2020%20SMD%20LED.pdf,1,APA102-2020
D1939,APA102-2020,LED_SMD:LED-APA102-2020,http://www.led-color.com/upload/201604/APA102-2020%20SMD%20LED.pdf,1,APA102-2020
D1940,APA102-2020,LED_SMD:LED-APA102-2020,http://www.led-color.com/upload/201604/APA102-2020%20SMD%20LED.pdf,1,APA102-2020
D1941,APA102-2020,LED_SMD:LED-APA102-2020,http://www.led-color.com/upload/201604/APA102-2020%20SMD%20LED.pdf,1,APA102-2020
D1942,APA102-2020,LED_SMD:LED-APA102-2020,http://www.led-color.com/upload/201604/APA102-2020%20SMD%20LED.pdf,1,APA102-2020
D1943,APA102-2020,LED_SMD:LED-APA102-2020,http://www.led-color.com/upload/201604/APA102-2020%20SMD%20LED.pdf,1,APA102-2020
D1944,APA102-2020,LED_SMD:LED-APA102-2020,http://www.led-color.com/upload/201604/APA102-2020%20SMD%20LED.pdf,1,APA102-2020
D1945,APA102-2020,LED_SMD:LED-APA102-2020,http://www.led-color.com/upload/201604/APA102-2020%20SMD%20LED.pdf,1,APA102-2020
D1946,APA102-2020,LED_SMD:LED-APA102-2020,http://www.led-color.com/upload/201604/APA102-2020%20SMD%20LED.pdf,1,APA102-2020
D1947,APA102-2020,LED_SMD:LED-APA102-2020,http://www.led-color.com/upload/201604/APA102-2020%20SMD%20LED.pdf,1,APA102-2020
D1948,APA102-2020,LED_SMD:LED-APA102-2020,http://www.led-color.com/upload/201604/APA102-2020%20SMD%20LED.pdf,1,APA102-2020
D1949,APA102-2020,LED_SMD:LED-APA102-2020,http://www.led-color.com/upload/201604/APA102-2020%20SMD%20LED.pdf,1,APA102-2020
D1950,APA102-2020,LED_SMD:LED-APA102-2020,http://www.led-color.com/upload/201604/APA102-2020%20SMD%20LED.pdf,1,APA102-2020
D1951,APA102-2020,LED_SMD:LED-APA102-2020,http://www.led-color.com/upload/201604/APA102-2020%20SMD%20LED.pdf,1,APA102-2020
D1952,APA102-2020,LED_SMD:LED-APA102-2020,http://www.led-color.com/upload/201604/APA102-2020%20SMD%20LED.pdf,1,APA102-2020
D1953,APA102-2020,LED_SMD:LED-APA102-2020,http://www.led-color.com/upload/201604/APA102-2020%20SMD%20LED.pdf,1,APA102-2020
D1954,APA102-2020,LED_SMD:LED-APA102-2020,http://www.led-color.com/upload/201604/APA102-2020%20SMD%20LED.pdf,1,APA102-2020
D1955,APA102-2020,LED_SMD:LED-APA102-2020,http://www.led-color.com/upload/201604/APA102-2020%20SMD%20LED.pdf,1,APA102-2020
D1956,APA102-2020,LED_SMD:LED-APA102-2020,http://www.led-color.com/upload/201604/APA102-2020%20SMD%20LED.pdf,1,APA102-2020
D1957,APA102-2020,LED_SMD:LED-APA102-2020,http://www.led-color.com/upload/201604/APA102-2020%20SMD%20LED.pdf,1,APA102-2020
D1958,APA102-2020,LED_SMD:LED-APA102-2020,http://www.led-color.com/upload/201604/APA102-2020%20SMD%20LED.pdf,1,APA102-2020
D1959,APA102-2020,LED_SMD:LED-APA102-2020,http://www.led-color.com/upload/201604/APA102-2020%20SMD%20LED.pdf,1,APA102-2020
D1960,APA102-2020,LED_SMD:LED-APA102-2020,http://www.led-color.com/upload/201604/APA102-2020%20SMD%20LED.pdf,1,APA102-2020
D1961,APA102-2020,LED_SMD:LED-APA102-2020,http://www.led-color.com/upload/201604/APA102-2020%20SMD%20LED.pdf,1,APA102-2020
D1962,APA102-2020,LED_SMD:LED-APA102-2020,http://www.led-color.com/upload/201604/APA102-2020%20SMD%20LED.pdf,1,APA102-2020
D1963,APA102-2020,LED_SMD:LED-APA102-2020,http://www.led-color.com/upload/201604/APA102-2020%20SMD%20LED.pdf,1,APA102-2020
D1964,APA102-2020,LED_SMD:LED-APA102-2020,http://www.led-color.com/upload/201604/APA102-2020%20SMD%20LED.pdf,1,APA102-2020
D1965,APA102-2020,LED_SMD:LED-APA102-2020,http://www.led-color.com/upload/201604/APA102-2020%20SMD%20LED.pdf,1,APA102-2020
D1966,APA102-2020,LED_SMD:LED-APA102-2020,http://www.led-color.com/upload/201604/APA102-2020%20SMD%20LED.pdf,1,APA102-2020
D1967,APA102-2020,LED_SMD:LED-APA102-2020,http://www.led-color.com/upload/201604/APA102-2020%20SMD%20LED.pdf,1,APA102-2020
D1968,APA102-2020,LED_SMD:LED-APA102-2020,http://www.led-color.com/upload/201604/APA102-2020%20SMD%20LED.pdf,1,APA102-2020
D1969,APA102-2020,LED_SMD:LED-APA102-2020,http://www.led-color.com/upload/201604/APA102-2020%20SMD%20LED.pdf,1,APA102-2020
D1970,APA102-2020,LED_SMD:LED-APA102-2020,http://www.led-color.com/upload/201604/APA102-2020%20SMD%20LED.pdf,1,APA102-2020
D1971,APA102-2020,LED_SMD:LED-APA102-2020,http://www.led-color.com/upload/201604/APA102-2020%20SMD%20LED.pdf,1,APA102-2020
D1972,APA102-2020,LED_SMD:LED-APA102-2020,http://www.led-color.com/upload/201604/APA102-2020%20SMD%20LED.pdf,1,APA102-2020
D1973,APA102-2020,LED_SMD:LED-APA102-2020,http://www.led-color.com/upload/201604/APA102-2020%20SMD%20LED.pdf,1,APA102-2020
D1974,APA102-2020,LED_SMD:LED-APA102-2020,http://www.led-color.com/upload/201604/APA102-2020%20SMD%20LED.pdf,1,APA102-2020
D1975,APA102-2020,LED_SMD:LED-APA102-2020,http://www.led-color.com/upload/201604/APA102-2020%20SMD%20LED.pdf,1,APA102-2020
D1976,APA102-2020,LED_SMD:LED-APA102-2020,http://www.led-color.com/upload/201604/APA102-2020%20SMD%20LED.pdf,1,APA102-2020
D1977,APA102-2020,LED_SMD:LED-APA102-2020,http://www.led-color.com/upload/201604/APA102-2020%20SMD%20LED.pdf,1,APA102-2020
D1978,APA102-2020,LED_SMD:LED-APA102-2020,http://www.led-color.com/upload/201604/APA102-2020%20SMD%20LED.pdf,1,APA102-2020
D1979,APA102-2020,LED_SMD:LED-APA102-2020,http://www.led-color.com/upload/201604/APA102-2020%20SMD%20LED.pdf,1,APA102-2020
D1980,APA102-2020,LED_SMD:LED-APA102-2020,http://www.led-color.com/upload/201604/APA102-2020%20SMD%20LED.pdf,1,APA102-2020
D1981,APA102-2020,LED_SMD:LED-APA102-2020,http://www.led-color.com/upload/201604/APA102-2020%20SMD%20LED.pdf,1,APA102-2020
D1982,APA102-2020,LED_SMD:LED-APA102-2020,http://www.led-color.com/upload/201604/APA102-2020%20SMD%20LED.pdf,1,APA102-2020
D1983,APA102-2020,LED_SMD:LED-APA102-2020,http://www.led-color.com/upload/201604/APA102-2020%20SMD%20LED.pdf,1,APA102-2020
D1984,APA102-2020,LED_SMD:LED-APA102-2020,http://www.led-color.com/upload/201604/APA102-2020%20SMD%20LED.pdf,1,APA102-2020
D1985,APA102-2020,LED_SMD:LED-APA102-2020,http://www.led-color.com/upload/201604/APA102-2020%20SMD%20LED.pdf,1,APA102-2020
D1986,APA102-2020,LED_SMD:LED-APA102-2020,http://www.led-color.com/upload/201604/APA102-2020%20SMD%20LED.pdf,1,APA102-2020
D1987,APA102-2020,LED_SMD:LED-APA102-2020,http://www.led-color.com/upload/201604/APA102-2020%20SMD%20LED.pdf,1,APA102-2020
D1988,APA102-2020,LED_SMD:LED-APA102-2020,http://www.led-color.com/upload/201604/APA102-2020%20SMD%20LED.pdf,1,APA102-2020
D1989,APA102-2020,LED_SMD:LED-APA102-2020,http://www.led-color.com/upload/201604/APA102-2020%20SMD%20LED.pdf,1,APA102-2020
D1990,APA102-2020,LED_SMD:LED-APA102-2020,http://www.led-color.com/upload/201604/APA102-2020%20SMD%20LED.pdf,1,APA102-2020
D1991,APA102-2020,LED_SMD:LED-APA102-2020,http://www.led-color.com/upload/201604/APA102-2020%20SMD%20LED.pdf,1,APA102-2020
D1992,APA102-2020,LED_SMD:LED-APA102-2020,http://www.led-color.com/upload/201604/APA102-2020%20SMD%20LED.pdf,1,APA102-2020
D1993,APA102-2020,LED_SMD:LED-APA102-2020,http://www.led-color.com/upload/201604/APA102-2020%20SMD%20LED.pdf,1,APA102-2020
D1994,APA102-2020,LED_SMD:LED-APA102-2020,http://www.led-color.com/upload/201604/APA102-2020%20SMD%20LED.pdf,1,APA102-2020
D1995,APA102-2020,LED_SMD:LED-APA102-2020,http://www.led-color.com/upload/201604/APA102-2020%20SMD%20LED.pdf,1,APA102-2020
D1996,APA102-2020,LED_SMD:LED-APA102-2020,http://www.led-color.com/upload/201604/APA102-2020%20SMD%20LED.pdf,1,APA102-2020
D1997,APA102-2020,LED_SMD:LED-APA102-2020,http://www.led-color.com/upload/201604/APA102-2020%20SMD%20LED.pdf,1,APA102-2020
D1998,APA102-2020,LED_SMD:LED-APA102-2020,http://www.led-color.com/upload/201604/APA102-2020%20SMD%20LED.pdf,1,APA102-2020
D1999,APA102-2020,LED_SMD:LED-APA102-2020,http://www.led-color.com/upload/201604/APA102-2020%20SMD%20LED.pdf,1,APA102-2020
D2000,APA102-2020,LED_SMD:LED-APA102-2020,http://www.led-color.com/upload/201604/APA102-2020%20SMD%20LED.pdf,1,APA102-2020
D2001,APA102-2020,LED_SMD:LED-APA102-2020,http://www.led-color.com/upload/201604/APA102-2020%20SMD%20LED.pdf,1,APA102-2020
D2002,APA102-2020,LED_SMD:LED-APA102-2020,http://www.led-color.com/upload/201604/APA102-2020%20SMD%20LED.pdf,1,APA102-2020
D2003,APA102-2020,LED_SMD:LED-APA102-2020,http://www.led-color.com/upload/201604/APA102-2020%20SMD%20LED.pdf,1,APA102-2020
D2004,APA102-2020,LED_SMD:LED-APA102-2020,http://www.led-color.com/upload/201604/APA102-2020%20SMD%20LED.pdf,1,APA102-2020
D2005,APA102-2020,LED_SMD:LED-APA102-2020,http://www.led-color.com/upload/201604/APA102-2020%20SMD%20LED.pdf,1,APA102-2020
D2006,APA102-2020,LED_SMD:LED-APA102-2020,http://www.led-color.com/upload/201604/APA102-2020%20SMD%20LED.pdf,1,APA102-2020
D2007,APA102-2020,LED_SMD:LED-APA102-2020,http://www.led-color.com/upload/201604/APA102-2020%20SMD%20LED.pdf,1,APA102-2020
D2008,APA102-2020,LED_SMD:LED-APA102-2020,http://www.led-color.com/upload/201604/APA102-2020%20SMD%20LED.pdf,1,APA102-2020
D2009,APA102-2020,LED_SMD:LED-APA102-2020,http://www.led-color.com/upload/201604/APA102-2020%20SMD%20LED.pdf,1,APA102-2020
D2010,APA102-2020,LED_SMD:LED-APA102-2020,http://www.led-color.com/upload/201604/APA102-2020%20SMD%20LED.pdf,1,APA102-2020
D2011,APA102-2020,LED_SMD:LED-APA102-2020,http://www.led-color.com/upload/201604/APA102-2020%20SMD%20LED.pdf,1,APA102-2020
D2012,APA102-2020,LED_SMD:LED-APA102-2020,http://www.led-color.com/upload/201604/APA102-2020%20SMD%20LED.pdf,1,APA102-2020
D2013,APA102-2020,LED_SMD:LED-APA102-2020,http://www.led-color.com/upload/201604/APA102-2020%20SMD%20LED.pdf,1,APA102-2020
D2014,APA102-2020,LED_SMD:LED-APA102-2020,http://www.led-color.com/upload/201604/APA102-2020%20SMD%20LED.pdf,1,APA102-2020
D2015,APA102-2020,LED_SMD:LED-APA102-2020,http://www.led-color.com/upload/201604/APA102-2020%20SMD%20LED.pdf,1,APA102-2020
D2016,APA102-2020,LED_SMD:LED-APA102-2020,http://www.led-color.com/upload/201604/APA102-2020%20SMD%20LED.pdf,1,APA102-2020
D2017,APA102-2020,LED_SMD:LED-APA102-2020,http://www.led-color.com/upload/201604/APA102-2020%20SMD%20LED.pdf,1,APA102-2020
D2018,APA102-2020,LED_SMD:LED-APA102-2020,http://www.led-color.com/upload/201604/APA102-2020%20SMD%20LED.pdf,1,APA102-2020
D2019,APA102-2020,LED_SMD:LED-APA102-2020,http://www.led-color.com/upload/201604/APA102-2020%20SMD%20LED.pdf,1,APA102-2020
D2020,APA102-2020,LED_SMD:LED-APA102-2020,http://www.led-color.com/upload/201604/APA102-2020%20SMD%20LED.pdf,1,APA102-2020
D2021,APA102-2020,LED_SMD:LED-APA102-2020,http://www.led-color.com/upload/201604/APA102-2020%20SMD%20LED.pdf,1,APA102-2020
D2022,APA102-2020,LED_SMD:LED-APA102-2020,http://www.led-color.com/upload/201604/APA102-2020%20SMD%20LED.pdf,1,APA102-2020
D2023,APA102-2020,LED_SMD:LED-APA102-2020,http://www.led-color.com/upload/201604/APA102-2020%20SMD%20LED.pdf,1,APA102-2020
D2024,APA102-2020,LED_SMD:LED-APA102-2020,http://www.led-color.com/upload/201604/APA102-2020%20SMD%20LED.pdf,1,APA102-2020
D2025,APA102-2020,LED_SMD:LED-APA102-2020,http://www.led-color.com/upload/201604/APA102-2020%20SMD%20LED.pdf,1,APA102-2020
D2026,APA102-2020,LED_SMD:LED-APA102-2020,http://www.led-color.com/upload/201604/APA102-2020%20SMD%20LED.pdf,1,APA102-2020
D2027,APA102-2020,LED_SMD:LED-APA102-2020,http://www.led-color.com/upload/201604/APA102-2020%20SMD%20LED.pdf,1,APA102-2020
D2028,APA102-2020,LED_SMD:LED-APA102-2020,http://www.led-color.com/upload/201604/APA102-2020%20SMD%20LED.pdf,1,APA102-2020
D2029,APA102-2020,LED_SMD:LED-APA102-2020,http://www.led-color.com/upload/201604/APA102-2020%20SMD%20LED.pdf,1,APA102-2020
D2030,APA102-2020,LED_SMD:LED-APA102-2020,http://www.led-color.com/upload/201604/APA102-2020%20SMD%20LED.pdf,1,APA102-2020
D2031,APA102-2020,LED_SMD:LED-APA102-2020,http://www.led-color.com/upload/201604/APA102-2020%20SMD%20LED.pdf,1,APA102-2020
D2032,APA102-2020,LED_SMD:LED-APA102-2020,http://www.led-color.com/upload/201604/APA102-2020%20SMD%20LED.pdf,1,APA102-2020
D2033,APA102-2020,LED_SMD:LED-APA102-2020,http://www.led-color.com/upload/201604/APA102-2020%20SMD%20LED.pdf,1,APA102-2020
D2034,APA102-2020,LED_SMD:LED-APA102-2020,http://www.led-color.com/upload/201604/APA102-2020%20SMD%20LED.pdf,1,APA102-2020
D2035,APA102-2020,LED_SMD:LED-APA102-2020,http://www.led-color.com/upload/201604/APA102-2020%20SMD%20LED.pdf,1,APA102-2020
D2036,APA102-2020,LED_SMD:LED-APA102-2020,http://www.led-color.com/upload/201604/APA102-2020%20SMD%20LED.pdf,1,APA102-2020
D2037,APA102-2020,LED_SMD:LED-APA102-2020,http://www.led-color.com/upload/201604/APA102-2020%20SMD%20LED.pdf,1,APA102-2020
D2038,APA102-2020,LED_SMD:LED-APA102-2020,http://www.led-color.com/upload/201604/APA102-2020%20SMD%20LED.pdf,1,APA102-2020
D2039,APA102-2020,LED_SMD:LED-APA102-2020,http://www.led-color.com/upload/201604/APA102-2020%20SMD%20LED.pdf,1,APA102-2020
D2040,APA102-2020,LED_SMD:LED-APA102-2020,http://www.led-color.com/upload/201604/APA102-2020%20SMD%20LED.pdf,1,APA102-2020
D2041,APA102-2020,LED_SMD:LED-APA102-2020,http://www.led-color.com/upload/201604/APA102-2020%20SMD%20LED.pdf,1,APA102-2020
D2042,APA102-2020,LED_SMD:LED-APA102-2020,http://www.led-color.com/upload/201604/APA102-2020%20SMD%20LED.pdf,1,APA102-2020
D2043,APA102-2020,LED_SMD:LED-APA102-2020,http://www.led-color.com/upload/201604/APA102-2020%20SMD%20LED.pdf,1,APA102-2020
D2044,APA102-2020,LED_SMD:LED-APA102-2020,http://www.led-color.com/upload/201604/APA102-2020%20SMD%20LED.pdf,1,APA102-2020
D2045,APA102-2020,LED_SMD:LED-APA102-2020,http://www.led-color.com/upload/201604/APA102-2020%20SMD%20LED.pdf,1,APA102-2020
D2046,APA102-2020,LED_SMD:LED-APA102-2020,http://www.led-color.com/upload/201604/APA102-2020%20SMD%20LED.pdf,1,APA102-2020
D2047,APA102-2020,LED_SMD:LED-APA102-2020,http://www.led-color.com/upload/201604/APA102-2020%20SMD%20LED.pdf,1,APA102-2020
D2048,APA102-2020,LED_SMD:LED-APA102-2020,http://www.led-color.com/upload/201604/APA102-2020%20SMD%20LED.pdf,1,APA102-2020
D2049,APA102-2020,LED_SMD:LED-APA102-2020,http://www.led-color.com/upload/201604/APA102-2020%20SMD%20LED.pdf,1,APA102-2020
D2050,APA102-2020,LED_SMD:LED-APA102-2020,http://www.led-color.com/upload/201604/APA102-2020%20SMD%20LED.pdf,1,APA102-2020
D2051,APA102-2020,LED_SMD:LED-APA102-2020,http://www.led-color.com/upload/201604/APA102-2020%20SMD%20LED.pdf,1,APA102-2020
D2052,APA102-2020,LED_SMD:LED-APA102-2020,http://www.led-color.com/upload/201604/APA102-2020%20SMD%20LED.pdf,1,APA102-2020
D2053,APA102-2020,LED_SMD:LED-APA102-2020,http://www.led-color.com/upload/201604/APA102-2020%20SMD%20LED.pdf,1,APA102-2020
D2054,APA102-2020,LED_SMD:LED-APA102-2020,http://www.led-color.com/upload/201604/APA102-2020%20SMD%20LED.pdf,1,APA102-2020
D2055,APA102-2020,LED_SMD:LED-APA102-2020,http://www.led-color.com/upload/201604/APA102-2020%20SMD%20LED.pdf,1,APA102-2020
D2056,APA102-2020,LED_SMD:LED-APA102-2020,http://www.led-color.com/upload/201604/APA102-2020%20SMD%20LED.pdf,1,APA102-2020
D2057,APA102-2020,LED_SMD:LED-APA102-2020,http://www.led-color.com/upload/201604/APA102-2020%20SMD%20LED.pdf,1,APA102-2020
D2058,APA102-2020,LED_SMD:LED-APA102-2020,http://www.led-color.com/upload/201604/APA102-2020%20SMD%20LED.pdf,1,APA102-2020
D2059,APA102-2020,LED_SMD:LED-APA102-2020,http://www.led-color.com/upload/201604/APA102-2020%20SMD%20LED.pdf,1,APA102-2020
D2060,APA102-2020,LED_SMD:LED-APA102-2020,http://www.led-color.com/upload/201604/APA102-2020%20SMD%20LED.pdf,1,APA102-2020
D2061,APA102-2020,LED_SMD:LED-APA102-2020,http://www.led-color.com/upload/201604/APA102-2020%20SMD%20LED.pdf,1,APA102-2020
D2062,APA102-2020,LED_SMD:LED-APA102-2020,http://www.led-color.com/upload/201604/APA102-2020%20SMD%20LED.pdf,1,APA102-2020
D2063,APA102-2020,LED_SMD:LED-APA102-2020,http://www.led-color.com/upload/201604/APA102-2020%20SMD%20LED.pdf,1,APA102-2020
D2064,APA102-2020,LED_SMD:LED-APA102-2020,http://www.led-color.com/upload/201604/APA102-2020%20SMD%20LED.pdf,1,APA102-2020
D2065,APA102-2020,LED_SMD:LED-APA102-2020,http://www.led-color.com/upload/201604/APA102-2020%20SMD%20LED.pdf,1,APA102-2020
D2066,APA102-2020,LED_SMD:LED-APA102-2020,http://www.led-color.com/upload/201604/APA102-2020%20SMD%20LED.pdf,1,APA102-2020
D2067,APA102-2020,LED_SMD:LED-APA102-2020,http://www.led-color.com/upload/201604/APA102-2020%20SMD%20LED.pdf,1,APA102-2020
D2068,APA102-2020,LED_SMD:LED-APA102-2020,http://www.led-color.com/upload/201604/APA102-2020%20SMD%20LED.pdf,1,APA102-2020
D2069,APA102-2020,LED_SMD:LED-APA102-2020,http://www.led-color.com/upload/201604/APA102-2020%20SMD%20LED.pdf,1,APA102-2020
D2070,APA102-2020,LED_SMD:LED-APA102-2020,http://www.led-color.com/upload/201604/APA102-2020%20SMD%20LED.pdf,1,APA102-2020
D2071,APA102-2020,LED_SMD:LED-APA102-2020,http://www.led-color.com/upload/201604/APA102-2020%20SMD%20LED.pdf,1,APA102-2020
D2072,APA102-2020,LED_SMD:LED-APA102-2020,http://www.led-color.com/upload/201604/APA102-2020%20SMD%20LED.pdf,1,APA102-2020
D2073,APA102-2020,LED_SMD:LED-APA102-2020,http://www.led-color.com/upload/201604/APA102-2020%20SMD%20LED.pdf,1,APA102-2020
D2074,APA102-2020,LED_SMD:LED-APA102-2020,http://www.led-color.com/upload/201604/APA102-2020%20SMD%20LED.pdf,1,APA102-2020
D2075,APA102-2020,LED_SMD:LED-APA102-2020,http://www.led-color.com/upload/201604/APA102-2020%20SMD%20LED.pdf,1,APA102-2020
D2076,APA102-2020,LED_SMD:LED-APA102-2020,http://www.led-color.com/upload/201604/APA102-2020%20SMD%20LED.pdf,1,APA102-2020
D2077,APA102-2020,LED_SMD:LED-APA102-2020,http://www.led-color.com/upload/201604/APA102-2020%20SMD%20LED.pdf,1,APA102-2020
D2078,APA102-2020,LED_SMD:LED-APA102-2020,http://www.led-color.com/upload/201604/APA102-2020%20SMD%20LED.pdf,1,APA102-2020
D2079,APA102-2020,LED_SMD:LED-APA102-2020,http://www.led-color.com/upload/201604/APA102-2020%20SMD%20LED.pdf,1,APA102-2020
D2080,APA102-2020,LED_SMD:LED-APA102-2020,http://www.led-color.com/upload/201604/APA102-2020%20SMD%20LED.pdf,1,APA102-2020
D2081,APA102-2020,LED_SMD:LED-APA102-2020,http://www.led-color.com/upload/201604/APA102-2020%20SMD%20LED.pdf,1,APA102-2020
D2082,APA102-2020,LED_SMD:LED-APA102-2020,http://www.led-color.com/upload/201604/APA102-2020%20SMD%20LED.pdf,1,APA102-2020
D2083,APA102-2020,LED_SMD:LED-APA102-2020,http://www.led-color.com/upload/201604/APA102-2020%20SMD%20LED.pdf,1,APA102-2020
D2084,APA102-2020,LED_SMD:LED-APA102-2020,http://www.led-color.com/upload/201604/APA102-2020%20SMD%20LED.pdf,1,APA102-2020
D2085,APA102-2020,LED_SMD:LED-APA102-2020,http://www.led-color.com/upload/201604/APA102-2020%20SMD%20LED.pdf,1,APA102-2020
D2086,APA102-2020,LED_SMD:LED-APA102-2020,http://www.led-color.com/upload/201604/APA102-2020%20SMD%20LED.pdf,1,APA102-2020
D2087,APA102-2020,LED_SMD:LED-APA102-2020,http://www.led-color.com/upload/201604/APA102-2020%20SMD%20LED.pdf,1,APA102-2020
D2088,APA102-2020,LED_SMD:LED-APA102-2020,http://www.led-color.com/upload/201604/APA102-2020%20SMD%20LED.pdf,1,APA102-2020
D2089,APA102-2020,LED_SMD:LED-APA102-2020,http://www.led-color.com/upload/201604/APA102-2020%20SMD%20LED.pdf,1,APA102-2020
D2090,APA102-2020,LED_SMD:LED-APA102-2020,http://www.led-color.com/upload/201604/APA102-2020%20SMD%20LED.pdf,1,APA102-2020
D2091,APA102-2020,LED_SMD:LED-APA102-2020,http://www.led-color.com/upload/201604/APA102-2020%20SMD%20LED.pdf,1,APA102-2020
D2092,APA102-2020,LED_SMD:LED-APA102-2020,http://www.led-color.com/upload/201604/APA102-2020%20SMD%20LED.pdf,1,APA102-2020
D2093,APA102-2020,LED_SMD:LED-APA102-2020,http://www.led-color.com/upload/201604/APA102-2020%20SMD%20LED.pdf,1,APA102-2020
D2094,APA102-2020,LED_SMD:LED-APA102-2020,http://www.led-color.com/upload/201604/APA102-2020%20SMD%20LED.pdf,1,APA102-2020
D2095,APA102-2020,LED_SMD:LED-APA102-2020,http://www.led-color.com/upload/201604/APA102-2020%20SMD%20LED.pdf,1,APA102-2020
D2096,APA102-2020,LED_SMD:LED-APA102-2020,http://www.led-color.com/upload/201604/APA102-2020%20SMD%20LED.pdf,1,APA102-2020
D2097,APA102-2020,LED_SMD:LED-APA102-2020,http://www.led-color.com/upload/201604/APA102-2020%20SMD%20LED.pdf,1,APA102-2020
D2098,APA102-2020,LED_SMD:LED-APA102-2020,http://www.led-color.com/upload/201604/APA102-2020%20SMD%20LED.pdf,1,APA102-2020
D2099,APA102-2020,LED_SMD:LED-APA102-2020,http://www.led-color.com/upload/201604/APA102-2020%20SMD%20LED.pdf,1,APA102-2020
D2100,APA102-2020,LED_SMD:LED-APA102-2020,http://www.led-color.com/upload/201604/APA102-2020%20SMD%20LED.pdf,1,APA102-2020
D2101,APA102-2020,LED_SMD:LED-APA102-2020,http://www.led-color.com/upload/201604/APA102-2020%20SMD%20LED.pdf,1,APA102-2020
D2102,APA102-2020,LED_SMD:LED-APA102-2020,http://www.led-color.com/upload/201604/APA102-2020%20SMD%20LED.pdf,1,APA102-2020
D2103,APA102-2020,LED_SMD:LED-APA102-2020,http://www.led-color.com/upload/201604/APA102-2020%20SMD%20LED.pdf,1,APA102-2020
D2104,APA102-2020,LED_SMD:LED-APA102-2020,http://www.led-color.com/upload/201604/APA102-2020%20SMD%20LED.pdf,1,APA102-2020
D2105,APA102-2020,LED_SMD:LED-APA102-2020,http://www.led-color.com/upload/201604/APA102-2020%20SMD%20LED.pdf,1,APA102-2020
D2106,APA102-2020,LED_SMD:LED-APA102-2020,http://www.led-color.com/upload/201604/APA102-2020%20SMD%20LED.pdf,1,APA102-2020
D2107,APA102-2020,LED_SMD:LED-APA102-2020,http://www.led-color.com/upload/201604/APA102-2020%20SMD%20LED.pdf,1,APA102-2020
D2108,APA102-2020,LED_SMD:LED-APA102-2020,http://www.led-color.com/upload/201604/APA102-2020%20SMD%20LED.pdf,1,APA102-2020
D2109,APA102-2020,LED_SMD:LED-APA102-2020,http://www.led-color.com/upload/201604/APA102-2020%20SMD%20LED.pdf,1,APA102-2020
D2110,APA102-2020,LED_SMD:LED-APA102-2020,http://www.led-color.com/upload/201604/APA102-2020%20SMD%20LED.pdf,1,APA102-2020
D2111,APA102-2020,LED_SMD:LED-APA102-2020,http://www.led-color.com/upload/201604/APA102-2020%20SMD%20LED.pdf,1,APA102-2020
D2112,APA102-2020,LED_SMD:LED-APA102-2020,http://www.led-color.com/upload/201604/APA102-2020%20SMD%20LED.pdf,1,APA102-2020
D2113,APA102-2020,LED_SMD:LED-APA102-2020,http://www.led-color.com/upload/201604/APA102-2020%20SMD%20LED.pdf,1,APA102-2020
D2114,APA102-2020,LED_SMD:LED-APA102-2020,http://www.led-color.com/upload/201604/APA102-2020%20SMD%20LED.pdf,1,APA102-2020
D2115,APA102-2020,LED_SMD:LED-APA102-2020,http://www.led-color.com/upload/201604/APA102-2020%20SMD%20LED.pdf,1,APA102-2020
D2116,APA102-2020,LED_SMD:LED-APA102-2020,http://www.led-color.com/upload/201604/APA102-2020%20SMD%20LED.pdf,1,APA102-2020
D2117,APA102-2020,LED_SMD:LED-APA102-2020,http://www.led-color.com/upload/201604/APA102-2020%20SMD%20LED.pdf,1,APA102-2020
D2118,APA102-2020,LED_SMD:LED-APA102-2020,http://www.led-color.com/upload/201604/APA102-2020%20SMD%20LED.pdf,1,APA102-2020
D2119,APA102-2020,LED_SMD:LED-APA102-2020,http://www.led-color.com/upload/201604/APA102-2020%20SMD%20LED.pdf,1,APA102-2020
D2120,APA102-2020,LED_SMD:LED-APA102-2020,http://www.led-color.com/upload/201604/APA102-2020%20SMD%20LED.pdf,1,APA102-2020
D2121,APA102-2020,LED_SMD:LED-APA102-2020,http://www.led-color.com/upload/201604/APA102-2020%20SMD%20LED.pdf,1,APA102-2020
D2122,APA102-2020,LED_SMD:LED-APA102-2020,http://www.led-color.com/upload/201604/APA102-2020%20SMD%20LED.pdf,1,APA102-2020
D2123,APA102-2020,LED_SMD:LED-APA102-2020,http://www.led-color.com/upload/201604/APA102-2020%20SMD%20LED.pdf,1,APA102-2020
D2124,APA102-2020,LED_SMD:LED-APA102-2020,http://www.led-color.com/upload/201604/APA102-2020%20SMD%20LED.pdf,1,APA102-2020
D2125,APA102-2020,LED_SMD:LED-APA102-2020,http://www.led-color.com/upload/201604/APA102-2020%20SMD%20LED.pdf,1,APA102-2020
D2126,APA102-2020,LED_SMD:LED-APA102-2020,http://www.led-color.com/upload/201604/APA102-2020%20SMD%20LED.pdf,1,APA102-2020
D2127,APA102-2020,LED_SMD:LED-APA102-2020,http://www.led-color.com/upload/201604/APA102-2020%20SMD%20LED.pdf,1,APA102-2020
D2128,APA102-2020,LED_SMD:LED-APA102-2020,http://www.led-color.com/upload/201604/APA102-2020%20SMD%20LED.pdf,1,APA102-2020
D2129,APA102-2020,LED_SMD:LED-APA102-2020,http://www.led-color.com/upload/201604/APA102-2020%20SMD%20LED.pdf,1,APA102-2020
D2130,APA102-2020,LED_SMD:LED-APA102-2020,http://www.led-color.com/upload/201604/APA102-2020%20SMD%20LED.pdf,1,APA102-2020
D2131,APA102-2020,LED_SMD:LED-APA102-2020,http://www.led-color.com/upload/201604/APA102-2020%20SMD%20LED.pdf,1,APA102-2020
D2132,APA102-2020,LED_SMD:LED-APA102-2020,http://www.led-color.com/upload/201604/APA102-2020%20SMD%20LED.pdf,1,APA102-2020
D2133,APA102-2020,LED_SMD:LED-APA102-2020,http://www.led-color.com/upload/201604/APA102-2020%20SMD%20LED.pdf,1,APA102-2020
D2134,APA102-2020,LED_SMD:LED-APA102-2020,http://www.led-color.com/upload/201604/APA102-2020%20SMD%20LED.pdf,1,APA102-2020
D2135,APA102-2020,LED_SMD:LED-APA102-2020,http://www.led-color.com/upload/201604/APA102-2020%20SMD%20LED.pdf,1,APA102-2020
D2136,APA102-2020,LED_SMD:LED-APA102-2020,http://www.led-color.com/upload/201604/APA102-2020%20SMD%20LED.pdf,1,APA102-2020
D2137,APA102-2020,LED_SMD:LED-APA102-2020,http://www.led-color.com/upload/201604/APA102-2020%20SMD%20LED.pdf,1,APA102-2020
D2138,APA102-2020,LED_SMD:LED-APA102-2020,http://www.led-color.com/upload/201604/APA102-2020%20SMD%20LED.pdf,1,APA102-2020
D2139,APA102-2020,LED_SMD:LED-APA102-2020,http://www.led-color.com/upload/201604/APA102-2020%20SMD%20LED.pdf,1,APA102-2020
D2140,APA102-2020,LED_SMD:LED-APA102-2020,http://www.led-color.com/upload/201604/APA102-2020%20SMD%20LED.pdf,1,APA102-2020
D2141,APA102-2020,LED_SMD:LED-APA102-2020,http://www.led-color.com/upload/201604/APA102-2020%20SMD%20LED.pdf,1,APA102-2020
D2142,APA102-2020,LED_SMD:LED-APA102-2020,http://www.led-color.com/upload/201604/APA102-2020%20SMD%20LED.pdf,1,APA102-2020
D2143,APA102-2020,LED_SMD:LED-APA102-2020,http://www.led-color.com/upload/201604/APA102-2020%20SMD%20LED.pdf,1,APA102-2020
D2144,APA102-2020,LED_SMD:LED-APA102-2020,http://www.led-color.com/upload/201604/APA102-2020%20SMD%20LED.pdf,1,APA102-2020
D2145,APA102-2020,LED_SMD:LED-APA102-2020,http://www.led-color.com/upload/201604/APA102-2020%20SMD%20LED.pdf,1,APA102-2020
D2146,APA102-2020,LED_SMD:LED-APA102-2020,http://www.led-color.com/upload/201604/APA102-2020%20SMD%20LED.pdf,1,APA102-2020
D2147,APA102-2020,LED_SMD:LED-APA102-2020,http://www.led-color.com/upload/201604/APA102-2020%20SMD%20LED.pdf,1,APA102-2020
D2148,APA102-2020,LED_SMD:LED-APA102-2020,http://www.led-color.com/upload/201604/APA102-2020%20SMD%20LED.pdf,1,APA102-2020
D2149,APA102-2020,LED_SMD:LED-APA102-2020,http://www.led-color.com/upload/201604/APA102-2020%20SMD%20LED.pdf,1,APA102-2020
D2150,APA102-2020,LED_SMD:LED-APA102-2020,http://www.led-color.com/upload/201604/APA102-2020%20SMD%20LED.pdf,1,APA102-2020
D2151,APA102-2020,LED_SMD:LED-APA102-2020,http://www.led-color.com/upload/201604/APA102-2020%20SMD%20LED.pdf,1,APA102-2020
D2152,APA102-2020,LED_SMD:LED-APA102-2020,http://www.led-color.com/upload/201604/APA102-2020%20SMD%20LED.pdf,1,APA102-2020
D2153,APA102-2020,LED_SMD:LED-APA102-2020,http://www.led-color.com/upload/201604/APA102-2020%20SMD%20LED.pdf,1,APA102-2020
D2154,APA102-2020,LED_SMD:LED-APA102-2020,http://www.led-color.com/upload/201604/APA102-2020%20SMD%20LED.pdf,1,APA102-2020
D2155,APA102-2020,LED_SMD:LED-APA102-2020,http://www.led-color.com/upload/201604/APA102-2020%20SMD%20LED.pdf,1,APA102-2020
D2156,APA102-2020,LED_SMD:LED-APA102-2020,http://www.led-color.com/upload/201604/APA102-2020%20SMD%20LED.pdf,1,APA102-2020
D2157,APA102-2020,LED_SMD:LED-APA102-2020,http://www.led-color.com/upload/201604/APA102-2020%20SMD%20LED.pdf,1,APA102-2020
D2158,APA102-2020,LED_SMD:LED-APA102-2020,http://www.led-color.com/upload/201604/APA102-2020%20SMD%20LED.pdf,1,APA102-2020
D2159,APA102-2020,LED_SMD:LED-APA102-2020,http://www.led-color.com/upload/201604/APA102-2020%20SMD%20LED.pdf,1,APA102-2020
D2160,APA102-2020,LED_SMD:LED-APA102-2020,http://www.led-color.com/upload/201604/APA102-2020%20SMD%20LED.pdf,1,APA102-2020
D2161,APA102-2020,LED_SMD:LED-APA102-2020,http://www.led-color.com/upload/201604/APA102-2020%20SMD%20LED.pdf,1,APA102-2020
D2162,APA102-2020,LED_SMD:LED-APA102-2020,http://www.led-color.com/upload/201604/APA102-2020%20SMD%20LED.pdf,1,APA102-2020
D2163,APA102-2020,LED_SMD:LED-APA102-2020,http://www.led-color.com/upload/201604/APA102-2020%20SMD%20LED.pdf,1,APA102-2020
D2164,APA102-2020,LED_SMD:LED-APA102-2020,http://www.led-color.com/upload/201604/APA102-2020%20SMD%20LED.pdf,1,APA102-2020
D2165,APA102-2020,LED_SMD:LED-APA102-2020,http://www.led-color.com/upload/201604/APA102-2020%20SMD%20LED.pdf,1,APA102-2020
D2166,APA102-2020,LED_SMD:LED-APA102-2020,http://www.led-color.com/upload/201604/APA102-2020%20SMD%20LED.pdf,1,APA102-2020
D2167,APA102-2020,LED_SMD:LED-APA102-2020,http://www.led-color.com/upload/201604/APA102-2020%20SMD%20LED.pdf,1,APA102-2020
D2168,APA102-2020,LED_SMD:LED-APA102-2020,http://www.led-color.com/upload/201604/APA102-2020%20SMD%20LED.pdf,1,APA102-2020
D2169,APA102-2020,LED_SMD:LED-APA102-2020,http://www.led-color.com/upload/201604/APA102-2020%20SMD%20LED.pdf,1,APA102-2020
D2170,APA102-2020,LED_SMD:LED-APA102-2020,http://www.led-color.com/upload/201604/APA102-2020%20SMD%20LED.pdf,1,APA102-2020
D2171,APA102-2020,LED_SMD:LED-APA102-2020,http://www.led-color.com/upload/201604/APA102-2020%20SMD%20LED.pdf,1,APA102-2020
D2172,APA102-2020,LED_SMD:LED-APA102-2020,http://www.led-color.com/upload/201604/APA102-2020%20SMD%20LED.pdf,1,APA102-2020
D2173,APA102-2020,LED_SMD:LED-APA102-2020,http://www.led-color.com/upload/201604/APA102-2020%20SMD%20LED.pdf,1,APA102-2020
D2174,APA102-2020,LED_SMD:LED-APA102-2020,http://www.led-color.com/upload/201604/APA102-2020%20SMD%20LED.pdf,1,APA102-2020
D2175,APA102-2020,LED_SMD:LED-APA102-2020,http://www.led-color.com/upload/201604/APA102-2020%20SMD%20LED.pdf,1,APA102-2020
D2176,APA102-2020,LED_SMD:LED-APA102-2020,http://www.led-color.com/upload/201604/APA102-2020%20SMD%20LED.pdf,1,APA102-2020
D2177,APA102-2020,LED_SMD:LED-APA102-2020,http://www.led-color.com/upload/201604/APA102-2020%20SMD%20LED.pdf,1,APA102-2020
D2178,APA102-2020,LED_SMD:LED-APA102-2020,http://www.led-color.com/upload/201604/APA102-2020%20SMD%20LED.pdf,1,APA102-2020
D2179,APA102-2020,LED_SMD:LED-APA102-2020,http://www.led-color.com/upload/201604/APA102-2020%20SMD%20LED.pdf,1,APA102-2020
D2180,APA102-2020,LED_SMD:LED-APA102-2020,http://www.led-color.com/upload/201604/APA102-2020%20SMD%20LED.pdf,1,APA102-2020
D2181,APA102-2020,LED_SMD:LED-APA102-2020,http://www.led-color.com/upload/201604/APA102-2020%20SMD%20LED.pdf,1,APA102-2020
D2182,APA102-2020,LED_SMD:LED-APA102-2020,http://www.led-color.com/upload/201604/APA102-2020%20SMD%20LED.pdf,1,APA102-2020
D2183,APA102-2020,LED_SMD:LED-APA102-2020,http://www.led-color.com/upload/201604/APA102-2020%20SMD%20LED.pdf,1,APA102-2020
D2184,APA102-2020,LED_SMD:LED-APA102-2020,http://www.led-color.com/upload/201604/APA102-2020%20SMD%20LED.pdf,1,APA102-2020
D2185,APA102-2020,LED_SMD:LED-APA102-2020,http://www.led-color.com/upload/201604/APA102-2020%20SMD%20LED.pdf,1,APA102-2020
D2186,APA102-2020,LED_SMD:LED-APA102-2020,http://www.led-color.com/upload/201604/APA102-2020%20SMD%20LED.pdf,1,APA102-2020
D2187,APA102-2020,LED_SMD:LED-APA102-2020,http://www.led-color.com/upload/201604/APA102-2020%20SMD%20LED.pdf,1,APA102-2020
D2188,APA102-2020,LED_SMD:LED-APA102-2020,http://www.led-color.com/upload/201604/APA102-2020%20SMD%20LED.pdf,1,APA102-2020
D2189,APA102-2020,LED_SMD:LED-APA102-2020,http://www.led-color.com/upload/201604/APA102-2020%20SMD%20LED.pdf,1,APA102-2020
D2190,APA102-2020,LED_SMD:LED-APA102-2020,http://www.led-color.com/upload/201604/APA102-2020%20SMD%20LED.pdf,1,APA102-2020
D2191,APA102-2020,LED_SMD:LED-APA102-2020,http://www.led-color.com/upload/201604/APA102-2020%20SMD%20LED.pdf,1,APA102-2020
D2192,APA102-2020,LED_SMD:LED-APA102-2020,http://www.led-color.com/upload/201604/APA102-2020%20SMD%20LED.pdf,1,APA102-2020
D2193,APA102-2020,LED_SMD:LED-APA102-2020,http://www.led-color.com/upload/201604/APA102-2020%20SMD%20LED.pdf,1,APA102-2020
D2194,APA102-2020,LED_SMD:LED-APA102-2020,http://www.led-color.com/upload/201604/APA102-2020%20SMD%20LED.pdf,1,APA102-2020
D2195,APA102-2020,LED_SMD:LED-APA102-2020,http://www.led-color.com/upload/201604/APA102-2020%20SMD%20LED.pdf,1,APA102-2020
D2196,APA102-2020,LED_SMD:LED-APA102-2020,http://www.led-color.com/upload/201604/APA102-2020%20SMD%20LED.pdf,1,APA102-2020
D2197,APA102-2020,LED_SMD:LED-APA102-2020,http://www.led-color.com/upload/201604/APA102-2020%20SMD%20LED.pdf,1,APA102-2020
D2198,APA102-2020,LED_SMD:LED-APA102-2020,http://www.led-color.com/upload/201604/APA102-2020%20SMD%20LED.pdf,1,APA102-2020
D2199,APA102-2020,LED_SMD:LED-APA102-2020,http://www.led-color.com/upload/201604/APA102-2020%20SMD%20LED.pdf,1,APA102-2020
D2200,APA102-2020,LED_SMD:LED-APA102-2020,http://www.led-color.com/upload/201604/APA102-2020%20SMD%20LED.pdf,1,APA102-2020
D2201,APA102-2020,LED_SMD:LED-APA102-2020,http://www.led-color.com/upload/201604/APA102-2020%20SMD%20LED.pdf,1,APA102-2020
D2202,APA102-2020,LED_SMD:LED-APA102-2020,http://www.led-color.com/upload/201604/APA102-2020%20SMD%20LED.pdf,1,APA102-2020
D2203,APA102-2020,LED_SMD:LED-APA102-2020,http://www.led-color.com/upload/201604/APA102-2020%20SMD%20LED.pdf,1,APA102-2020
D2204,APA102-2020,LED_SMD:LED-APA102-2020,http://www.led-color.com/upload/201604/APA102-2020%20SMD%20LED.pdf,1,APA102-2020
D2205,APA102-2020,LED_SMD:LED-APA102-2020,http://www.led-color.com/upload/201604/APA102-2020%20SMD%20LED.pdf,1,APA102-2020
D2206,APA102-2020,LED_SMD:LED-APA102-2020,http://www.led-color.com/upload/201604/APA102-2020%20SMD%20LED.pdf,1,APA102-2020
D2207,APA102-2020,LED_SMD:LED-APA102-2020,http://www.led-color.com/upload/201604/APA102-2020%20SMD%20LED.pdf,1,APA102-2020
D2208,APA102-2020,LED_SMD:LED-APA102-2020,http://www.led-color.com/upload/201604/APA102-2020%20SMD%20LED.pdf,1,APA102-2020
D2209,APA102-2020,LED_SMD:LED-APA102-2020,http://www.led-color.com/upload/201604/APA102-2020%20SMD%20LED.pdf,1,APA102-2020
D2210,APA102-2020,LED_SMD:LED-APA102-2020,http://www.led-color.com/upload/201604/APA102-2020%20SMD%20LED.pdf,1,APA102-2020
D2211,APA102-2020,LED_SMD:LED-APA102-2020,http://www.led-color.com/upload/201604/APA102-2020%20SMD%20LED.pdf,1,APA102-2020
D2212,APA102-2020,LED_SMD:LED-APA102-2020,http://www.led-color.com/upload/201604/APA102-2020%20SMD%20LED.pdf,1,APA102-2020
D2213,APA102-2020,LED_SMD:LED-APA102-2020,http://www.led-color.com/upload/201604/APA102-2020%20SMD%20LED.pdf,1,APA102-2020
D2214,APA102-2020,LED_SMD:LED-APA102-2020,http://www.led-color.com/upload/201604/APA102-2020%20SMD%20LED.pdf,1,APA102-2020
D2215,APA102-2020,LED_SMD:LED-APA102-2020,http://www.led-color.com/upload/201604/APA102-2020%20SMD%20LED.pdf,1,APA102-2020
D2216,APA102-2020,LED_SMD:LED-APA102-2020,http://www.led-color.com/upload/201604/APA102-2020%20SMD%20LED.pdf,1,APA102-2020
D2217,APA102-2020,LED_SMD:LED-APA102-2020,http://www.led-color.com/upload/201604/APA102-2020%20SMD%20LED.pdf,1,APA102-2020
D2218,APA102-2020,LED_SMD:LED-APA102-2020,http://www.led-color.com/upload/201604/APA102-2020%20SMD%20LED.pdf,1,APA102-2020
D2219,APA102-2020,LED_SMD:LED-APA102-2020,http://www.led-color.com/upload/201604/APA102-2020%20SMD%20LED.pdf,1,APA102-2020
D2220,APA102-2020,LED_SMD:LED-APA102-2020,http://www.led-color.com/upload/201604/APA102-2020%20SMD%20LED.pdf,1,APA102-2020
D2221,APA102-2020,LED_SMD:LED-APA102-2020,http://www.led-color.com/upload/201604/APA102-2020%20SMD%20LED.pdf,1,APA102-2020
D2222,APA102-2020,LED_SMD:LED-APA102-2020,http://www.led-color.com/upload/201604/APA102-2020%20SMD%20LED.pdf,1,APA102-2020
D2223,APA102-2020,LED_SMD:LED-APA102-2020,http://www.led-color.com/upload/201604/APA102-2020%20SMD%20LED.pdf,1,APA102-2020
D2224,APA102-2020,LED_SMD:LED-APA102-2020,http://www.led-color.com/upload/201604/APA102-2020%20SMD%20LED.pdf,1,APA102-2020
D2225,APA102-2020,LED_SMD:LED-APA102-2020,http://www.led-color.com/upload/201604/APA102-2020%20SMD%20LED.pdf,1,APA102-2020
D2226,APA102-2020,LED_SMD:LED-APA102-2020,http://www.led-color.com/upload/201604/APA102-2020%20SMD%20LED.pdf,1,APA102-2020
D2227,APA102-2020,LED_SMD:LED-APA102-2020,http://www.led-color.com/upload/201604/APA102-2020%20SMD%20LED.pdf,1,APA102-2020
D2228,APA102-2020,LED_SMD:LED-APA102-2020,http://www.led-color.com/upload/201604/APA102-2020%20SMD%20LED.pdf,1,APA102-2020
D2229,APA102-2020,LED_SMD:LED-APA102-2020,http://www.led-color.com/upload/201604/APA102-2020%20SMD%20LED.pdf,1,APA102-2020
D2230,APA102-2020,LED_SMD:LED-APA102-2020,http://www.led-color.com/upload/201604/APA102-2020%20SMD%20LED.pdf,1,APA102-2020
D2231,APA102-2020,LED_SMD:LED-APA102-2020,http://www.led-color.com/upload/201604/APA102-2020%20SMD%20LED.pdf,1,APA102-2020
D2232,APA102-2020,LED_SMD:LED-APA102-2020,http://www.led-color.com/upload/201604/APA102-2020%20SMD%20LED.pdf,1,APA102-2020
D2233,APA102-2020,LED_SMD:LED-APA102-2020,http://www.led-color.com/upload/201604/APA102-2020%20SMD%20LED.pdf,1,APA102-2020
D2234,APA102-2020,LED_SMD:LED-APA102-2020,http://www.led-color.com/upload/201604/APA102-2020%20SMD%20LED.pdf,1,APA102-2020
D2235,APA102-2020,LED_SMD:LED-APA102-2020,http://www.led-color.com/upload/201604/APA102-2020%20SMD%20LED.pdf,1,APA102-2020
D2236,APA102-2020,LED_SMD:LED-APA102-2020,http://www.led-color.com/upload/201604/APA102-2020%20SMD%20LED.pdf,1,APA102-2020
D2237,APA102-2020,LED_SMD:LED-APA102-2020,http://www.led-color.com/upload/201604/APA102-2020%20SMD%20LED.pdf,1,APA102-2020
D2238,APA102-2020,LED_SMD:LED-APA102-2020,http://www.led-color.com/upload/201604/APA102-2020%20SMD%20LED.pdf,1,APA102-2020
D2239,APA102-2020,LED_SMD:LED-APA102-2020,http://www.led-color.com/upload/201604/APA102-2020%20SMD%20LED.pdf,1,APA102-2020
D2240,APA102-2020,LED_SMD:LED-APA102-2020,http://www.led-color.com/upload/201604/APA102-2020%20SMD%20LED.pdf,1,APA102-2020
D2241,APA102-2020,LED_SMD:LED-APA102-2020,http://www.led-color.com/upload/201604/APA102-2020%20SMD%20LED.pdf,1,APA102-2020
D2242,APA102-2020,LED_SMD:LED-APA102-2020,http://www.led-color.com/upload/201604/APA102-2020%20SMD%20LED.pdf,1,APA102-2020
D2243,APA102-2020,LED_SMD:LED-APA102-2020,http://www.led-color.com/upload/201604/APA102-2020%20SMD%20LED.pdf,1,APA102-2020
D2244,APA102-2020,LED_SMD:LED-APA102-2020,http://www.led-color.com/upload/201604/APA102-2020%20SMD%20LED.pdf,1,APA102-2020
D2245,APA102-2020,LED_SMD:LED-APA102-2020,http://www.led-color.com/upload/201604/APA102-2020%20SMD%20LED.pdf,1,APA102-2020
D2246,APA102-2020,LED_SMD:LED-APA102-2020,http://www.led-color.com/upload/201604/APA102-2020%20SMD%20LED.pdf,1,APA102-2020
D2247,APA102-2020,LED_SMD:LED-APA102-2020,http://www.led-color.com/upload/201604/APA102-2020%20SMD%20LED.pdf,1,APA102-2020
D2248,APA102-2020,LED_SMD:LED-APA102-2020,http://www.led-color.com/upload/201604/APA102-2020%20SMD%20LED.pdf,1,APA102-2020
D2249,APA102-2020,LED_SMD:LED-APA102-2020,http://www.led-color.com/upload/201604/APA102-2020%20SMD%20LED.pdf,1,APA102-2020
D2250,APA102-2020,LED_SMD:LED-APA102-2020,http://www.led-color.com/upload/201604/APA102-2020%20SMD%20LED.pdf,1,APA102-2020
D2251,APA102-2020,LED_SMD:LED-APA102-2020,http://www.led-color.com/upload/201604/APA102-2020%20SMD%20LED.pdf,1,APA102-2020
D2252,APA102-2020,LED_SMD:LED-APA102-2020,http://www.led-color.com/upload/201604/APA102-2020%20SMD%20LED.pdf,1,APA102-2020
D2253,APA102-2020,LED_SMD:LED-APA102-2020,http://www.led-color.com/upload/201604/APA102-2020%20SMD%20LED.pdf,1,APA102-2020
D2254,APA102-2020,LED_SMD:LED-APA102-2020,http://www.led-color.com/upload/201604/APA102-2020%20SMD%20LED.pdf,1,APA102-2020
D2255,APA102-2020,LED_SMD:LED-APA102-2020,http://www.led-color.com/upload/201604/APA102-2020%20SMD%20LED.pdf,1,APA102-2020
D2256,APA102-2020,LED_SMD:LED-APA102-2020,http://www.led-color.com/upload/201604/APA102-2020%20SMD%20LED.pdf,1,APA102-2020
D2257,APA102-2020,LED_SMD:LED-APA102-2020,http://www.led-color.com/upload/201604/APA102-2020%20SMD%20LED.pdf,1,APA102-2020
D2258,APA102-2020,LED_SMD:LED-APA102-2020,http://www.led-color.com/upload/201604/APA102-2020%20SMD%20LED.pdf,1,APA102-2020
D2259,APA102-2020,LED_SMD:LED-APA102-2020,http://www.led-color.com/upload/201604/APA102-2020%20SMD%20LED.pdf,1,APA102-2020
D2260,APA102-2020,LED_SMD:LED-APA102-2020,http://www.led-color.com/upload/201604/APA102-2020%20SMD%20LED.pdf,1,APA102-2020
D2261,APA102-2020,LED_SMD:LED-APA102-2020,http://www.led-color.com/upload/201604/APA102-2020%20SMD%20LED.pdf,1,APA102-2020
D2262,APA102-2020,LED_SMD:LED-APA102-2020,http://www.led-color.com/upload/201604/APA102-2020%20SMD%20LED.pdf,1,APA102-2020
D2263,APA102-2020,LED_SMD:LED-APA102-2020,http://www.led-color.com/upload/201604/APA102-2020%20SMD%20LED.pdf,1,APA102-2020
D2264,APA102-2020,LED_SMD:LED-APA102-2020,http://www.led-color.com/upload/201604/APA102-2020%20SMD%20LED.pdf,1,APA102-2020
D2265,APA102-2020,LED_SMD:LED-APA102-2020,http://www.led-color.com/upload/201604/APA102-2020%20SMD%20LED.pdf,1,APA102-2020
D2266,APA102-2020,LED_SMD:LED-APA102-2020,http://www.led-color.com/upload/201604/APA102-2020%20SMD%20LED.pdf,1,APA102-2020
D2267,APA102-2020,LED_SMD:LED-APA102-2020,http://www.led-color.com/upload/201604/APA102-2020%20SMD%20LED.pdf,1,APA102-2020
D2268,APA102-2020,LED_SMD:LED-APA102-2020,http://www.led-color.com/upload/201604/APA102-2020%20SMD%20LED.pdf,1,APA102-2020
D2269,APA102-2020,LED_SMD:LED-APA102-2020,http://www.led-color.com/upload/201604/APA102-2020%20SMD%20LED.pdf,1,APA102-2020
D2270,APA102-2020,LED_SMD:LED-APA102-2020,http://www.led-color.com/upload/201604/APA102-2020%20SMD%20LED.pdf,1,APA102-2020
D2271,APA102-2020,LED_SMD:LED-APA102-2020,http://www.led-color.com/upload/201604/APA102-2020%20SMD%20LED.pdf,1,APA102-2020
D2272,APA102-2020,LED_SMD:LED-APA102-2020,http://www.led-color.com/upload/201604/APA102-2020%20SMD%20LED.pdf,1,APA102-2020
D2273,APA102-2020,LED_SMD:LED-APA102-2020,http://www.led-color.com/upload/201604/APA102-2020%20SMD%20LED.pdf,1,APA102-2020
D2274,APA102-2020,LED_SMD:LED-APA102-2020,http://www.led-color.com/upload/201604/APA102-2020%20SMD%20LED.pdf,1,APA102-2020
D2275,APA102-2020,LED_SMD:LED-APA102-2020,http://www.led-color.com/upload/201604/APA102-2020%20SMD%20LED.pdf,1,APA102-2020
D2276,APA102-2020,LED_SMD:LED-APA102-2020,http://www.led-color.com/upload/201604/APA102-2020%20SMD%20LED.pdf,1,APA102-2020
D2277,APA102-2020,LED_SMD:LED-APA102-2020,http://www.led-color.com/upload/201604/APA102-2020%20SMD%20LED.pdf,1,APA102-2020
D2278,APA102-2020,LED_SMD:LED-APA102-2020,http://www.led-color.com/upload/201604/APA102-2020%20SMD%20LED.pdf,1,APA102-2020
D2279,APA102-2020,LED_SMD:LED-APA102-2020,http://www.led-color.com/upload/201604/APA102-2020%20SMD%20LED.pdf,1,APA102-2020
D2280,APA102-2020,LED_SMD:LED-APA102-2020,http://www.led-color.com/upload/201604/APA102-2020%20SMD%20LED.pdf,1,APA102-2020
D2281,APA102-2020,LED_SMD:LED-APA102-2020,http://www.led-color.com/upload/201604/APA102-2020%20SMD%20LED.pdf,1,APA102-2020
D2282,APA102-2020,LED_SMD:LED-APA102-2020,http://www.led-color.com/upload/201604/APA102-2020%20SMD%20LED.pdf,1,APA102-2020
D2283,APA102-2020,LED_SMD:LED-APA102-2020,http://www.led-color.com/upload/201604/APA102-2020%20SMD%20LED.pdf,1,APA102-2020
D2284,APA102-2020,LED_SMD:LED-APA102-2020,http://www.led-color.com/upload/201604/APA102-2020%20SMD%20LED.pdf,1,APA102-2020
D2285,APA102-2020,LED_SMD:LED-APA102-2020,http://www.led-color.com/upload/201604/APA102-2020%20SMD%20LED.pdf,1,APA102-2020
D2286,APA102-2020,LED_SMD:LED-APA102-2020,http://www.led-color.com/upload/201604/APA102-2020%20SMD%20LED.pdf,1,APA102-2020
D2287,APA102-2020,LED_SMD:LED-APA102-2020,http://www.led-color.com/upload/201604/APA102-2020%20SMD%20LED.pdf,1,APA102-2020
D2288,APA102-2020,LED_SMD:LED-APA102-2020,http://www.led-color.com/upload/201604/APA102-2020%20SMD%20LED.pdf,1,APA102-2020
D2289,APA102-2020,LED_SMD:LED-APA102-2020,http://www.led-color.com/upload/201604/APA102-2020%20SMD%20LED.pdf,1,APA102-2020
D2290,APA102-2020,LED_SMD:LED-APA102-2020,http://www.led-color.com/upload/201604/APA102-2020%20SMD%20LED.pdf,1,APA102-2020
D2291,APA102-2020,LED_SMD:LED-APA102-2020,http://www.led-color.com/upload/201604/APA102-2020%20SMD%20LED.pdf,1,APA102-2020
D2292,APA102-2020,LED_SMD:LED-APA102-2020,http://www.led-color.com/upload/201604/APA102-2020%20SMD%20LED.pdf,1,APA102-2020
D2293,APA102-2020,LED_SMD:LED-APA102-2020,http://www.led-color.com/upload/201604/APA102-2020%20SMD%20LED.pdf,1,APA102-2020
D2294,APA102-2020,LED_SMD:LED-APA102-2020,http://www.led-color.com/upload/201604/APA102-2020%20SMD%20LED.pdf,1,APA102-2020
D2295,APA102-2020,LED_SMD:LED-APA102-2020,http://www.led-color.com/upload/201604/APA102-2020%20SMD%20LED.pdf,1,APA102-2020
D2296,APA102-2020,LED_SMD:LED-APA102-2020,http://www.led-color.com/upload/201604/APA102-2020%20SMD%20LED.pdf,1,APA102-2020
D2297,APA102-2020,LED_SMD:LED-APA102-2020,http://www.led-color.com/upload/201604/APA102-2020%20SMD%20LED.pdf,1,APA102-2020
D2298,APA102-2020,LED_SMD:LED-APA102-2020,http://www.led-color.com/upload/201604/APA102-2020%20SMD%20LED.pdf,1,APA102-2020
D2299,APA102-2020,LED_SMD:LED-APA102-2020,http://www.led-color.com/upload/201604/APA102-2020%20SMD%20LED.pdf,1,APA102-2020
D2300,APA102-2020,LED_SMD:LED-APA102-2020,http://www.led-color.com/upload/201604/APA102-2020%20SMD%20LED.pdf,1,APA102-2020
D2301,APA102-2020,LED_SMD:LED-APA102-2020,http://www.led-color.com/upload/201604/APA102-2020%20SMD%20LED.pdf,1,APA102-2020
D2302,APA102-2020,LED_SMD:LED-APA102-2020,http://www.led-color.com/upload/201604/APA102-2020%20SMD%20LED.pdf,1,APA102-2020
D2303,APA102-2020,LED_SMD:LED-APA102-2020,http://www.led-color.com/upload/201604/APA102-2020%20SMD%20LED.pdf,1,APA102-2020
D2304,APA102-2020,LED_SMD:LED-APA102-2020,http://www.led-color.com/upload/201604/APA102-2020%20SMD%20LED.pdf,1,APA102-2020
D2305,APA102-2020,LED_SMD:LED-APA102-2020,http://www.led-color.com/upload/201604/APA102-2020%20SMD%20LED.pdf,1,APA102-2020
D2306,APA102-2020,LED_SMD:LED-APA102-2020,http://www.led-color.com/upload/201604/APA102-2020%20SMD%20LED.pdf,1,APA102-2020
D2307,APA102-2020,LED_SMD:LED-APA102-2020,http://www.led-color.com/upload/201604/APA102-2020%20SMD%20LED.pdf,1,APA102-2020
D2308,APA102-2020,LED_SMD:LED-APA102-2020,http://www.led-color.com/upload/201604/APA102-2020%20SMD%20LED.pdf,1,APA102-2020
D2309,APA102-2020,LED_SMD:LED-APA102-2020,http://www.led-color.com/upload/201604/APA102-2020%20SMD%20LED.pdf,1,APA102-2020
D2310,APA102-2020,LED_SMD:LED-APA102-2020,http://www.led-color.com/upload/201604/APA102-2020%20SMD%20LED.pdf,1,APA102-2020
D2311,APA102-2020,LED_SMD:LED-APA102-2020,http://www.led-color.com/upload/201604/APA102-2020%20SMD%20LED.pdf,1,APA102-2020
D2312,APA102-2020,LED_SMD:LED-APA102-2020,http://www.led-color.com/upload/201604/APA102-2020%20SMD%20LED.pdf,1,APA102-2020
D2313,APA102-2020,LED_SMD:LED-APA102-2020,http://www.led-color.com/upload/201604/APA102-2020%20SMD%20LED.pdf,1,APA102-2020
D2314,APA102-2020,LED_SMD:LED-APA102-2020,http://www.led-color.com/upload/201604/APA102-2020%20SMD%20LED.pdf,1,APA102-2020
D2315,APA102-2020,LED_SMD:LED-APA102-2020,http://www.led-color.com/upload/201604/APA102-2020%20SMD%20LED.pdf,1,APA102-2020
D2316,APA102-2020,LED_SMD:LED-APA102-2020,http://www.led-color.com/upload/201604/APA102-2020%20SMD%20LED.pdf,1,APA102-2020
D2317,APA102-2020,LED_SMD:LED-APA102-2020,http://www.led-color.com/upload/201604/APA102-2020%20SMD%20LED.pdf,1,APA102-2020
D2318,APA102-2020,LED_SMD:LED-APA102-2020,http://www.led-color.com/upload/201604/APA102-2020%20SMD%20LED.pdf,1,APA102-2020
D2319,APA102-2020,LED_SMD:LED-APA102-2020,http://www.led-color.com/upload/201604/APA102-2020%20SMD%20LED.pdf,1,APA102-2020
D2320,APA102-2020,LED_SMD:LED-APA102-2020,http://www.led-color.com/upload/201604/APA102-2020%20SMD%20LED.pdf,1,APA102-2020
D2321,APA102-2020,LED_SMD:LED-APA102-2020,http://www.led-color.com/upload/201604/APA102-2020%20SMD%20LED.pdf,1,APA102-2020
D2322,APA102-2020,LED_SMD:LED-APA102-2020,http://www.led-color.com/upload/201604/APA102-2020%20SMD%20LED.pdf,1,APA102-2020
D2323,APA102-2020,LED_SMD:LED-APA102-2020,http://www.led-color.com/upload/201604/APA102-2020%20SMD%20LED.pdf,1,APA102-2020
D2324,APA102-2020,LED_SMD:LED-APA102-2020,http://www.led-color.com/upload/201604/APA102-2020%20SMD%20LED.pdf,1,APA102-2020
D2325,APA102-2020,LED_SMD:LED-APA102-2020,http://www.led-color.com/upload/201604/APA102-2020%20SMD%20LED.pdf,1,APA102-2020
D2326,APA102-2020,LED_SMD:LED-APA102-2020,http://www.led-color.com/upload/201604/APA102-2020%20SMD%20LED.pdf,1,APA102-2020
D2327,APA102-2020,LED_SMD:LED-APA102-2020,http://www.led-color.com/upload/201604/APA102-2020%20SMD%20LED.pdf,1,APA102-2020
D2328,APA102-2020,LED_SMD:LED-APA102-2020,http://www.led-color.com/upload/201604/APA102-2020%20SMD%20LED.pdf,1,APA102-2020
D2329,APA102-2020,LED_SMD:LED-APA102-2020,http://www.led-color.com/upload/201604/APA102-2020%20SMD%20LED.pdf,1,APA102-2020
D2330,APA102-2020,LED_SMD:LED-APA102-2020,http://www.led-color.com/upload/201604/APA102-2020%20SMD%20LED.pdf,1,APA102-2020
D2331,APA102-2020,LED_SMD:LED-APA102-2020,http://www.led-color.com/upload/201604/APA102-2020%20SMD%20LED.pdf,1,APA102-2020
D2332,APA102-2020,LED_SMD:LED-APA102-2020,http://www.led-color.com/upload/201604/APA102-2020%20SMD%20LED.pdf,1,APA102-2020
D2333,APA102-2020,LED_SMD:LED-APA102-2020,http://www.led-color.com/upload/201604/APA102-2020%20SMD%20LED.pdf,1,APA102-2020
D2334,APA102-2020,LED_SMD:LED-APA102-2020,http://www.led-color.com/upload/201604/APA102-2020%20SMD%20LED.pdf,1,APA102-2020
D2335,APA102-2020,LED_SMD:LED-APA102-2020,http://www.led-color.com/upload/201604/APA102-2020%20SMD%20LED.pdf,1,APA102-2020
D2336,APA102-2020,LED_SMD:LED-APA102-2020,http://www.led-color.com/upload/201604/APA102-2020%20SMD%20LED.pdf,1,APA102-2020
D2337,APA102-2020,LED_SMD:LED-APA102-2020,http://www.led-color.com/upload/201604/APA102-2020%20SMD%20LED.pdf,1,APA102-2020
D2338,APA102-2020,LED_SMD:LED-APA102-2020,http://www.led-color.com/upload/201604/APA102-2020%20SMD%20LED.pdf,1,APA102-2020
D2339,APA102-2020,LED_SMD:LED-APA102-2020,http://www.led-color.com/upload/201604/APA102-2020%20SMD%20LED.pdf,1,APA102-2020
D2340,APA102-2020,LED_SMD:LED-APA102-2020,http://www.led-color.com/upload/201604/APA102-2020%20SMD%20LED.pdf,1,APA102-2020
D2341,APA102-2020,LED_SMD:LED-APA102-2020,http://www.led-color.com/upload/201604/APA102-2020%20SMD%20LED.pdf,1,APA102-2020
D2342,APA102-2020,LED_SMD:LED-APA102-2020,http://www.led-color.com/upload/201604/APA102-2020%20SMD%20LED.pdf,1,APA102-2020
D2343,APA102-2020,LED_SMD:LED-APA102-2020,http://www.led-color.com/upload/201604/APA102-2020%20SMD%20LED.pdf,1,APA102-2020
D2344,APA102-2020,LED_SMD:LED-APA102-2020,http://www.led-color.com/upload/201604/APA102-2020%20SMD%20LED.pdf,1,APA102-2020
D2345,APA102-2020,LED_SMD:LED-APA102-2020,http://www.led-color.com/upload/201604/APA102-2020%20SMD%20LED.pdf,1,APA102-2020
D2346,APA102-2020,LED_SMD:LED-APA102-2020,http://www.led-color.com/upload/201604/APA102-2020%20SMD%20LED.pdf,1,APA102-2020
D2347,APA102-2020,LED_SMD:LED-APA102-2020,http://www.led-color.com/upload/201604/APA102-2020%20SMD%20LED.pdf,1,APA102-2020
D2348,APA102-2020,LED_SMD:LED-APA102-2020,http://www.led-color.com/upload/201604/APA102-2020%20SMD%20LED.pdf,1,APA102-2020
D2349,APA102-2020,LED_SMD:LED-APA102-2020,http://www.led-color.com/upload/201604/APA102-2020%20SMD%20LED.pdf,1,APA102-2020
D2350,APA102-2020,LED_SMD:LED-APA102-2020,http://www.led-color.com/upload/201604/APA102-2020%20SMD%20LED.pdf,1,APA102-2020
D2351,APA102-2020,LED_SMD:LED-APA102-2020,http://www.led-color.com/upload/201604/APA102-2020%20SMD%20LED.pdf,1,APA102-2020
D2352,APA102-2020,LED_SMD:LED-APA102-2020,http://www.led-color.com/upload/201604/APA102-2020%20SMD%20LED.pdf,1,APA102-2020
D2353,APA102-2020,LED_SMD:LED-APA102-2020,http://www.led-color.com/upload/201604/APA102-2020%20SMD%20LED.pdf,1,APA102-2020
D2354,APA102-2020,LED_SMD:LED-APA102-2020,http://www.led-color.com/upload/201604/APA102-2020%20SMD%20LED.pdf,1,APA102-2020
D2355,APA102-2020,LED_SMD:LED-APA102-2020,http://www.led-color.com/upload/201604/APA102-2020%20SMD%20LED.pdf,1,APA102-2020
D2356,APA102-2020,LED_SMD:LED-APA102-2020,http://www.led-color.com/upload/201604/APA102-2020%20SMD%20LED.pdf,1,APA102-2020
D2357,APA102-2020,LED_SMD:LED-APA102-2020,http://www.led-color.com/upload/201604/APA102-2020%20SMD%20LED.pdf,1,APA102-2020
D2358,APA102-2020,LED_SMD:LED-APA102-2020,http://www.led-color.com/upload/201604/APA102-2020%20SMD%20LED.pdf,1,APA102-2020
D2359,APA102-2020,LED_SMD:LED-APA102-2020,http://www.led-color.com/upload/201604/APA102-2020%20SMD%20LED.pdf,1,APA102-2020
D2360,APA102-2020,LED_SMD:LED-APA102-2020,http://www.led-color.com/upload/201604/APA102-2020%20SMD%20LED.pdf,1,APA102-2020
D2361,APA102-2020,LED_SMD:LED-APA102-2020,http://www.led-color.com/upload/201604/APA102-2020%20SMD%20LED.pdf,1,APA102-2020
D2362,APA102-2020,LED_SMD:LED-APA102-2020,http://www.led-color.com/upload/201604/APA102-2020%20SMD%20LED.pdf,1,APA102-2020
D2363,APA102-2020,LED_SMD:LED-APA102-2020,http://www.led-color.com/upload/201604/APA102-2020%20SMD%20LED.pdf,1,APA102-2020
D2364,APA102-2020,LED_SMD:LED-APA102-2020,http://www.led-color.com/upload/201604/APA102-2020%20SMD%20LED.pdf,1,APA102-2020
D2365,APA102-2020,LED_SMD:LED-APA102-2020,http://www.led-color.com/upload/201604/APA102-2020%20SMD%20LED.pdf,1,APA102-2020
D2366,APA102-2020,LED_SMD:LED-APA102-2020,http://www.led-color.com/upload/201604/APA102-2020%20SMD%20LED.pdf,1,APA102-2020
D2367,APA102-2020,LED_SMD:LED-APA102-2020,http://www.led-color.com/upload/201604/APA102-2020%20SMD%20LED.pdf,1,APA102-2020
D2368,APA102-2020,LED_SMD:LED-APA102-2020,http://www.led-color.com/upload/201604/APA102-2020%20SMD%20LED.pdf,1,APA102-2020
D2369,APA102-2020,LED_SMD:LED-APA102-2020,http://www.led-color.com/upload/201604/APA102-2020%20SMD%20LED.pdf,1,APA102-2020
D2370,APA102-2020,LED_SMD:LED-APA102-2020,http://www.led-color.com/upload/201604/APA102-2020%20SMD%20LED.pdf,1,APA102-2020
D2371,APA102-2020,LED_SMD:LED-APA102-2020,http://www.led-color.com/upload/201604/APA102-2020%20SMD%20LED.pdf,1,APA102-2020
D2372,APA102-2020,LED_SMD:LED-APA102-2020,http://www.led-color.com/upload/201604/APA102-2020%20SMD%20LED.pdf,1,APA102-2020
D2373,APA102-2020,LED_SMD:LED-APA102-2020,http://www.led-color.com/upload/201604/APA102-2020%20SMD%20LED.pdf,1,APA102-2020
D2374,APA102-2020,LED_SMD:LED-APA102-2020,http://www.led-color.com/upload/201604/APA102-2020%20SMD%20LED.pdf,1,APA102-2020
D2375,APA102-2020,LED_SMD:LED-APA102-2020,http://www.led-color.com/upload/201604/APA102-2020%20SMD%20LED.pdf,1,APA102-2020
D2376,APA102-2020,LED_SMD:LED-APA102-2020,http://www.led-color.com/upload/201604/APA102-2020%20SMD%20LED.pdf,1,APA102-2020
D2377,APA102-2020,LED_SMD:LED-APA102-2020,http://www.led-color.com/upload/201604/APA102-2020%20SMD%20LED.pdf,1,APA102-2020
D2378,APA102-2020,LED_SMD:LED-APA102-2020,http://www.led-color.com/upload/201604/APA102-2020%20SMD%20LED.pdf,1,APA102-2020
D2379,APA102-2020,LED_SMD:LED-APA102-2020,http://www.led-color.com/upload/201604/APA102-2020%20SMD%20LED.pdf,1,APA102-2020
D2380,APA102-2020,LED_SMD:LED-APA102-2020,http://www.led-color.com/upload/201604/APA102-2020%20SMD%20LED.pdf,1,APA102-2020
D2381,APA102-2020,LED_SMD:LED-APA102-2020,http://www.led-color.com/upload/201604/APA102-2020%20SMD%20LED.pdf,1,APA102-2020
D2382,APA102-2020,LED_SMD:LED-APA102-2020,http://www.led-color.com/upload/201604/APA102-2020%20SMD%20LED.pdf,1,APA102-2020
D2383,APA102-2020,LED_SMD:LED-APA102-2020,http://www.led-color.com/upload/201604/APA102-2020%20SMD%20LED.pdf,1,APA102-2020
D2384,APA102-2020,LED_SMD:LED-APA102-2020,http://www.led-color.com/upload/201604/APA102-2020%20SMD%20LED.pdf,1,APA102-2020
D2385,APA102-2020,LED_SMD:LED-APA102-2020,http://www.led-color.com/upload/201604/APA102-2020%20SMD%20LED.pdf,1,APA102-2020
D2386,APA102-2020,LED_SMD:LED-APA102-2020,http://www.led-color.com/upload/201604/APA102-2020%20SMD%20LED.pdf,1,APA102-2020
D2387,APA102-2020,LED_SMD:LED-APA102-2020,http://www.led-color.com/upload/201604/APA102-2020%20SMD%20LED.pdf,1,APA102-2020
D2388,APA102-2020,LED_SMD:LED-APA102-2020,http://www.led-color.com/upload/201604/APA102-2020%20SMD%20LED.pdf,1,APA102-2020
D2389,APA102-2020,LED_SMD:LED-APA102-2020,http://www.led-color.com/upload/201604/APA102-2020%20SMD%20LED.pdf,1,APA102-2020
D2390,APA102-2020,LED_SMD:LED-APA102-2020,http://www.led-color.com/upload/201604/APA102-2020%20SMD%20LED.pdf,1,APA102-2020
D2391,APA102-2020,LED_SMD:LED-APA102-2020,http://www.led-color.com/upload/201604/APA102-2020%20SMD%20LED.pdf,1,APA102-2020
D2392,APA102-2020,LED_SMD:LED-APA102-2020,http://www.led-color.com/upload/201604/APA102-2020%20SMD%20LED.pdf,1,APA102-2020
D2393,APA102-2020,LED_SMD:LED-APA102-2020,http://www.led-color.com/upload/201604/APA102-2020%20SMD%20LED.pdf,1,APA102-2020
D2394,APA102-2020,LED_SMD:LED-APA102-2020,http://www.led-color.com/upload/201604/APA102-2020%20SMD%20LED.pdf,1,APA102-2020
D2395,APA102-2020,LED_SMD:LED-APA102-2020,http://www.led-color.com/upload/201604/APA102-2020%20SMD%20LED.pdf,1,APA102-2020
D2396,APA102-2020,LED_SMD:LED-APA102-2020,http://www.led-color.com/upload/201604/APA102-2020%20SMD%20LED.pdf,1,APA102-2020
D2397,APA102-2020,LED_SMD:LED-APA102-2020,http://www.led-color.com/upload/201604/APA102-2020%20SMD%20LED.pdf,1,APA102-2020
D2398,APA102-2020,LED_SMD:LED-APA102-2020,http://www.led-color.com/upload/201604/APA102-2020%20SMD%20LED.pdf,1,APA102-2020
D2399,APA102-2020,LED_SMD:LED-APA102-2020,http://www.led-color.com/upload/201604/APA102-2020%20SMD%20LED.pdf,1,APA102-2020
D2400,APA102-2020,LED_SMD:LED-APA102-2020,http://www.led-color.com/upload/201604/APA102-2020%20SMD%20LED.pdf,1,APA102-2020
D2401,APA102-2020,LED_SMD:LED-APA102-2020,http://www.led-color.com/upload/201604/APA102-2020%20SMD%20LED.pdf,1,APA102-2020
D2402,APA102-2020,LED_SMD:LED-APA102-2020,http://www.led-color.com/upload/201604/APA102-2020%20SMD%20LED.pdf,1,APA102-2020
D2403,APA102-2020,LED_SMD:LED-APA102-2020,http://www.led-color.com/upload/201604/APA102-2020%20SMD%20LED.pdf,1,APA102-2020
D2404,APA102-2020,LED_SMD:LED-APA102-2020,http://www.led-color.com/upload/201604/APA102-2020%20SMD%20LED.pdf,1,APA102-2020
D2405,APA102-2020,LED_SMD:LED-APA102-2020,http://www.led-color.com/upload/201604/APA102-2020%20SMD%20LED.pdf,1,APA102-2020
D2406,APA102-2020,LED_SMD:LED-APA102-2020,http://www.led-color.com/upload/201604/APA102-2020%20SMD%20LED.pdf,1,APA102-2020
D2407,APA102-2020,LED_SMD:LED-APA102-2020,http://www.led-color.com/upload/201604/APA102-2020%20SMD%20LED.pdf,1,APA102-2020
D2408,APA102-2020,LED_SMD:LED-APA102-2020,http://www.led-color.com/upload/201604/APA102-2020%20SMD%20LED.pdf,1,APA102-2020
D2409,APA102-2020,LED_SMD:LED-APA102-2020,http://www.led-color.com/upload/201604/APA102-2020%20SMD%20LED.pdf,1,APA102-2020
D2410,APA102-2020,LED_SMD:LED-APA102-2020,http://www.led-color.com/upload/201604/APA102-2020%20SMD%20LED.pdf,1,APA102-2020
D2411,APA102-2020,LED_SMD:LED-APA102-2020,http://www.led-color.com/upload/201604/APA102-2020%20SMD%20LED.pdf,1,APA102-2020
D2412,APA102-2020,LED_SMD:LED-APA102-2020,http://www.led-color.com/upload/201604/APA102-2020%20SMD%20LED.pdf,1,APA102-2020
D2413,APA102-2020,LED_SMD:LED-APA102-2020,http://www.led-color.com/upload/201604/APA102-2020%20SMD%20LED.pdf,1,APA102-2020
D2414,APA102-2020,LED_SMD:LED-APA102-2020,http://www.led-color.com/upload/201604/APA102-2020%20SMD%20LED.pdf,1,APA102-2020
D2415,APA102-2020,LED_SMD:LED-APA102-2020,http://www.led-color.com/upload/201604/APA102-2020%20SMD%20LED.pdf,1,APA102-2020
D2416,APA102-2020,LED_SMD:LED-APA102-2020,http://www.led-color.com/upload/201604/APA102-2020%20SMD%20LED.pdf,1,APA102-2020
D2417,APA102-2020,LED_SMD:LED-APA102-2020,http://www.led-color.com/upload/201604/APA102-2020%20SMD%20LED.pdf,1,APA102-2020
D2418,APA102-2020,LED_SMD:LED-APA102-2020,http://www.led-color.com/upload/201604/APA102-2020%20SMD%20LED.pdf,1,APA102-2020
D2419,APA102-2020,LED_SMD:LED-APA102-2020,http://www.led-color.com/upload/201604/APA102-2020%20SMD%20LED.pdf,1,APA102-2020
D2420,APA102-2020,LED_SMD:LED-APA102-2020,http://www.led-color.com/upload/201604/APA102-2020%20SMD%20LED.pdf,1,APA102-2020
D2421,APA102-2020,LED_SMD:LED-APA102-2020,http://www.led-color.com/upload/201604/APA102-2020%20SMD%20LED.pdf,1,APA102-2020
D2422,APA102-2020,LED_SMD:LED-APA102-2020,http://www.led-color.com/upload/201604/APA102-2020%20SMD%20LED.pdf,1,APA102-2020
D2423,APA102-2020,LED_SMD:LED-APA102-2020,http://www.led-color.com/upload/201604/APA102-2020%20SMD%20LED.pdf,1,APA102-2020
D2424,APA102-2020,LED_SMD:LED-APA102-2020,http://www.led-color.com/upload/201604/APA102-2020%20SMD%20LED.pdf,1,APA102-2020
D2425,APA102-2020,LED_SMD:LED-APA102-2020,http://www.led-color.com/upload/201604/APA102-2020%20SMD%20LED.pdf,1,APA102-2020
D2426,APA102-2020,LED_SMD:LED-APA102-2020,http://www.led-color.com/upload/201604/APA102-2020%20SMD%20LED.pdf,1,APA102-2020
D2427,APA102-2020,LED_SMD:LED-APA102-2020,http://www.led-color.com/upload/201604/APA102-2020%20SMD%20LED.pdf,1,APA102-2020
D2428,APA102-2020,LED_SMD:LED-APA102-2020,http://www.led-color.com/upload/201604/APA102-2020%20SMD%20LED.pdf,1,APA102-2020
D2429,APA102-2020,LED_SMD:LED-APA102-2020,http://www.led-color.com/upload/201604/APA102-2020%20SMD%20LED.pdf,1,APA102-2020
D2430,APA102-2020,LED_SMD:LED-APA102-2020,http://www.led-color.com/upload/201604/APA102-2020%20SMD%20LED.pdf,1,APA102-2020
D2431,APA102-2020,LED_SMD:LED-APA102-2020,http://www.led-color.com/upload/201604/APA102-2020%20SMD%20LED.pdf,1,APA102-2020
D2432,APA102-2020,LED_SMD:LED-APA102-2020,http://www.led-color.com/upload/201604/APA102-2020%20SMD%20LED.pdf,1,APA102-2020
D2433,APA102-2020,LED_SMD:LED-APA102-2020,http://www.led-color.com/upload/201604/APA102-2020%20SMD%20LED.pdf,1,APA102-2020
D2434,APA102-2020,LED_SMD:LED-APA102-2020,http://www.led-color.com/upload/201604/APA102-2020%20SMD%20LED.pdf,1,APA102-2020
D2435,APA102-2020,LED_SMD:LED-APA102-2020,http://www.led-color.com/upload/201604/APA102-2020%20SMD%20LED.pdf,1,APA102-2020
D2436,APA102-2020,LED_SMD:LED-APA102-2020,http://www.led-color.com/upload/201604/APA102-2020%20SMD%20LED.pdf,1,APA102-2020
D2437,APA102-2020,LED_SMD:LED-APA102-2020,http://www.led-color.com/upload/201604/APA102-2020%20SMD%20LED.pdf,1,APA102-2020
D2438,APA102-2020,LED_SMD:LED-APA102-2020,http://www.led-color.com/upload/201604/APA102-2020%20SMD%20LED.pdf,1,APA102-2020
D2439,APA102-2020,LED_SMD:LED-APA102-2020,http://www.led-color.com/upload/201604/APA102-2020%20SMD%20LED.pdf,1,APA102-2020
D2440,APA102-2020,LED_SMD:LED-APA102-2020,http://www.led-color.com/upload/201604/APA102-2020%20SMD%20LED.pdf,1,APA102-2020
D2441,APA102-2020,LED_SMD:LED-APA102-2020,http://www.led-color.com/upload/201604/APA102-2020%20SMD%20LED.pdf,1,APA102-2020
D2442,APA102-2020,LED_SMD:LED-APA102-2020,http://www.led-color.com/upload/201604/APA102-2020%20SMD%20LED.pdf,1,APA102-2020
D2443,APA102-2020,LED_SMD:LED-APA102-2020,http://www.led-color.com/upload/201604/APA102-2020%20SMD%20LED.pdf,1,APA102-2020
D2444,APA102-2020,LED_SMD:LED-APA102-2020,http://www.led-color.com/upload/201604/APA102-2020%20SMD%20LED.pdf,1,APA102-2020
D2445,APA102-2020,LED_SMD:LED-APA102-2020,http://www.led-color.com/upload/201604/APA102-2020%20SMD%20LED.pdf,1,APA102-2020
D2446,APA102-2020,LED_SMD:LED-APA102-2020,http://www.led-color.com/upload/201604/APA102-2020%20SMD%20LED.pdf,1,APA102-2020
D2447,APA102-2020,LED_SMD:LED-APA102-2020,http://www.led-color.com/upload/201604/APA102-2020%20SMD%20LED.pdf,1,APA102-2020
D2448,APA102-2020,LED_SMD:LED-APA102-2020,http://www.led-color.com/upload/201604/APA102-2020%20SMD%20LED.pdf,1,APA102-2020
D2449,APA102-2020,LED_SMD:LED-APA102-2020,http://www.led-color.com/upload/201604/APA102-2020%20SMD%20LED.pdf,1,APA102-2020
D2450,APA102-2020,LED_SMD:LED-APA102-2020,http://www.led-color.com/upload/201604/APA102-2020%20SMD%20LED.pdf,1,APA102-2020
D2451,APA102-2020,LED_SMD:LED-APA102-2020,http://www.led-color.com/upload/201604/APA102-2020%20SMD%20LED.pdf,1,APA102-2020
D2452,APA102-2020,LED_SMD:LED-APA102-2020,http://www.led-color.com/upload/201604/APA102-2020%20SMD%20LED.pdf,1,APA102-2020
D2453,APA102-2020,LED_SMD:LED-APA102-2020,http://www.led-color.com/upload/201604/APA102-2020%20SMD%20LED.pdf,1,APA102-2020
D2454,APA102-2020,LED_SMD:LED-APA102-2020,http://www.led-color.com/upload/201604/APA102-2020%20SMD%20LED.pdf,1,APA102-2020
D2455,APA102-2020,LED_SMD:LED-APA102-2020,http://www.led-color.com/upload/201604/APA102-2020%20SMD%20LED.pdf,1,APA102-2020
D2456,APA102-2020,LED_SMD:LED-APA102-2020,http://www.led-color.com/upload/201604/APA102-2020%20SMD%20LED.pdf,1,APA102-2020
D2457,APA102-2020,LED_SMD:LED-APA102-2020,http://www.led-color.com/upload/201604/APA102-2020%20SMD%20LED.pdf,1,APA102-2020
D2458,APA102-2020,LED_SMD:LED-APA102-2020,http://www.led-color.com/upload/201604/APA102-2020%20SMD%20LED.pdf,1,APA102-2020
D2459,APA102-2020,LED_SMD:LED-APA102-2020,http://www.led-color.com/upload/201604/APA102-2020%20SMD%20LED.pdf,1,APA102-2020
D2460,APA102-2020,LED_SMD:LED-APA102-2020,http://www.led-color.com/upload/201604/APA102-2020%20SMD%20LED.pdf,1,APA102-2020
D2461,APA102-2020,LED_SMD:LED-APA102-2020,http://www.led-color.com/upload/201604/APA102-2020%20SMD%20LED.pdf,1,APA102-2020
D2462,APA102-2020,LED_SMD:LED-APA102-2020,http://www.led-color.com/upload/201604/APA102-2020%20SMD%20LED.pdf,1,APA102-2020
D2463,APA102-2020,LED_SMD:LED-APA102-2020,http://www.led-color.com/upload/201604/APA102-2020%20SMD%20LED.pdf,1,APA102-2020
D2464,APA102-2020,LED_SMD:LED-APA102-2020,http://www.led-color.com/upload/201604/APA102-2020%20SMD%20LED.pdf,1,APA102-2020
D2465,APA102-2020,LED_SMD:LED-APA102-2020,http://www.led-color.com/upload/201604/APA102-2020%20SMD%20LED.pdf,1,APA102-2020
D2466,APA102-2020,LED_SMD:LED-APA102-2020,http://www.led-color.com/upload/201604/APA102-2020%20SMD%20LED.pdf,1,APA102-2020
D2467,APA102-2020,LED_SMD:LED-APA102-2020,http://www.led-color.com/upload/201604/APA102-2020%20SMD%20LED.pdf,1,APA102-2020
D2468,APA102-2020,LED_SMD:LED-APA102-2020,http://www.led-color.com/upload/201604/APA102-2020%20SMD%20LED.pdf,1,APA102-2020
D2469,APA102-2020,LED_SMD:LED-APA102-2020,http://www.led-color.com/upload/201604/APA102-2020%20SMD%20LED.pdf,1,APA102-2020
D2470,APA102-2020,LED_SMD:LED-APA102-2020,http://www.led-color.com/upload/201604/APA102-2020%20SMD%20LED.pdf,1,APA102-2020
D2471,APA102-2020,LED_SMD:LED-APA102-2020,http://www.led-color.com/upload/201604/APA102-2020%20SMD%20LED.pdf,1,APA102-2020
D2472,APA102-2020,LED_SMD:LED-APA102-2020,http://www.led-color.com/upload/201604/APA102-2020%20SMD%20LED.pdf,1,APA102-2020
D2473,APA102-2020,LED_SMD:LED-APA102-2020,http://www.led-color.com/upload/201604/APA102-2020%20SMD%20LED.pdf,1,APA102-2020
D2474,APA102-2020,LED_SMD:LED-APA102-2020,http://www.led-color.com/upload/201604/APA102-2020%20SMD%20LED.pdf,1,APA102-2020
D2475,APA102-2020,LED_SMD:LED-APA102-2020,http://www.led-color.com/upload/201604/APA102-2020%20SMD%20LED.pdf,1,APA102-2020
D2476,APA102-2020,LED_SMD:LED-APA102-2020,http://www.led-color.com/upload/201604/APA102-2020%20SMD%20LED.pdf,1,APA102-2020
D2477,APA102-2020,LED_SMD:LED-APA102-2020,http://www.led-color.com/upload/201604/APA102-2020%20SMD%20LED.pdf,1,APA102-2020
D2478,APA102-2020,LED_SMD:LED-APA102-2020,http://www.led-color.com/upload/201604/APA102-2020%20SMD%20LED.pdf,1,APA102-2020
D2479,APA102-2020,LED_SMD:LED-APA102-2020,http://www.led-color.com/upload/201604/APA102-2020%20SMD%20LED.pdf,1,APA102-2020
D2480,APA102-2020,LED_SMD:LED-APA102-2020,http://www.led-color.com/upload/201604/APA102-2020%20SMD%20LED.pdf,1,APA102-2020
D2481,APA102-2020,LED_SMD:LED-APA102-2020,http://www.led-color.com/upload/201604/APA102-2020%20SMD%20LED.pdf,1,APA102-2020
D2482,APA102-2020,LED_SMD:LED-APA102-2020,http://www.led-color.com/upload/201604/APA102-2020%20SMD%20LED.pdf,1,APA102-2020
D2483,APA102-2020,LED_SMD:LED-APA102-2020,http://www.led-color.com/upload/201604/APA102-2020%20SMD%20LED.pdf,1,APA102-2020
D2484,APA102-2020,LED_SMD:LED-APA102-2020,http://www.led-color.com/upload/201604/APA102-2020%20SMD%20LED.pdf,1,APA102-2020
D2485,APA102-2020,LED_SMD:LED-APA102-2020,http://www.led-color.com/upload/201604/APA102-2020%20SMD%20LED.pdf,1,APA102-2020
D2486,APA102-2020,LED_SMD:LED-APA102-2020,http://www.led-color.com/upload/201604/APA102-2020%20SMD%20LED.pdf,1,APA102-2020
D2487,APA102-2020,LED_SMD:LED-APA102-2020,http://www.led-color.com/upload/201604/APA102-2020%20SMD%20LED.pdf,1,APA102-2020
D2488,APA102-2020,LED_SMD:LED-APA102-2020,http://www.led-color.com/upload/201604/APA102-2020%20SMD%20LED.pdf,1,APA102-2020
D2489,APA102-2020,LED_SMD:LED-APA102-2020,http://www.led-color.com/upload/201604/APA102-2020%20SMD%20LED.pdf,1,APA102-2020
D2490,APA102-2020,LED_SMD:LED-APA102-2020,http://www.led-color.com/upload/201604/APA102-2020%20SMD%20LED.pdf,1,APA102-2020
D2491,APA102-2020,LED_SMD:LED-APA102-2020,http://www.led-color.com/upload/201604/APA102-2020%20SMD%20LED.pdf,1,APA102-2020
D2492,APA102-2020,LED_SMD:LED-APA102-2020,http://www.led-color.com/upload/201604/APA102-2020%20SMD%20LED.pdf,1,APA102-2020
D2493,APA102-2020,LED_SMD:LED-APA102-2020,http://www.led-color.com/upload/201604/APA102-2020%20SMD%20LED.pdf,1,APA102-2020
D2494,APA102-2020,LED_SMD:LED-APA102-2020,http://www.led-color.com/upload/201604/APA102-2020%20SMD%20LED.pdf,1,APA102-2020
D2495,APA102-2020,LED_SMD:LED-APA102-2020,http://www.led-color.com/upload/201604/APA102-2020%20SMD%20LED.pdf,1,APA102-2020
D2496,APA102-2020,LED_SMD:LED-APA102-2020,http://www.led-color.com/upload/201604/APA102-2020%20SMD%20LED.pdf,1,APA102-2020
D2497,APA102-2020,LED_SMD:LED-APA102-2020,http://www.led-color.com/upload/201604/APA102-2020%20SMD%20LED.pdf,1,APA102-2020
D2498,APA102-2020,LED_SMD:LED-APA102-2020,http://www.led-color.com/upload/201604/APA102-2020%20SMD%20LED.pdf,1,APA102-2020
D2499,APA102-2020,LED_SMD:LED-APA102-2020,http://www.led-color.com/upload/201604/APA102-2020%20SMD%20LED.pdf,1,APA102-2020
D2500,APA102-2020,LED_SMD:LED-APA102-2020,http://www.led-color.com/upload/201604/APA102-2020%20SMD%20LED.pdf,1,APA102-2020
D2501,APA102-2020,LED_SMD:LED-APA102-2020,http://www.led-color.com/upload/201604/APA102-2020%20SMD%20LED.pdf,1,APA102-2020
D2502,APA102-2020,LED_SMD:LED-APA102-2020,http://www.led-color.com/upload/201604/APA102-2020%20SMD%20LED.pdf,1,APA102-2020
D2503,APA102-2020,LED_SMD:LED-APA102-2020,http://www.led-color.com/upload/201604/APA102-2020%20SMD%20LED.pdf,1,APA102-2020
D2504,APA102-2020,LED_SMD:LED-APA102-2020,http://www.led-color.com/upload/201604/APA102-2020%20SMD%20LED.pdf,1,APA102-2020
D2505,APA102-2020,LED_SMD:LED-APA102-2020,http://www.led-color.com/upload/201604/APA102-2020%20SMD%20LED.pdf,1,APA102-2020
D2506,APA102-2020,LED_SMD:LED-APA102-2020,http://www.led-color.com/upload/201604/APA102-2020%20SMD%20LED.pdf,1,APA102-2020
D2507,APA102-2020,LED_SMD:LED-APA102-2020,http://www.led-color.com/upload/201604/APA102-2020%20SMD%20LED.pdf,1,APA102-2020
D2508,APA102-2020,LED_SMD:LED-APA102-2020,http://www.led-color.com/upload/201604/APA102-2020%20SMD%20LED.pdf,1,APA102-2020
D2509,APA102-2020,LED_SMD:LED-APA102-2020,http://www.led-color.com/upload/201604/APA102-2020%20SMD%20LED.pdf,1,APA102-2020
D2510,APA102-2020,LED_SMD:LED-APA102-2020,http://www.led-color.com/upload/201604/APA102-2020%20SMD%20LED.pdf,1,APA102-2020
D2511,APA102-2020,LED_SMD:LED-APA102-2020,http://www.led-color.com/upload/201604/APA102-2020%20SMD%20LED.pdf,1,APA102-2020
D2512,APA102-2020,LED_SMD:LED-APA102-2020,http://www.led-color.com/upload/201604/APA102-2020%20SMD%20LED.pdf,1,APA102-2020
D2513,APA102-2020,LED_SMD:LED-APA102-2020,http://www.led-color.com/upload/201604/APA102-2020%20SMD%20LED.pdf,1,APA102-2020
D2514,APA102-2020,LED_SMD:LED-APA102-2020,http://www.led-color.com/upload/201604/APA102-2020%20SMD%20LED.pdf,1,APA102-2020
D2515,APA102-2020,LED_SMD:LED-APA102-2020,http://www.led-color.com/upload/201604/APA102-2020%20SMD%20LED.pdf,1,APA102-2020
D2516,APA102-2020,LED_SMD:LED-APA102-2020,http://www.led-color.com/upload/201604/APA102-2020%20SMD%20LED.pdf,1,APA102-2020
D2517,APA102-2020,LED_SMD:LED-APA102-2020,http://www.led-color.com/upload/201604/APA102-2020%20SMD%20LED.pdf,1,APA102-2020
D2518,APA102-2020,LED_SMD:LED-APA102-2020,http://www.led-color.com/upload/201604/APA102-2020%20SMD%20LED.pdf,1,APA102-2020
D2519,APA102-2020,LED_SMD:LED-APA102-2020,http://www.led-color.com/upload/201604/APA102-2020%20SMD%20LED.pdf,1,APA102-2020
D2520,APA102-2020,LED_SMD:LED-APA102-2020,http://www.led-color.com/upload/201604/APA102-2020%20SMD%20LED.pdf,1,APA102-2020
D2521,APA102-2020,LED_SMD:LED-APA102-2020,http://www.led-color.com/upload/201604/APA102-2020%20SMD%20LED.pdf,1,APA102-2020
D2522,APA102-2020,LED_SMD:LED-APA102-2020,http://www.led-color.com/upload/201604/APA102-2020%20SMD%20LED.pdf,1,APA102-2020
D2523,APA102-2020,LED_SMD:LED-APA102-2020,http://www.led-color.com/upload/201604/APA102-2020%20SMD%20LED.pdf,1,APA102-2020
D2524,APA102-2020,LED_SMD:LED-APA102-2020,http://www.led-color.com/upload/201604/APA102-2020%20SMD%20LED.pdf,1,APA102-2020
D2525,APA102-2020,LED_SMD:LED-APA102-2020,http://www.led-color.com/upload/201604/APA102-2020%20SMD%20LED.pdf,1,APA102-2020
D2526,APA102-2020,LED_SMD:LED-APA102-2020,http://www.led-color.com/upload/201604/APA102-2020%20SMD%20LED.pdf,1,APA102-2020
D2527,APA102-2020,LED_SMD:LED-APA102-2020,http://www.led-color.com/upload/201604/APA102-2020%20SMD%20LED.pdf,1,APA102-2020
D2528,APA102-2020,LED_SMD:LED-APA102-2020,http://www.led-color.com/upload/201604/APA102-2020%20SMD%20LED.pdf,1,APA102-2020
D2529,APA102-2020,LED_SMD:LED-APA102-2020,http://www.led-color.com/upload/201604/APA102-2020%20SMD%20LED.pdf,1,APA102-2020
D2530,APA102-2020,LED_SMD:LED-APA102-2020,http://www.led-color.com/upload/201604/APA102-2020%20SMD%20LED.pdf,1,APA102-2020
D2531,APA102-2020,LED_SMD:LED-APA102-2020,http://www.led-color.com/upload/201604/APA102-2020%20SMD%20LED.pdf,1,APA102-2020
D2532,APA102-2020,LED_SMD:LED-APA102-2020,http://www.led-color.com/upload/201604/APA102-2020%20SMD%20LED.pdf,1,APA102-2020
D2533,APA102-2020,LED_SMD:LED-APA102-2020,http://www.led-color.com/upload/201604/APA102-2020%20SMD%20LED.pdf,1,APA102-2020
D2534,APA102-2020,LED_SMD:LED-APA102-2020,http://www.led-color.com/upload/201604/APA102-2020%20SMD%20LED.pdf,1,APA102-2020
D2535,APA102-2020,LED_SMD:LED-APA102-2020,http://www.led-color.com/upload/201604/APA102-2020%20SMD%20LED.pdf,1,APA102-2020
D2536,APA102-2020,LED_SMD:LED-APA102-2020,http://www.led-color.com/upload/201604/APA102-2020%20SMD%20LED.pdf,1,APA102-2020
D2537,APA102-2020,LED_SMD:LED-APA102-2020,http://www.led-color.com/upload/201604/APA102-2020%20SMD%20LED.pdf,1,APA102-2020
D2538,APA102-2020,LED_SMD:LED-APA102-2020,http://www.led-color.com/upload/201604/APA102-2020%20SMD%20LED.pdf,1,APA102-2020
D2539,APA102-2020,LED_SMD:LED-APA102-2020,http://www.led-color.com/upload/201604/APA102-2020%20SMD%20LED.pdf,1,APA102-2020
D2540,APA102-2020,LED_SMD:LED-APA102-2020,http://www.led-color.com/upload/201604/APA102-2020%20SMD%20LED.pdf,1,APA102-2020
D2541,APA102-2020,LED_SMD:LED-APA102-2020,http://www.led-color.com/upload/201604/APA102-2020%20SMD%20LED.pdf,1,APA102-2020
D2542,APA102-2020,LED_SMD:LED-APA102-2020,http://www.led-color.com/upload/201604/APA102-2020%20SMD%20LED.pdf,1,APA102-2020
D2543,APA102-2020,LED_SMD:LED-APA102-2020,http://www.led-color.com/upload/201604/APA102-2020%20SMD%20LED.pdf,1,APA102-2020
D2544,APA102-2020,LED_SMD:LED-APA102-2020,http://www.led-color.com/upload/201604/APA102-2020%20SMD%20LED.pdf,1,APA102-2020
D2545,APA102-2020,LED_SMD:LED-APA102-2020,http://www.led-color.com/upload/201604/APA102-2020%20SMD%20LED.pdf,1,APA102-2020
D2546,APA102-2020,LED_SMD:LED-APA102-2020,http://www.led-color.com/upload/201604/APA102-2020%20SMD%20LED.pdf,1,APA102-2020
D2547,APA102-2020,LED_SMD:LED-APA102-2020,http://www.led-color.com/upload/201604/APA102-2020%20SMD%20LED.pdf,1,APA102-2020
D2548,APA102-2020,LED_SMD:LED-APA102-2020,http://www.led-color.com/upload/201604/APA102-2020%20SMD%20LED.pdf,1,APA102-2020
D2549,APA102-2020,LED_SMD:LED-APA102-2020,http://www.led-color.com/upload/201604/APA102-2020%20SMD%20LED.pdf,1,APA102-2020
D2550,APA102-2020,LED_SMD:LED-APA102-2020,http://www.led-color.com/upload/201604/APA102-2020%20SMD%20LED.pdf,1,APA102-2020
D2551,APA102-2020,LED_SMD:LED-APA102-2020,http://www.led-color.com/upload/201604/APA102-2020%20SMD%20LED.pdf,1,APA102-2020
D2552,APA102-2020,LED_SMD:LED-APA102-2020,http://www.led-color.com/upload/201604/APA102-2020%20SMD%20LED.pdf,1,APA102-2020
D2553,APA102-2020,LED_SMD:LED-APA102-2020,http://www.led-color.com/upload/201604/APA102-2020%20SMD%20LED.pdf,1,APA102-2020
D2554,APA102-2020,LED_SMD:LED-APA102-2020,http://www.led-color.com/upload/201604/APA102-2020%20SMD%20LED.pdf,1,APA102-2020
D2555,APA102-2020,LED_SMD:LED-APA102-2020,http://www.led-color.com/upload/201604/APA102-2020%20SMD%20LED.pdf,1,APA102-2020
D2556,APA102-2020,LED_SMD:LED-APA102-2020,http://www.led-color.com/upload/201604/APA102-2020%20SMD%20LED.pdf,1,APA102-2020
D2557,APA102-2020,LED_SMD:LED-APA102-2020,http://www.led-color.com/upload/201604/APA102-2020%20SMD%20LED.pdf,1,APA102-2020
D2558,APA102-2020,LED_SMD:LED-APA102-2020,http://www.led-color.com/upload/201604/APA102-2020%20SMD%20LED.pdf,1,APA102-2020
D2559,APA102-2020,LED_SMD:LED-APA102-2020,http://www.led-color.com/upload/201604/APA102-2020%20SMD%20LED.pdf,1,APA102-2020
D2560,APA102-2020,LED_SMD:LED-APA102-2020,http://www.led-color.com/upload/201604/APA102-2020%20SMD%20LED.pdf,1,APA102-2020
D2561,APA102-2020,LED_SMD:LED-APA102-2020,http://www.led-color.com/upload/201604/APA102-2020%20SMD%20LED.pdf,1,APA102-2020
D2562,APA102-2020,LED_SMD:LED-APA102-2020,http://www.led-color.com/upload/201604/APA102-2020%20SMD%20LED.pdf,1,APA102-2020
D2563,APA102-2020,LED_SMD:LED-APA102-2020,http://www.led-color.com/upload/201604/APA102-2020%20SMD%20LED.pdf,1,APA102-2020
D2564,APA102-2020,LED_SMD:LED-APA102-2020,http://www.led-color.com/upload/201604/APA102-2020%20SMD%20LED.pdf,1,APA102-2020
D2565,APA102-2020,LED_SMD:LED-APA102-2020,http://www.led-color.com/upload/201604/APA102-2020%20SMD%20LED.pdf,1,APA102-2020
D2566,APA102-2020,LED_SMD:LED-APA102-2020,http://www.led-color.com/upload/201604/APA102-2020%20SMD%20LED.pdf,1,APA102-2020
D2567,APA102-2020,LED_SMD:LED-APA102-2020,http://www.led-color.com/upload/201604/APA102-2020%20SMD%20LED.pdf,1,APA102-2020
D2568,APA102-2020,LED_SMD:LED-APA102-2020,http://www.led-color.com/upload/201604/APA102-2020%20SMD%20LED.pdf,1,APA102-2020
D2569,APA102-2020,LED_SMD:LED-APA102-2020,http://www.led-color.com/upload/201604/APA102-2020%20SMD%20LED.pdf,1,APA102-2020
D2570,APA102-2020,LED_SMD:LED-APA102-2020,http://www.led-color.com/upload/201604/APA102-2020%20SMD%20LED.pdf,1,APA102-2020
D2571,APA102-2020,LED_SMD:LED-APA102-2020,http://www.led-color.com/upload/201604/APA102-2020%20SMD%20LED.pdf,1,APA102-2020
D2572,APA102-2020,LED_SMD:LED-APA102-2020,http://www.led-color.com/upload/201604/APA102-2020%20SMD%20LED.pdf,1,APA102-2020
D2573,APA102-2020,LED_SMD:LED-APA102-2020,http://www.led-color.com/upload/201604/APA102-2020%20SMD%20LED.pdf,1,APA102-2020
D2574,APA102-2020,LED_SMD:LED-APA102-2020,http://www.led-color.com/upload/201604/APA102-2020%20SMD%20LED.pdf,1,APA102-2020
D2575,APA102-2020,LED_SMD:LED-APA102-2020,http://www.led-color.com/upload/201604/APA102-2020%20SMD%20LED.pdf,1,APA102-2020
D2576,APA102-2020,LED_SMD:LED-APA102-2020,http://www.led-color.com/upload/201604/APA102-2020%20SMD%20LED.pdf,1,APA102-2020
D2577,APA102-2020,LED_SMD:LED-APA102-2020,http://www.led-color.com/upload/201604/APA102-2020%20SMD%20LED.pdf,1,APA102-2020
D2578,APA102-2020,LED_SMD:LED-APA102-2020,http://www.led-color.com/upload/201604/APA102-2020%20SMD%20LED.pdf,1,APA102-2020
D2579,APA102-2020,LED_SMD:LED-APA102-2020,http://www.led-color.com/upload/201604/APA102-2020%20SMD%20LED.pdf,1,APA102-2020
D2580,APA102-2020,LED_SMD:LED-APA102-2020,http://www.led-color.com/upload/201604/APA102-2020%20SMD%20LED.pdf,1,APA102-2020
D2581,APA102-2020,LED_SMD:LED-APA102-2020,http://www.led-color.com/upload/201604/APA102-2020%20SMD%20LED.pdf,1,APA102-2020
D2582,APA102-2020,LED_SMD:LED-APA102-2020,http://www.led-color.com/upload/201604/APA102-2020%20SMD%20LED.pdf,1,APA102-2020
D2583,APA102-2020,LED_SMD:LED-APA102-2020,http://www.led-color.com/upload/201604/APA102-2020%20SMD%20LED.pdf,1,APA102-2020
D2584,APA102-2020,LED_SMD:LED-APA102-2020,http://www.led-color.com/upload/201604/APA102-2020%20SMD%20LED.pdf,1,APA102-2020
D2585,APA102-2020,LED_SMD:LED-APA102-2020,http://www.led-color.com/upload/201604/APA102-2020%20SMD%20LED.pdf,1,APA102-2020
D2586,APA102-2020,LED_SMD:LED-APA102-2020,http://www.led-color.com/upload/201604/APA102-2020%20SMD%20LED.pdf,1,APA102-2020
D2587,APA102-2020,LED_SMD:LED-APA102-2020,http://www.led-color.com/upload/201604/APA102-2020%20SMD%20LED.pdf,1,APA102-2020
D2588,APA102-2020,LED_SMD:LED-APA102-2020,http://www.led-color.com/upload/201604/APA102-2020%20SMD%20LED.pdf,1,APA102-2020
D2589,APA102-2020,LED_SMD:LED-APA102-2020,http://www.led-color.com/upload/201604/APA102-2020%20SMD%20LED.pdf,1,APA102-2020
D2590,APA102-2020,LED_SMD:LED-APA102-2020,http://www.led-color.com/upload/201604/APA102-2020%20SMD%20LED.pdf,1,APA102-2020
D2591,APA102-2020,LED_SMD:LED-APA102-2020,http://www.led-color.com/upload/201604/APA102-2020%20SMD%20LED.pdf,1,APA102-2020
D2592,APA102-2020,LED_SMD:LED-APA102-2020,http://www.led-color.com/upload/201604/APA102-2020%20SMD%20LED.pdf,1,APA102-2020
D2593,APA102-2020,LED_SMD:LED-APA102-2020,http://www.led-color.com/upload/201604/APA102-2020%20SMD%20LED.pdf,1,APA102-2020
D2594,APA102-2020,LED_SMD:LED-APA102-2020,http://www.led-color.com/upload/201604/APA102-2020%20SMD%20LED.pdf,1,APA102-2020
D2595,APA102-2020,LED_SMD:LED-APA102-2020,http://www.led-color.com/upload/201604/APA102-2020%20SMD%20LED.pdf,1,APA102-2020
D2596,APA102-2020,LED_SMD:LED-APA102-2020,http://www.led-color.com/upload/201604/APA102-2020%20SMD%20LED.pdf,1,APA102-2020
D2597,APA102-2020,LED_SMD:LED-APA102-2020,http://www.led-color.com/upload/201604/APA102-2020%20SMD%20LED.pdf,1,APA102-2020
D2598,APA102-2020,LED_SMD:LED-APA102-2020,http://www.led-color.com/upload/201604/APA102-2020%20SMD%20LED.pdf,1,APA102-2020
D2599,APA102-2020,LED_SMD:LED-APA102-2020,http://www.led-color.com/upload/201604/APA102-2020%20SMD%20LED.pdf,1,APA102-2020
D2600,APA102-2020,LED_SMD:LED-APA102-2020,http://www.led-color.com/upload/201604/APA102-2020%20SMD%20LED.pdf,1,APA102-2020
D2601,APA102-2020,LED_SMD:LED-APA102-2020,http://www.led-color.com/upload/201604/APA102-2020%20SMD%20LED.pdf,1,APA102-2020
D2602,APA102-2020,LED_SMD:LED-APA102-2020,http://www.led-color.com/upload/201604/APA102-2020%20SMD%20LED.pdf,1,APA102-2020
D2603,APA102-2020,LED_SMD:LED-APA102-2020,http://www.led-color.com/upload/201604/APA102-2020%20SMD%20LED.pdf,1,APA102-2020
D2604,APA102-2020,LED_SMD:LED-APA102-2020,http://www.led-color.com/upload/201604/APA102-2020%20SMD%20LED.pdf,1,APA102-2020
D2605,APA102-2020,LED_SMD:LED-APA102-2020,http://www.led-color.com/upload/201604/APA102-2020%20SMD%20LED.pdf,1,APA102-2020
D2606,APA102-2020,LED_SMD:LED-APA102-2020,http://www.led-color.com/upload/201604/APA102-2020%20SMD%20LED.pdf,1,APA102-2020
D2607,APA102-2020,LED_SMD:LED-APA102-2020,http://www.led-color.com/upload/201604/APA102-2020%20SMD%20LED.pdf,1,APA102-2020
D2608,APA102-2020,LED_SMD:LED-APA102-2020,http://www.led-color.com/upload/201604/APA102-2020%20SMD%20LED.pdf,1,APA102-2020
D2609,APA102-2020,LED_SMD:LED-APA102-2020,http://www.led-color.com/upload/201604/APA102-2020%20SMD%20LED.pdf,1,APA102-2020
D2610,APA102-2020,LED_SMD:LED-APA102-2020,http://www.led-color.com/upload/201604/APA102-2020%20SMD%20LED.pdf,1,APA102-2020
D2611,APA102-2020,LED_SMD:LED-APA102-2020,http://www.led-color.com/upload/201604/APA102-2020%20SMD%20LED.pdf,1,APA102-2020
D2612,APA102-2020,LED_SMD:LED-APA102-2020,http://www.led-color.com/upload/201604/APA102-2020%20SMD%20LED.pdf,1,APA102-2020
D2613,APA102-2020,LED_SMD:LED-APA102-2020,http://www.led-color.com/upload/201604/APA102-2020%20SMD%20LED.pdf,1,APA102-2020
D2614,APA102-2020,LED_SMD:LED-APA102-2020,http://www.led-color.com/upload/201604/APA102-2020%20SMD%20LED.pdf,1,APA102-2020
D2615,APA102-2020,LED_SMD:LED-APA102-2020,http://www.led-color.com/upload/201604/APA102-2020%20SMD%20LED.pdf,1,APA102-2020
D2616,APA102-2020,LED_SMD:LED-APA102-2020,http://www.led-color.com/upload/201604/APA102-2020%20SMD%20LED.pdf,1,APA102-2020
D2617,APA102-2020,LED_SMD:LED-APA102-2020,http://www.led-color.com/upload/201604/APA102-2020%20SMD%20LED.pdf,1,APA102-2020
D2618,APA102-2020,LED_SMD:LED-APA102-2020,http://www.led-color.com/upload/201604/APA102-2020%20SMD%20LED.pdf,1,APA102-2020
D2619,APA102-2020,LED_SMD:LED-APA102-2020,http://www.led-color.com/upload/201604/APA102-2020%20SMD%20LED.pdf,1,APA102-2020
D2620,APA102-2020,LED_SMD:LED-APA102-2020,http://www.led-color.com/upload/201604/APA102-2020%20SMD%20LED.pdf,1,APA102-2020
D2621,APA102-2020,LED_SMD:LED-APA102-2020,http://www.led-color.com/upload/201604/APA102-2020%20SMD%20LED.pdf,1,APA102-2020
D2622,APA102-2020,LED_SMD:LED-APA102-2020,http://www.led-color.com/upload/201604/APA102-2020%20SMD%20LED.pdf,1,APA102-2020
D2623,APA102-2020,LED_SMD:LED-APA102-2020,http://www.led-color.com/upload/201604/APA102-2020%20SMD%20LED.pdf,1,APA102-2020
D2624,APA102-2020,LED_SMD:LED-APA102-2020,http://www.led-color.com/upload/201604/APA102-2020%20SMD%20LED.pdf,1,APA102-2020
D2625,APA102-2020,LED_SMD:LED-APA102-2020,http://www.led-color.com/upload/201604/APA102-2020%20SMD%20LED.pdf,1,APA102-2020
D2626,APA102-2020,LED_SMD:LED-APA102-2020,http://www.led-color.com/upload/201604/APA102-2020%20SMD%20LED.pdf,1,APA102-2020
D2627,APA102-2020,LED_SMD:LED-APA102-2020,http://www.led-color.com/upload/201604/APA102-2020%20SMD%20LED.pdf,1,APA102-2020
D2628,APA102-2020,LED_SMD:LED-APA102-2020,http://www.led-color.com/upload/201604/APA102-2020%20SMD%20LED.pdf,1,APA102-2020
D2629,APA102-2020,LED_SMD:LED-APA102-2020,http://www.led-color.com/upload/201604/APA102-2020%20SMD%20LED.pdf,1,APA102-2020
D2630,APA102-2020,LED_SMD:LED-APA102-2020,http://www.led-color.com/upload/201604/APA102-2020%20SMD%20LED.pdf,1,APA102-2020
D2631,APA102-2020,LED_SMD:LED-APA102-2020,http://www.led-color.com/upload/201604/APA102-2020%20SMD%20LED.pdf,1,APA102-2020
D2632,APA102-2020,LED_SMD:LED-APA102-2020,http://www.led-color.com/upload/201604/APA102-2020%20SMD%20LED.pdf,1,APA102-2020
D2633,APA102-2020,LED_SMD:LED-APA102-2020,http://www.led-color.com/upload/201604/APA102-2020%20SMD%20LED.pdf,1,APA102-2020
D2634,APA102-2020,LED_SMD:LED-APA102-2020,http://www.led-color.com/upload/201604/APA102-2020%20SMD%20LED.pdf,1,APA102-2020
D2635,APA102-2020,LED_SMD:LED-APA102-2020,http://www.led-color.com/upload/201604/APA102-2020%20SMD%20LED.pdf,1,APA102-2020
D2636,APA102-2020,LED_SMD:LED-APA102-2020,http://www.led-color.com/upload/201604/APA102-2020%20SMD%20LED.pdf,1,APA102-2020
D2637,APA102-2020,LED_SMD:LED-APA102-2020,http://www.led-color.com/upload/201604/APA102-2020%20SMD%20LED.pdf,1,APA102-2020
D2638,APA102-2020,LED_SMD:LED-APA102-2020,http://www.led-color.com/upload/201604/APA102-2020%20SMD%20LED.pdf,1,APA102-2020
D2639,APA102-2020,LED_SMD:LED-APA102-2020,http://www.led-color.com/upload/201604/APA102-2020%20SMD%20LED.pdf,1,APA102-2020
D2640,APA102-2020,LED_SMD:LED-APA102-2020,http://www.led-color.com/upload/201604/APA102-2020%20SMD%20LED.pdf,1,APA102-2020
D2641,APA102-2020,LED_SMD:LED-APA102-2020,http://www.led-color.com/upload/201604/APA102-2020%20SMD%20LED.pdf,1,APA102-2020
D2642,APA102-2020,LED_SMD:LED-APA102-2020,http://www.led-color.com/upload/201604/APA102-2020%20SMD%20LED.pdf,1,APA102-2020
D2643,APA102-2020,LED_SMD:LED-APA102-2020,http://www.led-color.com/upload/201604/APA102-2020%20SMD%20LED.pdf,1,APA102-2020
D2644,APA102-2020,LED_SMD:LED-APA102-2020,http://www.led-color.com/upload/201604/APA102-2020%20SMD%20LED.pdf,1,APA102-2020
D2645,APA102-2020,LED_SMD:LED-APA102-2020,http://www.led-color.com/upload/201604/APA102-2020%20SMD%20LED.pdf,1,APA102-2020
D2646,APA102-2020,LED_SMD:LED-APA102-2020,http://www.led-color.com/upload/201604/APA102-2020%20SMD%20LED.pdf,1,APA102-2020
D2647,APA102-2020,LED_SMD:LED-APA102-2020,http://www.led-color.com/upload/201604/APA102-2020%20SMD%20LED.pdf,1,APA102-2020
D2648,APA102-2020,LED_SMD:LED-APA102-2020,http://www.led-color.com/upload/201604/APA102-2020%20SMD%20LED.pdf,1,APA102-2020
D2649,APA102-2020,LED_SMD:LED-APA102-2020,http://www.led-color.com/upload/201604/APA102-2020%20SMD%20LED.pdf,1,APA102-2020
D2650,APA102-2020,LED_SMD:LED-APA102-2020,http://www.led-color.com/upload/201604/APA102-2020%20SMD%20LED.pdf,1,APA102-2020
D2651,APA102-2020,LED_SMD:LED-APA102-2020,http://www.led-color.com/upload/201604/APA102-2020%20SMD%20LED.pdf,1,APA102-2020
D2652,APA102-2020,LED_SMD:LED-APA102-2020,http://www.led-color.com/upload/201604/APA102-2020%20SMD%20LED.pdf,1,APA102-2020
D2653,APA102-2020,LED_SMD:LED-APA102-2020,http://www.led-color.com/upload/201604/APA102-2020%20SMD%20LED.pdf,1,APA102-2020
D2654,APA102-2020,LED_SMD:LED-APA102-2020,http://www.led-color.com/upload/201604/APA102-2020%20SMD%20LED.pdf,1,APA102-2020
D2655,APA102-2020,LED_SMD:LED-APA102-2020,http://www.led-color.com/upload/201604/APA102-2020%20SMD%20LED.pdf,1,APA102-2020
D2656,APA102-2020,LED_SMD:LED-APA102-2020,http://www.led-color.com/upload/201604/APA102-2020%20SMD%20LED.pdf,1,APA102-2020
D2657,APA102-2020,LED_SMD:LED-APA102-2020,http://www.led-color.com/upload/201604/APA102-2020%20SMD%20LED.pdf,1,APA102-2020
D2658,APA102-2020,LED_SMD:LED-APA102-2020,http://www.led-color.com/upload/201604/APA102-2020%20SMD%20LED.pdf,1,APA102-2020
D2659,APA102-2020,LED_SMD:LED-APA102-2020,http://www.led-color.com/upload/201604/APA102-2020%20SMD%20LED.pdf,1,APA102-2020
D2660,APA102-2020,LED_SMD:LED-APA102-2020,http://www.led-color.com/upload/201604/APA102-2020%20SMD%20LED.pdf,1,APA102-2020
D2661,APA102-2020,LED_SMD:LED-APA102-2020,http://www.led-color.com/upload/201604/APA102-2020%20SMD%20LED.pdf,1,APA102-2020
D2662,APA102-2020,LED_SMD:LED-APA102-2020,http://www.led-color.com/upload/201604/APA102-2020%20SMD%20LED.pdf,1,APA102-2020
D2663,APA102-2020,LED_SMD:LED-APA102-2020,http://www.led-color.com/upload/201604/APA102-2020%20SMD%20LED.pdf,1,APA102-2020
D2664,APA102-2020,LED_SMD:LED-APA102-2020,http://www.led-color.com/upload/201604/APA102-2020%20SMD%20LED.pdf,1,APA102-2020
D2665,APA102-2020,LED_SMD:LED-APA102-2020,http://www.led-color.com/upload/201604/APA102-2020%20SMD%20LED.pdf,1,APA102-2020
D2666,APA102-2020,LED_SMD:LED-APA102-2020,http://www.led-color.com/upload/201604/APA102-2020%20SMD%20LED.pdf,1,APA102-2020
D2667,APA102-2020,LED_SMD:LED-APA102-2020,http://www.led-color.com/upload/201604/APA102-2020%20SMD%20LED.pdf,1,APA102-2020
D2668,APA102-2020,LED_SMD:LED-APA102-2020,http://www.led-color.com/upload/201604/APA102-2020%20SMD%20LED.pdf,1,APA102-2020
D2669,APA102-2020,LED_SMD:LED-APA102-2020,http://www.led-color.com/upload/201604/APA102-2020%20SMD%20LED.pdf,1,APA102-2020
D2670,APA102-2020,LED_SMD:LED-APA102-2020,http://www.led-color.com/upload/201604/APA102-2020%20SMD%20LED.pdf,1,APA102-2020
D2671,APA102-2020,LED_SMD:LED-APA102-2020,http://www.led-color.com/upload/201604/APA102-2020%20SMD%20LED.pdf,1,APA102-2020
D2672,APA102-2020,LED_SMD:LED-APA102-2020,http://www.led-color.com/upload/201604/APA102-2020%20SMD%20LED.pdf,1,APA102-2020
D2673,APA102-2020,LED_SMD:LED-APA102-2020,http://www.led-color.com/upload/201604/APA102-2020%20SMD%20LED.pdf,1,APA102-2020
D2674,APA102-2020,LED_SMD:LED-APA102-2020,http://www.led-color.com/upload/201604/APA102-2020%20SMD%20LED.pdf,1,APA102-2020
D2675,APA102-2020,LED_SMD:LED-APA102-2020,http://www.led-color.com/upload/201604/APA102-2020%20SMD%20LED.pdf,1,APA102-2020
D2676,APA102-2020,LED_SMD:LED-APA102-2020,http://www.led-color.com/upload/201604/APA102-2020%20SMD%20LED.pdf,1,APA102-2020
D2677,APA102-2020,LED_SMD:LED-APA102-2020,http://www.led-color.com/upload/201604/APA102-2020%20SMD%20LED.pdf,1,APA102-2020
D2678,APA102-2020,LED_SMD:LED-APA102-2020,http://www.led-color.com/upload/201604/APA102-2020%20SMD%20LED.pdf,1,APA102-2020
D2679,APA102-2020,LED_SMD:LED-APA102-2020,http://www.led-color.com/upload/201604/APA102-2020%20SMD%20LED.pdf,1,APA102-2020
D2680,APA102-2020,LED_SMD:LED-APA102-2020,http://www.led-color.com/upload/201604/APA102-2020%20SMD%20LED.pdf,1,APA102-2020
D2681,APA102-2020,LED_SMD:LED-APA102-2020,http://www.led-color.com/upload/201604/APA102-2020%20SMD%20LED.pdf,1,APA102-2020
D2682,APA102-2020,LED_SMD:LED-APA102-2020,http://www.led-color.com/upload/201604/APA102-2020%20SMD%20LED.pdf,1,APA102-2020
D2683,APA102-2020,LED_SMD:LED-APA102-2020,http://www.led-color.com/upload/201604/APA102-2020%20SMD%20LED.pdf,1,APA102-2020
D2684,APA102-2020,LED_SMD:LED-APA102-2020,http://www.led-color.com/upload/201604/APA102-2020%20SMD%20LED.pdf,1,APA102-2020
D2685,APA102-2020,LED_SMD:LED-APA102-2020,http://www.led-color.com/upload/201604/APA102-2020%20SMD%20LED.pdf,1,APA102-2020
D2686,APA102-2020,LED_SMD:LED-APA102-2020,http://www.led-color.com/upload/201604/APA102-2020%20SMD%20LED.pdf,1,APA102-2020
D2687,APA102-2020,LED_SMD:LED-APA102-2020,http://www.led-color.com/upload/201604/APA102-2020%20SMD%20LED.pdf,1,APA102-2020
D2688,APA102-2020,LED_SMD:LED-APA102-2020,http://www.led-color.com/upload/201604/APA102-2020%20SMD%20LED.pdf,1,APA102-2020
D2689,APA102-2020,LED_SMD:LED-APA102-2020,http://www.led-color.com/upload/201604/APA102-2020%20SMD%20LED.pdf,1,APA102-2020
D2690,APA102-2020,LED_SMD:LED-APA102-2020,http://www.led-color.com/upload/201604/APA102-2020%20SMD%20LED.pdf,1,APA102-2020
D2691,APA102-2020,LED_SMD:LED-APA102-2020,http://www.led-color.com/upload/201604/APA102-2020%20SMD%20LED.pdf,1,APA102-2020
D2692,APA102-2020,LED_SMD:LED-APA102-2020,http://www.led-color.com/upload/201604/APA102-2020%20SMD%20LED.pdf,1,APA102-2020
D2693,APA102-2020,LED_SMD:LED-APA102-2020,http://www.led-color.com/upload/201604/APA102-2020%20SMD%20LED.pdf,1,APA102-2020
D2694,APA102-2020,LED_SMD:LED-APA102-2020,http://www.led-color.com/upload/201604/APA102-2020%20SMD%20LED.pdf,1,APA102-2020
D2695,APA102-2020,LED_SMD:LED-APA102-2020,http://www.led-color.com/upload/201604/APA102-2020%20SMD%20LED.pdf,1,APA102-2020
D2696,APA102-2020,LED_SMD:LED-APA102-2020,http://www.led-color.com/upload/201604/APA102-2020%20SMD%20LED.pdf,1,APA102-2020
D2697,APA102-2020,LED_SMD:LED-APA102-2020,http://www.led-color.com/upload/201604/APA102-2020%20SMD%20LED.pdf,1,APA102-2020
D2698,APA102-2020,LED_SMD:LED-APA102-2020,http://www.led-color.com/upload/201604/APA102-2020%20SMD%20LED.pdf,1,APA102-2020
D2699,APA102-2020,LED_SMD:LED-APA102-2020,http://www.led-color.com/upload/201604/APA102-2020%20SMD%20LED.pdf,1,APA102-2020
D2700,APA102-2020,LED_SMD:LED-APA102-2020,http://www.led-color.com/upload/201604/APA102-2020%20SMD%20LED.pdf,1,APA102-2020
D2701,APA102-2020,LED_SMD:LED-APA102-2020,http://www.led-color.com/upload/201604/APA102-2020%20SMD%20LED.pdf,1,APA102-2020
D2702,APA102-2020,LED_SMD:LED-APA102-2020,http://www.led-color.com/upload/201604/APA102-2020%20SMD%20LED.pdf,1,APA102-2020
D2703,APA102-2020,LED_SMD:LED-APA102-2020,http://www.led-color.com/upload/201604/APA102-2020%20SMD%20LED.pdf,1,APA102-2020
D2704,APA102-2020,LED_SMD:LED-APA102-2020,http://www.led-color.com/upload/201604/APA102-2020%20SMD%20LED.pdf,1,APA102-2020
D2705,APA102-2020,LED_SMD:LED-APA102-2020,http://www.led-color.com/upload/201604/APA102-2020%20SMD%20LED.pdf,1,APA102-2020
D2706,APA102-2020,LED_SMD:LED-APA102-2020,http://www.led-color.com/upload/201604/APA102-2020%20SMD%20LED.pdf,1,APA102-2020
D2707,APA102-2020,LED_SMD:LED-APA102-2020,http://www.led-color.com/upload/201604/APA102-2020%20SMD%20LED.pdf,1,APA102-2020
D2708,APA102-2020,LED_SMD:LED-APA102-2020,http://www.led-color.com/upload/201604/APA102-2020%20SMD%20LED.pdf,1,APA102-2020
D2709,APA102-2020,LED_SMD:LED-APA102-2020,http://www.led-color.com/upload/201604/APA102-2020%20SMD%20LED.pdf,1,APA102-2020
D2710,APA102-2020,LED_SMD:LED-APA102-2020,http://www.led-color.com/upload/201604/APA102-2020%20SMD%20LED.pdf,1,APA102-2020
D2711,APA102-2020,LED_SMD:LED-APA102-2020,http://www.led-color.com/upload/201604/APA102-2020%20SMD%20LED.pdf,1,APA102-2020
D2712,APA102-2020,LED_SMD:LED-APA102-2020,http://www.led-color.com/upload/201604/APA102-2020%20SMD%20LED.pdf,1,APA102-2020
D2713,APA102-2020,LED_SMD:LED-APA102-2020,http://www.led-color.com/upload/201604/APA102-2020%20SMD%20LED.pdf,1,APA102-2020
D2714,APA102-2020,LED_SMD:LED-APA102-2020,http://www.led-color.com/upload/201604/APA102-2020%20SMD%20LED.pdf,1,APA102-2020
D2715,APA102-2020,LED_SMD:LED-APA102-2020,http://www.led-color.com/upload/201604/APA102-2020%20SMD%20LED.pdf,1,APA102-2020
D2716,APA102-2020,LED_SMD:LED-APA102-2020,http://www.led-color.com/upload/201604/APA102-2020%20SMD%20LED.pdf,1,APA102-2020
D2717,APA102-2020,LED_SMD:LED-APA102-2020,http://www.led-color.com/upload/201604/APA102-2020%20SMD%20LED.pdf,1,APA102-2020
D2718,APA102-2020,LED_SMD:LED-APA102-2020,http://www.led-color.com/upload/201604/APA102-2020%20SMD%20LED.pdf,1,APA102-2020
D2719,APA102-2020,LED_SMD:LED-APA102-2020,http://www.led-color.com/upload/201604/APA102-2020%20SMD%20LED.pdf,1,APA102-2020
D2720,APA102-2020,LED_SMD:LED-APA102-2020,http://www.led-color.com/upload/201604/APA102-2020%20SMD%20LED.pdf,1,APA102-2020
D2721,APA102-2020,LED_SMD:LED-APA102-2020,http://www.led-color.com/upload/201604/APA102-2020%20SMD%20LED.pdf,1,APA102-2020
D2722,APA102-2020,LED_SMD:LED-APA102-2020,http://www.led-color.com/upload/201604/APA102-2020%20SMD%20LED.pdf,1,APA102-2020
D2723,APA102-2020,LED_SMD:LED-APA102-2020,http://www.led-color.com/upload/201604/APA102-2020%20SMD%20LED.pdf,1,APA102-2020
D2724,APA102-2020,LED_SMD:LED-APA102-2020,http://www.led-color.com/upload/201604/APA102-2020%20SMD%20LED.pdf,1,APA102-2020
D2725,APA102-2020,LED_SMD:LED-APA102-2020,http://www.led-color.com/upload/201604/APA102-2020%20SMD%20LED.pdf,1,APA102-2020
D2726,APA102-2020,LED_SMD:LED-APA102-2020,http://www.led-color.com/upload/201604/APA102-2020%20SMD%20LED.pdf,1,APA102-2020
D2727,APA102-2020,LED_SMD:LED-APA102-2020,http://www.led-color.com/upload/201604/APA102-2020%20SMD%20LED.pdf,1,APA102-2020
D2728,APA102-2020,LED_SMD:LED-APA102-2020,http://www.led-color.com/upload/201604/APA102-2020%20SMD%20LED.pdf,1,APA102-2020
D2729,APA102-2020,LED_SMD:LED-APA102-2020,http://www.led-color.com/upload/201604/APA102-2020%20SMD%20LED.pdf,1,APA102-2020
D2730,APA102-2020,LED_SMD:LED-APA102-2020,http://www.led-color.com/upload/201604/APA102-2020%20SMD%20LED.pdf,1,APA102-2020
D2731,APA102-2020,LED_SMD:LED-APA102-2020,http://www.led-color.com/upload/201604/APA102-2020%20SMD%20LED.pdf,1,APA102-2020
D2732,APA102-2020,LED_SMD:LED-APA102-2020,http://www.led-color.com/upload/201604/APA102-2020%20SMD%20LED.pdf,1,APA102-2020
D2733,APA102-2020,LED_SMD:LED-APA102-2020,http://www.led-color.com/upload/201604/APA102-2020%20SMD%20LED.pdf,1,APA102-2020
D2734,APA102-2020,LED_SMD:LED-APA102-2020,http://www.led-color.com/upload/201604/APA102-2020%20SMD%20LED.pdf,1,APA102-2020
D2735,APA102-2020,LED_SMD:LED-APA102-2020,http://www.led-color.com/upload/201604/APA102-2020%20SMD%20LED.pdf,1,APA102-2020
D2736,APA102-2020,LED_SMD:LED-APA102-2020,http://www.led-color.com/upload/201604/APA102-2020%20SMD%20LED.pdf,1,APA102-2020
D2737,APA102-2020,LED_SMD:LED-APA102-2020,http://www.led-color.com/upload/201604/APA102-2020%20SMD%20LED.pdf,1,APA102-2020
D2738,APA102-2020,LED_SMD:LED-APA102-2020,http://www.led-color.com/upload/201604/APA102-2020%20SMD%20LED.pdf,1,APA102-2020
D2739,APA102-2020,LED_SMD:LED-APA102-2020,http://www.led-color.com/upload/201604/APA102-2020%20SMD%20LED.pdf,1,APA102-2020
D2740,APA102-2020,LED_SMD:LED-APA102-2020,http://www.led-color.com/upload/201604/APA102-2020%20SMD%20LED.pdf,1,APA102-2020
D2741,APA102-2020,LED_SMD:LED-APA102-2020,http://www.led-color.com/upload/201604/APA102-2020%20SMD%20LED.pdf,1,APA102-2020
D2742,APA102-2020,LED_SMD:LED-APA102-2020,http://www.led-color.com/upload/201604/APA102-2020%20SMD%20LED.pdf,1,APA102-2020
D2743,APA102-2020,LED_SMD:LED-APA102-2020,http://www.led-color.com/upload/201604/APA102-2020%20SMD%20LED.pdf,1,APA102-2020
D2744,APA102-2020,LED_SMD:LED-APA102-2020,http://www.led-color.com/upload/201604/APA102-2020%20SMD%20LED.pdf,1,APA102-2020
D2745,APA102-2020,LED_SMD:LED-APA102-2020,http://www.led-color.com/upload/201604/APA102-2020%20SMD%20LED.pdf,1,APA102-2020
D2746,APA102-2020,LED_SMD:LED-APA102-2020,http://www.led-color.com/upload/201604/APA102-2020%20SMD%20LED.pdf,1,APA102-2020
D2747,APA102-2020,LED_SMD:LED-APA102-2020,http://www.led-color.com/upload/201604/APA102-2020%20SMD%20LED.pdf,1,APA102-2020
D2748,APA102-2020,LED_SMD:LED-APA102-2020,http://www.led-color.com/upload/201604/APA102-2020%20SMD%20LED.pdf,1,APA102-2020
D2749,APA102-2020,LED_SMD:LED-APA102-2020,http://www.led-color.com/upload/201604/APA102-2020%20SMD%20LED.pdf,1,APA102-2020
D2750,APA102-2020,LED_SMD:LED-APA102-2020,http://www.led-color.com/upload/201604/APA102-2020%20SMD%20LED.pdf,1,APA102-2020
D2751,APA102-2020,LED_SMD:LED-APA102-2020,http://www.led-color.com/upload/201604/APA102-2020%20SMD%20LED.pdf,1,APA102-2020
D2752,APA102-2020,LED_SMD:LED-APA102-2020,http://www.led-color.com/upload/201604/APA102-2020%20SMD%20LED.pdf,1,APA102-2020
D2753,APA102-2020,LED_SMD:LED-APA102-2020,http://www.led-color.com/upload/201604/APA102-2020%20SMD%20LED.pdf,1,APA102-2020
D2754,APA102-2020,LED_SMD:LED-APA102-2020,http://www.led-color.com/upload/201604/APA102-2020%20SMD%20LED.pdf,1,APA102-2020
D2755,APA102-2020,LED_SMD:LED-APA102-2020,http://www.led-color.com/upload/201604/APA102-2020%20SMD%20LED.pdf,1,APA102-2020
D2756,APA102-2020,LED_SMD:LED-APA102-2020,http://www.led-color.com/upload/201604/APA102-2020%20SMD%20LED.pdf,1,APA102-2020
D2757,APA102-2020,LED_SMD:LED-APA102-2020,http://www.led-color.com/upload/201604/APA102-2020%20SMD%20LED.pdf,1,APA102-2020
D2758,APA102-2020,LED_SMD:LED-APA102-2020,http://www.led-color.com/upload/201604/APA102-2020%20SMD%20LED.pdf,1,APA102-2020
D2759,APA102-2020,LED_SMD:LED-APA102-2020,http://www.led-color.com/upload/201604/APA102-2020%20SMD%20LED.pdf,1,APA102-2020
D2760,APA102-2020,LED_SMD:LED-APA102-2020,http://www.led-color.com/upload/201604/APA102-2020%20SMD%20LED.pdf,1,APA102-2020
D2761,APA102-2020,LED_SMD:LED-APA102-2020,http://www.led-color.com/upload/201604/APA102-2020%20SMD%20LED.pdf,1,APA102-2020
D2762,APA102-2020,LED_SMD:LED-APA102-2020,http://www.led-color.com/upload/201604/APA102-2020%20SMD%20LED.pdf,1,APA102-2020
D2763,APA102-2020,LED_SMD:LED-APA102-2020,http://www.led-color.com/upload/201604/APA102-2020%20SMD%20LED.pdf,1,APA102-2020
D2764,APA102-2020,LED_SMD:LED-APA102-2020,http://www.led-color.com/upload/201604/APA102-2020%20SMD%20LED.pdf,1,APA102-2020
D2765,APA102-2020,LED_SMD:LED-APA102-2020,http://www.led-color.com/upload/201604/APA102-2020%20SMD%20LED.pdf,1,APA102-2020
D2766,APA102-2020,LED_SMD:LED-APA102-2020,http://www.led-color.com/upload/201604/APA102-2020%20SMD%20LED.pdf,1,APA102-2020
D2767,APA102-2020,LED_SMD:LED-APA102-2020,http://www.led-color.com/upload/201604/APA102-2020%20SMD%20LED.pdf,1,APA102-2020
D2768,APA102-2020,LED_SMD:LED-APA102-2020,http://www.led-color.com/upload/201604/APA102-2020%20SMD%20LED.pdf,1,APA102-2020
D2769,APA102-2020,LED_SMD:LED-APA102-2020,http://www.led-color.com/upload/201604/APA102-2020%20SMD%20LED.pdf,1,APA102-2020
D2770,APA102-2020,LED_SMD:LED-APA102-2020,http://www.led-color.com/upload/201604/APA102-2020%20SMD%20LED.pdf,1,APA102-2020
D2771,APA102-2020,LED_SMD:LED-APA102-2020,http://www.led-color.com/upload/201604/APA102-2020%20SMD%20LED.pdf,1,APA102-2020
D2772,APA102-2020,LED_SMD:LED-APA102-2020,http://www.led-color.com/upload/201604/APA102-2020%20SMD%20LED.pdf,1,APA102-2020
D2773,APA102-2020,LED_SMD:LED-APA102-2020,http://www.led-color.com/upload/201604/APA102-2020%20SMD%20LED.pdf,1,APA102-2020
D2774,APA102-2020,LED_SMD:LED-APA102-2020,http://www.led-color.com/upload/201604/APA102-2020%20SMD%20LED.pdf,1,APA102-2020
D2775,APA102-2020,LED_SMD:LED-APA102-2020,http://www.led-color.com/upload/201604/APA102-2020%20SMD%20LED.pdf,1,APA102-2020
D2776,APA102-2020,LED_SMD:LED-APA102-2020,http://www.led-color.com/upload/201604/APA102-2020%20SMD%20LED.pdf,1,APA102-2020
D2777,APA102-2020,LED_SMD:LED-APA102-2020,http://www.led-color.com/upload/201604/APA102-2020%20SMD%20LED.pdf,1,APA102-2020
D2778,APA102-2020,LED_SMD:LED-APA102-2020,http://www.led-color.com/upload/201604/APA102-2020%20SMD%20LED.pdf,1,APA102-2020
D2779,APA102-2020,LED_SMD:LED-APA102-2020,http://www.led-color.com/upload/201604/APA102-2020%20SMD%20LED.pdf,1,APA102-2020
D2780,APA102-2020,LED_SMD:LED-APA102-2020,http://www.led-color.com/upload/201604/APA102-2020%20SMD%20LED.pdf,1,APA102-2020
D2781,APA102-2020,LED_SMD:LED-APA102-2020,http://www.led-color.com/upload/201604/APA102-2020%20SMD%20LED.pdf,1,APA102-2020
D2782,APA102-2020,LED_SMD:LED-APA102-2020,http://www.led-color.com/upload/201604/APA102-2020%20SMD%20LED.pdf,1,APA102-2020
D2783,APA102-2020,LED_SMD:LED-APA102-2020,http://www.led-color.com/upload/201604/APA102-2020%20SMD%20LED.pdf,1,APA102-2020
D2784,APA102-2020,LED_SMD:LED-APA102-2020,http://www.led-color.com/upload/201604/APA102-2020%20SMD%20LED.pdf,1,APA102-2020
D2785,APA102-2020,LED_SMD:LED-APA102-2020,http://www.led-color.com/upload/201604/APA102-2020%20SMD%20LED.pdf,1,APA102-2020
D2786,APA102-2020,LED_SMD:LED-APA102-2020,http://www.led-color.com/upload/201604/APA102-2020%20SMD%20LED.pdf,1,APA102-2020
D2787,APA102-2020,LED_SMD:LED-APA102-2020,http://www.led-color.com/upload/201604/APA102-2020%20SMD%20LED.pdf,1,APA102-2020
D2788,APA102-2020,LED_SMD:LED-APA102-2020,http://www.led-color.com/upload/201604/APA102-2020%20SMD%20LED.pdf,1,APA102-2020
D2789,APA102-2020,LED_SMD:LED-APA102-2020,http://www.led-color.com/upload/201604/APA102-2020%20SMD%20LED.pdf,1,APA102-2020
D2790,APA102-2020,LED_SMD:LED-APA102-2020,http://www.led-color.com/upload/201604/APA102-2020%20SMD%20LED.pdf,1,APA102-2020
D2791,APA102-2020,LED_SMD:LED-APA102-2020,http://www.led-color.com/upload/201604/APA102-2020%20SMD%20LED.pdf,1,APA102-2020
D2792,APA102-2020,LED_SMD:LED-APA102-2020,http://www.led-color.com/upload/201604/APA102-2020%20SMD%20LED.pdf,1,APA102-2020
D2793,APA102-2020,LED_SMD:LED-APA102-2020,http://www.led-color.com/upload/201604/APA102-2020%20SMD%20LED.pdf,1,APA102-2020
D2794,APA102-2020,LED_SMD:LED-APA102-2020,http://www.led-color.com/upload/201604/APA102-2020%20SMD%20LED.pdf,1,APA102-2020
D2795,APA102-2020,LED_SMD:LED-APA102-2020,http://www.led-color.com/upload/201604/APA102-2020%20SMD%20LED.pdf,1,APA102-2020
D2796,APA102-2020,LED_SMD:LED-APA102-2020,http://www.led-color.com/upload/201604/APA102-2020%20SMD%20LED.pdf,1,APA102-2020
D2797,APA102-2020,LED_SMD:LED-APA102-2020,http://www.led-color.com/upload/201604/APA102-2020%20SMD%20LED.pdf,1,APA102-2020
D2798,APA102-2020,LED_SMD:LED-APA102-2020,http://www.led-color.com/upload/201604/APA102-2020%20SMD%20LED.pdf,1,APA102-2020
D2799,APA102-2020,LED_SMD:LED-APA102-2020,http://www.led-color.com/upload/201604/APA102-2020%20SMD%20LED.pdf,1,APA102-2020
D2800,APA102-2020,LED_SMD:LED-APA102-2020,http://www.led-color.com/upload/201604/APA102-2020%20SMD%20LED.pdf,1,APA102-2020
D2801,APA102-2020,LED_SMD:LED-APA102-2020,http://www.led-color.com/upload/201604/APA102-2020%20SMD%20LED.pdf,1,APA102-2020
D2802,APA102-2020,LED_SMD:LED-APA102-2020,http://www.led-color.com/upload/201604/APA102-2020%20SMD%20LED.pdf,1,APA102-2020
D2803,APA102-2020,LED_SMD:LED-APA102-2020,http://www.led-color.com/upload/201604/APA102-2020%20SMD%20LED.pdf,1,APA102-2020
D2804,APA102-2020,LED_SMD:LED-APA102-2020,http://www.led-color.com/upload/201604/APA102-2020%20SMD%20LED.pdf,1,APA102-2020
D2805,APA102-2020,LED_SMD:LED-APA102-2020,http://www.led-color.com/upload/201604/APA102-2020%20SMD%20LED.pdf,1,APA102-2020
D2806,APA102-2020,LED_SMD:LED-APA102-2020,http://www.led-color.com/upload/201604/APA102-2020%20SMD%20LED.pdf,1,APA102-2020
D2807,APA102-2020,LED_SMD:LED-APA102-2020,http://www.led-color.com/upload/201604/APA102-2020%20SMD%20LED.pdf,1,APA102-2020
D2808,APA102-2020,LED_SMD:LED-APA102-2020,http://www.led-color.com/upload/201604/APA102-2020%20SMD%20LED.pdf,1,APA102-2020
D2809,APA102-2020,LED_SMD:LED-APA102-2020,http://www.led-color.com/upload/201604/APA102-2020%20SMD%20LED.pdf,1,APA102-2020
D2810,APA102-2020,LED_SMD:LED-APA102-2020,http://www.led-color.com/upload/201604/APA102-2020%20SMD%20LED.pdf,1,APA102-2020
D2811,APA102-2020,LED_SMD:LED-APA102-2020,http://www.led-color.com/upload/201604/APA102-2020%20SMD%20LED.pdf,1,APA102-2020
D2812,APA102-2020,LED_SMD:LED-APA102-2020,http://www.led-color.com/upload/201604/APA102-2020%20SMD%20LED.pdf,1,APA102-2020
D2813,APA102-2020,LED_SMD:LED-APA102-2020,http://www.led-color.com/upload/201604/APA102-2020%20SMD%20LED.pdf,1,APA102-2020
D2814,APA102-2020,LED_SMD:LED-APA102-2020,http://www.led-color.com/upload/201604/APA102-2020%20SMD%20LED.pdf,1,APA102-2020
D2815,APA102-2020,LED_SMD:LED-APA102-2020,http://www.led-color.com/upload/201604/APA102-2020%20SMD%20LED.pdf,1,APA102-2020
D2816,APA102-2020,LED_SMD:LED-APA102-2020,http://www.led-color.com/upload/201604/APA102-2020%20SMD%20LED.pdf,1,APA102-2020
D2817,APA102-2020,LED_SMD:LED-APA102-2020,http://www.led-color.com/upload/201604/APA102-2020%20SMD%20LED.pdf,1,APA102-2020
D2818,APA102-2020,LED_SMD:LED-APA102-2020,http://www.led-color.com/upload/201604/APA102-2020%20SMD%20LED.pdf,1,APA102-2020
D2819,APA102-2020,LED_SMD:LED-APA102-2020,http://www.led-color.com/upload/201604/APA102-2020%20SMD%20LED.pdf,1,APA102-2020
D2820,APA102-2020,LED_SMD:LED-APA102-2020,http://www.led-color.com/upload/201604/APA102-2020%20SMD%20LED.pdf,1,APA102-2020
D2821,APA102-2020,LED_SMD:LED-APA102-2020,http://www.led-color.com/upload/201604/APA102-2020%20SMD%20LED.pdf,1,APA102-2020
D2822,APA102-2020,LED_SMD:LED-APA102-2020,http://www.led-color.com/upload/201604/APA102-2020%20SMD%20LED.pdf,1,APA102-2020
D2823,APA102-2020,LED_SMD:LED-APA102-2020,http://www.led-color.com/upload/201604/APA102-2020%20SMD%20LED.pdf,1,APA102-2020
D2824,APA102-2020,LED_SMD:LED-APA102-2020,http://www.led-color.com/upload/201604/APA102-2020%20SMD%20LED.pdf,1,APA102-2020
D2825,APA102-2020,LED_SMD:LED-APA102-2020,http://www.led-color.com/upload/201604/APA102-2020%20SMD%20LED.pdf,1,APA102-2020
D2826,APA102-2020,LED_SMD:LED-APA102-2020,http://www.led-color.com/upload/201604/APA102-2020%20SMD%20LED.pdf,1,APA102-2020
D2827,APA102-2020,LED_SMD:LED-APA102-2020,http://www.led-color.com/upload/201604/APA102-2020%20SMD%20LED.pdf,1,APA102-2020
D2828,APA102-2020,LED_SMD:LED-APA102-2020,http://www.led-color.com/upload/201604/APA102-2020%20SMD%20LED.pdf,1,APA102-2020
D2829,APA102-2020,LED_SMD:LED-APA102-2020,http://www.led-color.com/upload/201604/APA102-2020%20SMD%20LED.pdf,1,APA102-2020
D2830,APA102-2020,LED_SMD:LED-APA102-2020,http://www.led-color.com/upload/201604/APA102-2020%20SMD%20LED.pdf,1,APA102-2020
D2831,APA102-2020,LED_SMD:LED-APA102-2020,http://www.led-color.com/upload/201604/APA102-2020%20SMD%20LED.pdf,1,APA102-2020
D2832,APA102-2020,LED_SMD:LED-APA102-2020,http://www.led-color.com/upload/201604/APA102-2020%20SMD%20LED.pdf,1,APA102-2020
D2833,APA102-2020,LED_SMD:LED-APA102-2020,http://www.led-color.com/upload/201604/APA102-2020%20SMD%20LED.pdf,1,APA102-2020
D2834,APA102-2020,LED_SMD:LED-APA102-2020,http://www.led-color.com/upload/201604/APA102-2020%20SMD%20LED.pdf,1,APA102-2020
D2835,APA102-2020,LED_SMD:LED-APA102-2020,http://www.led-color.com/upload/201604/APA102-2020%20SMD%20LED.pdf,1,APA102-2020
D2836,APA102-2020,LED_SMD:LED-APA102-2020,http://www.led-color.com/upload/201604/APA102-2020%20SMD%20LED.pdf,1,APA102-2020
D2837,APA102-2020,LED_SMD:LED-APA102-2020,http://www.led-color.com/upload/201604/APA102-2020%20SMD%20LED.pdf,1,APA102-2020
D2838,APA102-2020,LED_SMD:LED-APA102-2020,http://www.led-color.com/upload/201604/APA102-2020%20SMD%20LED.pdf,1,APA102-2020
D2839,APA102-2020,LED_SMD:LED-APA102-2020,http://www.led-color.com/upload/201604/APA102-2020%20SMD%20LED.pdf,1,APA102-2020
D2840,APA102-2020,LED_SMD:LED-APA102-2020,http://www.led-color.com/upload/201604/APA102-2020%20SMD%20LED.pdf,1,APA102-2020
D2841,APA102-2020,LED_SMD:LED-APA102-2020,http://www.led-color.com/upload/201604/APA102-2020%20SMD%20LED.pdf,1,APA102-2020
D2842,APA102-2020,LED_SMD:LED-APA102-2020,http://www.led-color.com/upload/201604/APA102-2020%20SMD%20LED.pdf,1,APA102-2020
D2843,APA102-2020,LED_SMD:LED-APA102-2020,http://www.led-color.com/upload/201604/APA102-2020%20SMD%20LED.pdf,1,APA102-2020
D2844,APA102-2020,LED_SMD:LED-APA102-2020,http://www.led-color.com/upload/201604/APA102-2020%20SMD%20LED.pdf,1,APA102-2020
D2845,APA102-2020,LED_SMD:LED-APA102-2020,http://www.led-color.com/upload/201604/APA102-2020%20SMD%20LED.pdf,1,APA102-2020
D2846,APA102-2020,LED_SMD:LED-APA102-2020,http://www.led-color.com/upload/201604/APA102-2020%20SMD%20LED.pdf,1,APA102-2020
D2847,APA102-2020,LED_SMD:LED-APA102-2020,http://www.led-color.com/upload/201604/APA102-2020%20SMD%20LED.pdf,1,APA102-2020
D2848,APA102-2020,LED_SMD:LED-APA102-2020,http://www.led-color.com/upload/201604/APA102-2020%20SMD%20LED.pdf,1,APA102-2020
D2849,APA102-2020,LED_SMD:LED-APA102-2020,http://www.led-color.com/upload/201604/APA102-2020%20SMD%20LED.pdf,1,APA102-2020
D2850,APA102-2020,LED_SMD:LED-APA102-2020,http://www.led-color.com/upload/201604/APA102-2020%20SMD%20LED.pdf,1,APA102-2020
D2851,APA102-2020,LED_SMD:LED-APA102-2020,http://www.led-color.com/upload/201604/APA102-2020%20SMD%20LED.pdf,1,APA102-2020
D2852,APA102-2020,LED_SMD:LED-APA102-2020,http://www.led-color.com/upload/201604/APA102-2020%20SMD%20LED.pdf,1,APA102-2020
D2853,APA102-2020,LED_SMD:LED-APA102-2020,http://www.led-color.com/upload/201604/APA102-2020%20SMD%20LED.pdf,1,APA102-2020
D2854,APA102-2020,LED_SMD:LED-APA102-2020,http://www.led-color.com/upload/201604/APA102-2020%20SMD%20LED.pdf,1,APA102-2020
D2855,APA102-2020,LED_SMD:LED-APA102-2020,http://www.led-color.com/upload/201604/APA102-2020%20SMD%20LED.pdf,1,APA102-2020
D2856,APA102-2020,LED_SMD:LED-APA102-2020,http://www.led-color.com/upload/201604/APA102-2020%20SMD%20LED.pdf,1,APA102-2020
D2857,APA102-2020,LED_SMD:LED-APA102-2020,http://www.led-color.com/upload/201604/APA102-2020%20SMD%20LED.pdf,1,APA102-2020
D2858,APA102-2020,LED_SMD:LED-APA102-2020,http://www.led-color.com/upload/201604/APA102-2020%20SMD%20LED.pdf,1,APA102-2020
D2859,APA102-2020,LED_SMD:LED-APA102-2020,http://www.led-color.com/upload/201604/APA102-2020%20SMD%20LED.pdf,1,APA102-2020
D2860,APA102-2020,LED_SMD:LED-APA102-2020,http://www.led-color.com/upload/201604/APA102-2020%20SMD%20LED.pdf,1,APA102-2020
D2861,APA102-2020,LED_SMD:LED-APA102-2020,http://www.led-color.com/upload/201604/APA102-2020%20SMD%20LED.pdf,1,APA102-2020
D2862,APA102-2020,LED_SMD:LED-APA102-2020,http://www.led-color.com/upload/201604/APA102-2020%20SMD%20LED.pdf,1,APA102-2020
D2863,APA102-2020,LED_SMD:LED-APA102-2020,http://www.led-color.com/upload/201604/APA102-2020%20SMD%20LED.pdf,1,APA102-2020
D2864,APA102-2020,LED_SMD:LED-APA102-2020,http://www.led-color.com/upload/201604/APA102-2020%20SMD%20LED.pdf,1,APA102-2020
D2865,APA102-2020,LED_SMD:LED-APA102-2020,http://www.led-color.com/upload/201604/APA102-2020%20SMD%20LED.pdf,1,APA102-2020
D2866,APA102-2020,LED_SMD:LED-APA102-2020,http://www.led-color.com/upload/201604/APA102-2020%20SMD%20LED.pdf,1,APA102-2020
D2867,APA102-2020,LED_SMD:LED-APA102-2020,http://www.led-color.com/upload/201604/APA102-2020%20SMD%20LED.pdf,1,APA102-2020
D2868,APA102-2020,LED_SMD:LED-APA102-2020,http://www.led-color.com/upload/201604/APA102-2020%20SMD%20LED.pdf,1,APA102-2020
D2869,APA102-2020,LED_SMD:LED-APA102-2020,http://www.led-color.com/upload/201604/APA102-2020%20SMD%20LED.pdf,1,APA102-2020
D2870,APA102-2020,LED_SMD:LED-APA102-2020,http://www.led-color.com/upload/201604/APA102-2020%20SMD%20LED.pdf,1,APA102-2020
D2871,APA102-2020,LED_SMD:LED-APA102-2020,http://www.led-color.com/upload/201604/APA102-2020%20SMD%20LED.pdf,1,APA102-2020
D2872,APA102-2020,LED_SMD:LED-APA102-2020,http://www.led-color.com/upload/201604/APA102-2020%20SMD%20LED.pdf,1,APA102-2020
D2873,APA102-2020,LED_SMD:LED-APA102-2020,http://www.led-color.com/upload/201604/APA102-2020%20SMD%20LED.pdf,1,APA102-2020
D2874,APA102-2020,LED_SMD:LED-APA102-2020,http://www.led-color.com/upload/201604/APA102-2020%20SMD%20LED.pdf,1,APA102-2020
D2875,APA102-2020,LED_SMD:LED-APA102-2020,http://www.led-color.com/upload/201604/APA102-2020%20SMD%20LED.pdf,1,APA102-2020
D2876,APA102-2020,LED_SMD:LED-APA102-2020,http://www.led-color.com/upload/201604/APA102-2020%20SMD%20LED.pdf,1,APA102-2020
D2877,APA102-2020,LED_SMD:LED-APA102-2020,http://www.led-color.com/upload/201604/APA102-2020%20SMD%20LED.pdf,1,APA102-2020
D2878,APA102-2020,LED_SMD:LED-APA102-2020,http://www.led-color.com/upload/201604/APA102-2020%20SMD%20LED.pdf,1,APA102-2020
D2879,APA102-2020,LED_SMD:LED-APA102-2020,http://www.led-color.com/upload/201604/APA102-2020%20SMD%20LED.pdf,1,APA102-2020
D2880,APA102-2020,LED_SMD:LED-APA102-2020,http://www.led-color.com/upload/201604/APA102-2020%20SMD%20LED.pdf,1,APA102-2020
D2881,APA102-2020,LED_SMD:LED-APA102-2020,http://www.led-color.com/upload/201604/APA102-2020%20SMD%20LED.pdf,1,APA102-2020
D2882,APA102-2020,LED_SMD:LED-APA102-2020,http://www.led-color.com/upload/201604/APA102-2020%20SMD%20LED.pdf,1,APA102-2020
D2883,APA102-2020,LED_SMD:LED-APA102-2020,http://www.led-color.com/upload/201604/APA102-2020%20SMD%20LED.pdf,1,APA102-2020
D2884,APA102-2020,LED_SMD:LED-APA102-2020,http://www.led-color.com/upload/201604/APA102-2020%20SMD%20LED.pdf,1,APA102-2020
D2885,APA102-2020,LED_SMD:LED-APA102-2020,http://www.led-color.com/upload/201604/APA102-2020%20SMD%20LED.pdf,1,APA102-2020
D2886,APA102-2020,LED_SMD:LED-APA102-2020,http://www.led-color.com/upload/201604/APA102-2020%20SMD%20LED.pdf,1,APA102-2020
D2887,APA102-2020,LED_SMD:LED-APA102-2020,http://www.led-color.com/upload/201604/APA102-2020%20SMD%20LED.pdf,1,APA102-2020
D2888,APA102-2020,LED_SMD:LED-APA102-2020,http://www.led-color.com/upload/201604/APA102-2020%20SMD%20LED.pdf,1,APA102-2020
D2889,APA102-2020,LED_SMD:LED-APA102-2020,http://www.led-color.com/upload/201604/APA102-2020%20SMD%20LED.pdf,1,APA102-2020
D2890,APA102-2020,LED_SMD:LED-APA102-2020,http://www.led-color.com/upload/201604/APA102-2020%20SMD%20LED.pdf,1,APA102-2020
D2891,APA102-2020,LED_SMD:LED-APA102-2020,http://www.led-color.com/upload/201604/APA102-2020%20SMD%20LED.pdf,1,APA102-2020
D2892,APA102-2020,LED_SMD:LED-APA102-2020,http://www.led-color.com/upload/201604/APA102-2020%20SMD%20LED.pdf,1,APA102-2020
D2893,APA102-2020,LED_SMD:LED-APA102-2020,http://www.led-color.com/upload/201604/APA102-2020%20SMD%20LED.pdf,1,APA102-2020
D2894,APA102-2020,LED_SMD:LED-APA102-2020,http://www.led-color.com/upload/201604/APA102-2020%20SMD%20LED.pdf,1,APA102-2020
D2895,APA102-2020,LED_SMD:LED-APA102-2020,http://www.led-color.com/upload/201604/APA102-2020%20SMD%20LED.pdf,1,APA102-2020
D2896,APA102-2020,LED_SMD:LED-APA102-2020,http://www.led-color.com/upload/201604/APA102-2020%20SMD%20LED.pdf,1,APA102-2020
D2897,APA102-2020,LED_SMD:LED-APA102-2020,http://www.led-color.com/upload/201604/APA102-2020%20SMD%20LED.pdf,1,APA102-2020
D2898,APA102-2020,LED_SMD:LED-APA102-2020,http://www.led-color.com/upload/201604/APA102-2020%20SMD%20LED.pdf,1,APA102-2020
D2899,APA102-2020,LED_SMD:LED-APA102-2020,http://www.led-color.com/upload/201604/APA102-2020%20SMD%20LED.pdf,1,APA102-2020
D2900,APA102-2020,LED_SMD:LED-APA102-2020,http://www.led-color.com/upload/201604/APA102-2020%20SMD%20LED.pdf,1,APA102-2020
D2901,APA102-2020,LED_SMD:LED-APA102-2020,http://www.led-color.com/upload/201604/APA102-2020%20SMD%20LED.pdf,1,APA102-2020
D2902,APA102-2020,LED_SMD:LED-APA102-2020,http://www.led-color.com/upload/201604/APA102-2020%20SMD%20LED.pdf,1,APA102-2020
D2903,APA102-2020,LED_SMD:LED-APA102-2020,http://www.led-color.com/upload/201604/APA102-2020%20SMD%20LED.pdf,1,APA102-2020
D2904,APA102-2020,LED_SMD:LED-APA102-2020,http://www.led-color.com/upload/201604/APA102-2020%20SMD%20LED.pdf,1,APA102-2020
D2905,APA102-2020,LED_SMD:LED-APA102-2020,http://www.led-color.com/upload/201604/APA102-2020%20SMD%20LED.pdf,1,APA102-2020
D2906,APA102-2020,LED_SMD:LED-APA102-2020,http://www.led-color.com/upload/201604/APA102-2020%20SMD%20LED.pdf,1,APA102-2020
D2907,APA102-2020,LED_SMD:LED-APA102-2020,http://www.led-color.com/upload/201604/APA102-2020%20SMD%20LED.pdf,1,APA102-2020
D2908,APA102-2020,LED_SMD:LED-APA102-2020,http://www.led-color.com/upload/201604/APA102-2020%20SMD%20LED.pdf,1,APA102-2020
D2909,APA102-2020,LED_SMD:LED-APA102-2020,http://www.led-color.com/upload/201604/APA102-2020%20SMD%20LED.pdf,1,APA102-2020
D2910,APA102-2020,LED_SMD:LED-APA102-2020,http://www.led-color.com/upload/201604/APA102-2020%20SMD%20LED.pdf,1,APA102-2020
D2911,APA102-2020,LED_SMD:LED-APA102-2020,http://www.led-color.com/upload/201604/APA102-2020%20SMD%20LED.pdf,1,APA102-2020
D2912,APA102-2020,LED_SMD:LED-APA102-2020,http://www.led-color.com/upload/201604/APA102-2020%20SMD%20LED.pdf,1,APA102-2020
D2913,APA102-2020,LED_SMD:LED-APA102-2020,http://www.led-color.com/upload/201604/APA102-2020%20SMD%20LED.pdf,1,APA102-2020
D2914,APA102-2020,LED_SMD:LED-APA102-2020,http://www.led-color.com/upload/201604/APA102-2020%20SMD%20LED.pdf,1,APA102-2020
D2915,APA102-2020,LED_SMD:LED-APA102-2020,http://www.led-color.com/upload/201604/APA102-2020%20SMD%20LED.pdf,1,APA102-2020
D2916,APA102-2020,LED_SMD:LED-APA102-2020,http://www.led-color.com/upload/201604/APA102-2020%20SMD%20LED.pdf,1,APA102-2020
D2917,APA102-2020,LED_SMD:LED-APA102-2020,http://www.led-color.com/upload/201604/APA102-2020%20SMD%20LED.pdf,1,APA102-2020
D2918,APA102-2020,LED_SMD:LED-APA102-2020,http://www.led-color.com/upload/201604/APA102-2020%20SMD%20LED.pdf,1,APA102-2020
D2919,APA102-2020,LED_SMD:LED-APA102-2020,http://www.led-color.com/upload/201604/APA102-2020%20SMD%20LED.pdf,1,APA102-2020
D2920,APA102-2020,LED_SMD:LED-APA102-2020,http://www.led-color.com/upload/201604/APA102-2020%20SMD%20LED.pdf,1,APA102-2020
D2921,APA102-2020,LED_SMD:LED-APA102-2020,http://www.led-color.com/upload/201604/APA102-2020%20SMD%20LED.pdf,1,APA102-2020
D2922,APA102-2020,LED_SMD:LED-APA102-2020,http://www.led-color.com/upload/201604/APA102-2020%20SMD%20LED.pdf,1,APA102-2020
D2923,APA102-2020,LED_SMD:LED-APA102-2020,http://www.led-color.com/upload/201604/APA102-2020%20SMD%20LED.pdf,1,APA102-2020
D2924,APA102-2020,LED_SMD:LED-APA102-2020,http://www.led-color.com/upload/201604/APA102-2020%20SMD%20LED.pdf,1,APA102-2020
D2925,APA102-2020,LED_SMD:LED-APA102-2020,http://www.led-color.com/upload/201604/APA102-2020%20SMD%20LED.pdf,1,APA102-2020
D2926,APA102-2020,LED_SMD:LED-APA102-2020,http://www.led-color.com/upload/201604/APA102-2020%20SMD%20LED.pdf,1,APA102-2020
D2927,APA102-2020,LED_SMD:LED-APA102-2020,http://www.led-color.com/upload/201604/APA102-2020%20SMD%20LED.pdf,1,APA102-2020
D2928,APA102-2020,LED_SMD:LED-APA102-2020,http://www.led-color.com/upload/201604/APA102-2020%20SMD%20LED.pdf,1,APA102-2020
D2929,APA102-2020,LED_SMD:LED-APA102-2020,http://www.led-color.com/upload/201604/APA102-2020%20SMD%20LED.pdf,1,APA102-2020
D2930,APA102-2020,LED_SMD:LED-APA102-2020,http://www.led-color.com/upload/201604/APA102-2020%20SMD%20LED.pdf,1,APA102-2020
D2931,APA102-2020,LED_SMD:LED-APA102-2020,http://www.led-color.com/upload/201604/APA102-2020%20SMD%20LED.pdf,1,APA102-2020
D2932,APA102-2020,LED_SMD:LED-APA102-2020,http://www.led-color.com/upload/201604/APA102-2020%20SMD%20LED.pdf,1,APA102-2020
D2933,APA102-2020,LED_SMD:LED-APA102-2020,http://www.led-color.com/upload/201604/APA102-2020%20SMD%20LED.pdf,1,APA102-2020
D2934,APA102-2020,LED_SMD:LED-APA102-2020,http://www.led-color.com/upload/201604/APA102-2020%20SMD%20LED.pdf,1,APA102-2020
D2935,APA102-2020,LED_SMD:LED-APA102-2020,http://www.led-color.com/upload/201604/APA102-2020%20SMD%20LED.pdf,1,APA102-2020
D2936,APA102-2020,LED_SMD:LED-APA102-2020,http://www.led-color.com/upload/201604/APA102-2020%20SMD%20LED.pdf,1,APA102-2020
D2937,APA102-2020,LED_SMD:LED-APA102-2020,http://www.led-color.com/upload/201604/APA102-2020%20SMD%20LED.pdf,1,APA102-2020
D2938,APA102-2020,LED_SMD:LED-APA102-2020,http://www.led-color.com/upload/201604/APA102-2020%20SMD%20LED.pdf,1,APA102-2020
D2939,APA102-2020,LED_SMD:LED-APA102-2020,http://www.led-color.com/upload/201604/APA102-2020%20SMD%20LED.pdf,1,APA102-2020
D2940,APA102-2020,LED_SMD:LED-APA102-2020,http://www.led-color.com/upload/201604/APA102-2020%20SMD%20LED.pdf,1,APA102-2020
D2941,APA102-2020,LED_SMD:LED-APA102-2020,http://www.led-color.com/upload/201604/APA102-2020%20SMD%20LED.pdf,1,APA102-2020
D2942,APA102-2020,LED_SMD:LED-APA102-2020,http://www.led-color.com/upload/201604/APA102-2020%20SMD%20LED.pdf,1,APA102-2020
D2943,APA102-2020,LED_SMD:LED-APA102-2020,http://www.led-color.com/upload/201604/APA102-2020%20SMD%20LED.pdf,1,APA102-2020
D2944,APA102-2020,LED_SMD:LED-APA102-2020,http://www.led-color.com/upload/201604/APA102-2020%20SMD%20LED.pdf,1,APA102-2020
D2945,APA102-2020,LED_SMD:LED-APA102-2020,http://www.led-color.com/upload/201604/APA102-2020%20SMD%20LED.pdf,1,APA102-2020
D2946,APA102-2020,LED_SMD:LED-APA102-2020,http://www.led-color.com/upload/201604/APA102-2020%20SMD%20LED.pdf,1,APA102-2020
D2947,APA102-2020,LED_SMD:LED-APA102-2020,http://www.led-color.com/upload/201604/APA102-2020%20SMD%20LED.pdf,1,APA102-2020
D2948,APA102-2020,LED_SMD:LED-APA102-2020,http://www.led-color.com/upload/201604/APA102-2020%20SMD%20LED.pdf,1,APA102-2020
D2949,APA102-2020,LED_SMD:LED-APA102-2020,http://www.led-color.com/upload/201604/APA102-2020%20SMD%20LED.pdf,1,APA102-2020
D2950,APA102-2020,LED_SMD:LED-APA102-2020,http://www.led-color.com/upload/201604/APA102-2020%20SMD%20LED.pdf,1,APA102-2020
D2951,APA102-2020,LED_SMD:LED-APA102-2020,http://www.led-color.com/upload/201604/APA102-2020%20SMD%20LED.pdf,1,APA102-2020
D2952,APA102-2020,LED_SMD:LED-APA102-2020,http://www.led-color.com/upload/201604/APA102-2020%20SMD%20LED.pdf,1,APA102-2020
D2953,APA102-2020,LED_SMD:LED-APA102-2020,http://www.led-color.com/upload/201604/APA102-2020%20SMD%20LED.pdf,1,APA102-2020
D2954,APA102-2020,LED_SMD:LED-APA102-2020,http://www.led-color.com/upload/201604/APA102-2020%20SMD%20LED.pdf,1,APA102-2020
D2955,APA102-2020,LED_SMD:LED-APA102-2020,http://www.led-color.com/upload/201604/APA102-2020%20SMD%20LED.pdf,1,APA102-2020
D2956,APA102-2020,LED_SMD:LED-APA102-2020,http://www.led-color.com/upload/201604/APA102-2020%20SMD%20LED.pdf,1,APA102-2020
D2957,APA102-2020,LED_SMD:LED-APA102-2020,http://www.led-color.com/upload/201604/APA102-2020%20SMD%20LED.pdf,1,APA102-2020
D2958,APA102-2020,LED_SMD:LED-APA102-2020,http://www.led-color.com/upload/201604/APA102-2020%20SMD%20LED.pdf,1,APA102-2020
D2959,APA102-2020,LED_SMD:LED-APA102-2020,http://www.led-color.com/upload/201604/APA102-2020%20SMD%20LED.pdf,1,APA102-2020
D2960,APA102-2020,LED_SMD:LED-APA102-2020,http://www.led-color.com/upload/201604/APA102-2020%20SMD%20LED.pdf,1,APA102-2020
D2961,APA102-2020,LED_SMD:LED-APA102-2020,http://www.led-color.com/upload/201604/APA102-2020%20SMD%20LED.pdf,1,APA102-2020
D2962,APA102-2020,LED_SMD:LED-APA102-2020,http://www.led-color.com/upload/201604/APA102-2020%20SMD%20LED.pdf,1,APA102-2020
D2963,APA102-2020,LED_SMD:LED-APA102-2020,http://www.led-color.com/upload/201604/APA102-2020%20SMD%20LED.pdf,1,APA102-2020
D2964,APA102-2020,LED_SMD:LED-APA102-2020,http://www.led-color.com/upload/201604/APA102-2020%20SMD%20LED.pdf,1,APA102-2020
D2965,APA102-2020,LED_SMD:LED-APA102-2020,http://www.led-color.com/upload/201604/APA102-2020%20SMD%20LED.pdf,1,APA102-2020
D2966,APA102-2020,LED_SMD:LED-APA102-2020,http://www.led-color.com/upload/201604/APA102-2020%20SMD%20LED.pdf,1,APA102-2020
D2967,APA102-2020,LED_SMD:LED-APA102-2020,http://www.led-color.com/upload/201604/APA102-2020%20SMD%20LED.pdf,1,APA102-2020
D2968,APA102-2020,LED_SMD:LED-APA102-2020,http://www.led-color.com/upload/201604/APA102-2020%20SMD%20LED.pdf,1,APA102-2020
D2969,APA102-2020,LED_SMD:LED-APA102-2020,http://www.led-color.com/upload/201604/APA102-2020%20SMD%20LED.pdf,1,APA102-2020
D2970,APA102-2020,LED_SMD:LED-APA102-2020,http://www.led-color.com/upload/201604/APA102-2020%20SMD%20LED.pdf,1,APA102-2020
D2971,APA102-2020,LED_SMD:LED-APA102-2020,http://www.led-color.com/upload/201604/APA102-2020%20SMD%20LED.pdf,1,APA102-2020
D2972,APA102-2020,LED_SMD:LED-APA102-2020,http://www.led-color.com/upload/201604/APA102-2020%20SMD%20LED.pdf,1,APA102-2020
D2973,APA102-2020,LED_SMD:LED-APA102-2020,http://www.led-color.com/upload/201604/APA102-2020%20SMD%20LED.pdf,1,APA102-2020
D2974,APA102-2020,LED_SMD:LED-APA102-2020,http://www.led-color.com/upload/201604/APA102-2020%20SMD%20LED.pdf,1,APA102-2020
D2975,APA102-2020,LED_SMD:LED-APA102-2020,http://www.led-color.com/upload/201604/APA102-2020%20SMD%20LED.pdf,1,APA102-2020
D2976,APA102-2020,LED_SMD:LED-APA102-2020,http://www.led-color.com/upload/201604/APA102-2020%20SMD%20LED.pdf,1,APA102-2020
D2977,APA102-2020,LED_SMD:LED-APA102-2020,http://www.led-color.com/upload/201604/APA102-2020%20SMD%20LED.pdf,1,APA102-2020
D2978,APA102-2020,LED_SMD:LED-APA102-2020,http://www.led-color.com/upload/201604/APA102-2020%20SMD%20LED.pdf,1,APA102-2020
D2979,APA102-2020,LED_SMD:LED-APA102-2020,http://www.led-color.com/upload/201604/APA102-2020%20SMD%20LED.pdf,1,APA102-2020
D2980,APA102-2020,LED_SMD:LED-APA102-2020,http://www.led-color.com/upload/201604/APA102-2020%20SMD%20LED.pdf,1,APA102-2020
D2981,APA102-2020,LED_SMD:LED-APA102-2020,http://www.led-color.com/upload/201604/APA102-2020%20SMD%20LED.pdf,1,APA102-2020
D2982,APA102-2020,LED_SMD:LED-APA102-2020,http://www.led-color.com/upload/201604/APA102-2020%20SMD%20LED.pdf,1,APA102-2020
D2983,APA102-2020,LED_SMD:LED-APA102-2020,http://www.led-color.com/upload/201604/APA102-2020%20SMD%20LED.pdf,1,APA102-2020
D2984,APA102-2020,LED_SMD:LED-APA102-2020,http://www.led-color.com/upload/201604/APA102-2020%20SMD%20LED.pdf,1,APA102-2020
D2985,APA102-2020,LED_SMD:LED-APA102-2020,http://www.led-color.com/upload/201604/APA102-2020%20SMD%20LED.pdf,1,APA102-2020
D2986,APA102-2020,LED_SMD:LED-APA102-2020,http://www.led-color.com/upload/201604/APA102-2020%20SMD%20LED.pdf,1,APA102-2020
D2987,APA102-2020,LED_SMD:LED-APA102-2020,http://www.led-color.com/upload/201604/APA102-2020%20SMD%20LED.pdf,1,APA102-2020
D2988,APA102-2020,LED_SMD:LED-APA102-2020,http://www.led-color.com/upload/201604/APA102-2020%20SMD%20LED.pdf,1,APA102-2020
D2989,APA102-2020,LED_SMD:LED-APA102-2020,http://www.led-color.com/upload/201604/APA102-2020%20SMD%20LED.pdf,1,APA102-2020
D2990,APA102-2020,LED_SMD:LED-APA102-2020,http://www.led-color.com/upload/201604/APA102-2020%20SMD%20LED.pdf,1,APA102-2020
D2991,APA102-2020,LED_SMD:LED-APA102-2020,http://www.led-color.com/upload/201604/APA102-2020%20SMD%20LED.pdf,1,APA102-2020
D2992,APA102-2020,LED_SMD:LED-APA102-2020,http://www.led-color.com/upload/201604/APA102-2020%20SMD%20LED.pdf,1,APA102-2020
D2993,APA102-2020,LED_SMD:LED-APA102-2020,http://www.led-color.com/upload/201604/APA102-2020%20SMD%20LED.pdf,1,APA102-2020
D2994,APA102-2020,LED_SMD:LED-APA102-2020,http://www.led-color.com/upload/201604/APA102-2020%20SMD%20LED.pdf,1,APA102-2020
D2995,APA102-2020,LED_SMD:LED-APA102-2020,http://www.led-color.com/upload/201604/APA102-2020%20SMD%20LED.pdf,1,APA102-2020
D2996,APA102-2020,LED_SMD:LED-APA102-2020,http://www.led-color.com/upload/201604/APA102-2020%20SMD%20LED.pdf,1,APA102-2020
D2997,APA102-2020,LED_SMD:LED-APA102-2020,http://www.led-color.com/upload/201604/APA102-2020%20SMD%20LED.pdf,1,APA102-2020
D2998,APA102-2020,LED_SMD:LED-APA102-2020,http://www.led-color.com/upload/201604/APA102-2020%20SMD%20LED.pdf,1,APA102-2020
D2999,APA102-2020,LED_SMD:LED-APA102-2020,http://www.led-color.com/upload/201604/APA102-2020%20SMD%20LED.pdf,1,APA102-2020
D3000,APA102-2020,LED_SMD:LED-APA102-2020,http://www.led-color.com/upload/201604/APA102-2020%20SMD%20LED.pdf,1,APA102-2020
D3001,APA102-2020,LED_SMD:LED-APA102-2020,http://www.led-color.com/upload/201604/APA102-2020%20SMD%20LED.pdf,1,APA102-2020
D3002,APA102-2020,LED_SMD:LED-APA102-2020,http://www.led-color.com/upload/201604/APA102-2020%20SMD%20LED.pdf,1,APA102-2020
D3003,APA102-2020,LED_SMD:LED-APA102-2020,http://www.led-color.com/upload/201604/APA102-2020%20SMD%20LED.pdf,1,APA102-2020
D3004,APA102-2020,LED_SMD:LED-APA102-2020,http://www.led-color.com/upload/201604/APA102-2020%20SMD%20LED.pdf,1,APA102-2020
D3005,APA102-2020,LED_SMD:LED-APA102-2020,http://www.led-color.com/upload/201604/APA102-2020%20SMD%20LED.pdf,1,APA102-2020
D3006,APA102-2020,LED_SMD:LED-APA102-2020,http://www.led-color.com/upload/201604/APA102-2020%20SMD%20LED.pdf,1,APA102-2020
D3007,APA102-2020,LED_SMD:LED-APA102-2020,http://www.led-color.com/upload/201604/APA102-2020%20SMD%20LED.pdf,1,APA102-2020
D3008,APA102-2020,LED_SMD:LED-APA102-2020,http://www.led-color.com/upload/201604/APA102-2020%20SMD%20LED.pdf,1,APA102-2020
D3009,APA102-2020,LED_SMD:LED-APA102-2020,http://www.led-color.com/upload/201604/APA102-2020%20SMD%20LED.pdf,1,APA102-2020
D3010,APA102-2020,LED_SMD:LED-APA102-2020,http://www.led-color.com/upload/201604/APA102-2020%20SMD%20LED.pdf,1,APA102-2020
D3011,APA102-2020,LED_SMD:LED-APA102-2020,http://www.led-color.com/upload/201604/APA102-2020%20SMD%20LED.pdf,1,APA102-2020
D3012,APA102-2020,LED_SMD:LED-APA102-2020,http://www.led-color.com/upload/201604/APA102-2020%20SMD%20LED.pdf,1,APA102-2020
D3013,APA102-2020,LED_SMD:LED-APA102-2020,http://www.led-color.com/upload/201604/APA102-2020%20SMD%20LED.pdf,1,APA102-2020
D3014,APA102-2020,LED_SMD:LED-APA102-2020,http://www.led-color.com/upload/201604/APA102-2020%20SMD%20LED.pdf,1,APA102-2020
D3015,APA102-2020,LED_SMD:LED-APA102-2020,http://www.led-color.com/upload/201604/APA102-2020%20SMD%20LED.pdf,1,APA102-2020
D3016,APA102-2020,LED_SMD:LED-APA102-2020,http://www.led-color.com/upload/201604/APA102-2020%20SMD%20LED.pdf,1,APA102-2020
D3017,APA102-2020,LED_SMD:LED-APA102-2020,http://www.led-color.com/upload/201604/APA102-2020%20SMD%20LED.pdf,1,APA102-2020
D3018,APA102-2020,LED_SMD:LED-APA102-2020,http://www.led-color.com/upload/201604/APA102-2020%20SMD%20LED.pdf,1,APA102-2020
D3019,APA102-2020,LED_SMD:LED-APA102-2020,http://www.led-color.com/upload/201604/APA102-2020%20SMD%20LED.pdf,1,APA102-2020
D3020,APA102-2020,LED_SMD:LED-APA102-2020,http://www.led-color.com/upload/201604/APA102-2020%20SMD%20LED.pdf,1,APA102-2020
D3021,APA102-2020,LED_SMD:LED-APA102-2020,http://www.led-color.com/upload/201604/APA102-2020%20SMD%20LED.pdf,1,APA102-2020
D3022,APA102-2020,LED_SMD:LED-APA102-2020,http://www.led-color.com/upload/201604/APA102-2020%20SMD%20LED.pdf,1,APA102-2020
D3023,APA102-2020,LED_SMD:LED-APA102-2020,http://www.led-color.com/upload/201604/APA102-2020%20SMD%20LED.pdf,1,APA102-2020
D3024,APA102-2020,LED_SMD:LED-APA102-2020,http://www.led-color.com/upload/201604/APA102-2020%20SMD%20LED.pdf,1,APA102-2020
D3025,APA102-2020,LED_SMD:LED-APA102-2020,http://www.led-color.com/upload/201604/APA102-2020%20SMD%20LED.pdf,1,APA102-2020
D3026,APA102-2020,LED_SMD:LED-APA102-2020,http://www.led-color.com/upload/201604/APA102-2020%20SMD%20LED.pdf,1,APA102-2020
D3027,APA102-2020,LED_SMD:LED-APA102-2020,http://www.led-color.com/upload/201604/APA102-2020%20SMD%20LED.pdf,1,APA102-2020
D3028,APA102-2020,LED_SMD:LED-APA102-2020,http://www.led-color.com/upload/201604/APA102-2020%20SMD%20LED.pdf,1,APA102-2020
D3029,APA102-2020,LED_SMD:LED-APA102-2020,http://www.led-color.com/upload/201604/APA102-2020%20SMD%20LED.pdf,1,APA102-2020
D3030,APA102-2020,LED_SMD:LED-APA102-2020,http://www.led-color.com/upload/201604/APA102-2020%20SMD%20LED.pdf,1,APA102-2020
D3031,APA102-2020,LED_SMD:LED-APA102-2020,http://www.led-color.com/upload/201604/APA102-2020%20SMD%20LED.pdf,1,APA102-2020
D3032,APA102-2020,LED_SMD:LED-APA102-2020,http://www.led-color.com/upload/201604/APA102-2020%20SMD%20LED.pdf,1,APA102-2020
D3033,APA102-2020,LED_SMD:LED-APA102-2020,http://www.led-color.com/upload/201604/APA102-2020%20SMD%20LED.pdf,1,APA102-2020
D3034,APA102-2020,LED_SMD:LED-APA102-2020,http://www.led-color.com/upload/201604/APA102-2020%20SMD%20LED.pdf,1,APA102-2020
D3035,APA102-2020,LED_SMD:LED-APA102-2020,http://www.led-color.com/upload/201604/APA102-2020%20SMD%20LED.pdf,1,APA102-2020
D3036,APA102-2020,LED_SMD:LED-APA102-2020,http://www.led-color.com/upload/201604/APA102-2020%20SMD%20LED.pdf,1,APA102-2020
D3037,APA102-2020,LED_SMD:LED-APA102-2020,http://www.led-color.com/upload/201604/APA102-2020%20SMD%20LED.pdf,1,APA102-2020
D3038,APA102-2020,LED_SMD:LED-APA102-2020,http://www.led-color.com/upload/201604/APA102-2020%20SMD%20LED.pdf,1,APA102-2020
D3039,APA102-2020,LED_SMD:LED-APA102-2020,http://www.led-color.com/upload/201604/APA102-2020%20SMD%20LED.pdf,1,APA102-2020
D3040,APA102-2020,LED_SMD:LED-APA102-2020,http://www.led-color.com/upload/201604/APA102-2020%20SMD%20LED.pdf,1,APA102-2020
D3041,APA102-2020,LED_SMD:LED-APA102-2020,http://www.led-color.com/upload/201604/APA102-2020%20SMD%20LED.pdf,1,APA102-2020
D3042,APA102-2020,LED_SMD:LED-APA102-2020,http://www.led-color.com/upload/201604/APA102-2020%20SMD%20LED.pdf,1,APA102-2020
D3043,APA102-2020,LED_SMD:LED-APA102-2020,http://www.led-color.com/upload/201604/APA102-2020%20SMD%20LED.pdf,1,APA102-2020
D3044,APA102-2020,LED_SMD:LED-APA102-2020,http://www.led-color.com/upload/201604/APA102-2020%20SMD%20LED.pdf,1,APA102-2020
D3045,APA102-2020,LED_SMD:LED-APA102-2020,http://www.led-color.com/upload/201604/APA102-2020%20SMD%20LED.pdf,1,APA102-2020
D3046,APA102-2020,LED_SMD:LED-APA102-2020,http://www.led-color.com/upload/201604/APA102-2020%20SMD%20LED.pdf,1,APA102-2020
D3047,APA102-2020,LED_SMD:LED-APA102-2020,http://www.led-color.com/upload/201604/APA102-2020%20SMD%20LED.pdf,1,APA102-2020
D3048,APA102-2020,LED_SMD:LED-APA102-2020,http://www.led-color.com/upload/201604/APA102-2020%20SMD%20LED.pdf,1,APA102-2020
D3049,APA102-2020,LED_SMD:LED-APA102-2020,http://www.led-color.com/upload/201604/APA102-2020%20SMD%20LED.pdf,1,APA102-2020
D3050,APA102-2020,LED_SMD:LED-APA102-2020,http://www.led-color.com/upload/201604/APA102-2020%20SMD%20LED.pdf,1,APA102-2020
D3051,APA102-2020,LED_SMD:LED-APA102-2020,http://www.led-color.com/upload/201604/APA102-2020%20SMD%20LED.pdf,1,APA102-2020
D3052,APA102-2020,LED_SMD:LED-APA102-2020,http://www.led-color.com/upload/201604/APA102-2020%20SMD%20LED.pdf,1,APA102-2020
D3053,APA102-2020,LED_SMD:LED-APA102-2020,http://www.led-color.com/upload/201604/APA102-2020%20SMD%20LED.pdf,1,APA102-2020
D3054,APA102-2020,LED_SMD:LED-APA102-2020,http://www.led-color.com/upload/201604/APA102-2020%20SMD%20LED.pdf,1,APA102-2020
D3055,APA102-2020,LED_SMD:LED-APA102-2020,http://www.led-color.com/upload/201604/APA102-2020%20SMD%20LED.pdf,1,APA102-2020
D3056,APA102-2020,LED_SMD:LED-APA102-2020,http://www.led-color.com/upload/201604/APA102-2020%20SMD%20LED.pdf,1,APA102-2020
D3057,APA102-2020,LED_SMD:LED-APA102-2020,http://www.led-color.com/upload/201604/APA102-2020%20SMD%20LED.pdf,1,APA102-2020
D3058,APA102-2020,LED_SMD:LED-APA102-2020,http://www.led-color.com/upload/201604/APA102-2020%20SMD%20LED.pdf,1,APA102-2020
D3059,APA102-2020,LED_SMD:LED-APA102-2020,http://www.led-color.com/upload/201604/APA102-2020%20SMD%20LED.pdf,1,APA102-2020
D3060,APA102-2020,LED_SMD:LED-APA102-2020,http://www.led-color.com/upload/201604/APA102-2020%20SMD%20LED.pdf,1,APA102-2020
D3061,APA102-2020,LED_SMD:LED-APA102-2020,http://www.led-color.com/upload/201604/APA102-2020%20SMD%20LED.pdf,1,APA102-2020
D3062,APA102-2020,LED_SMD:LED-APA102-2020,http://www.led-color.com/upload/201604/APA102-2020%20SMD%20LED.pdf,1,APA102-2020
D3063,APA102-2020,LED_SMD:LED-APA102-2020,http://www.led-color.com/upload/201604/APA102-2020%20SMD%20LED.pdf,1,APA102-2020
D3064,APA102-2020,LED_SMD:LED-APA102-2020,http://www.led-color.com/upload/201604/APA102-2020%20SMD%20LED.pdf,1,APA102-2020
D3065,APA102-2020,LED_SMD:LED-APA102-2020,http://www.led-color.com/upload/201604/APA102-2020%20SMD%20LED.pdf,1,APA102-2020
D3066,APA102-2020,LED_SMD:LED-APA102-2020,http://www.led-color.com/upload/201604/APA102-2020%20SMD%20LED.pdf,1,APA102-2020
D3067,APA102-2020,LED_SMD:LED-APA102-2020,http://www.led-color.com/upload/201604/APA102-2020%20SMD%20LED.pdf,1,APA102-2020
D3068,APA102-2020,LED_SMD:LED-APA102-2020,http://www.led-color.com/upload/201604/APA102-2020%20SMD%20LED.pdf,1,APA102-2020
D3069,APA102-2020,LED_SMD:LED-APA102-2020,http://www.led-color.com/upload/201604/APA102-2020%20SMD%20LED.pdf,1,APA102-2020
D3070,APA102-2020,LED_SMD:LED-APA102-2020,http://www.led-color.com/upload/201604/APA102-2020%20SMD%20LED.pdf,1,APA102-2020
D3071,APA102-2020,LED_SMD:LED-APA102-2020,http://www.led-color.com/upload/201604/APA102-2020%20SMD%20LED.pdf,1,APA102-2020
D3072,APA102-2020,LED_SMD:LED-APA102-2020,http://www.led-color.com/upload/201604/APA102-2020%20SMD%20LED.pdf,1,APA102-2020
D3073,APA102-2020,LED_SMD:LED-APA102-2020,http://www.led-color.com/upload/201604/APA102-2020%20SMD%20LED.pdf,1,APA102-2020
D3074,APA102-2020,LED_SMD:LED-APA102-2020,http://www.led-color.com/upload/201604/APA102-2020%20SMD%20LED.pdf,1,APA102-2020
D3075,APA102-2020,LED_SMD:LED-APA102-2020,http://www.led-color.com/upload/201604/APA102-2020%20SMD%20LED.pdf,1,APA102-2020
D3076,APA102-2020,LED_SMD:LED-APA102-2020,http://www.led-color.com/upload/201604/APA102-2020%20SMD%20LED.pdf,1,APA102-2020
D3077,APA102-2020,LED_SMD:LED-APA102-2020,http://www.led-color.com/upload/201604/APA102-2020%20SMD%20LED.pdf,1,APA102-2020
D3078,APA102-2020,LED_SMD:LED-APA102-2020,http://www.led-color.com/upload/201604/APA102-2020%20SMD%20LED.pdf,1,APA102-2020
D3079,APA102-2020,LED_SMD:LED-APA102-2020,http://www.led-color.com/upload/201604/APA102-2020%20SMD%20LED.pdf,1,APA102-2020
D3080,APA102-2020,LED_SMD:LED-APA102-2020,http://www.led-color.com/upload/201604/APA102-2020%20SMD%20LED.pdf,1,APA102-2020
D3081,APA102-2020,LED_SMD:LED-APA102-2020,http://www.led-color.com/upload/201604/APA102-2020%20SMD%20LED.pdf,1,APA102-2020
D3082,APA102-2020,LED_SMD:LED-APA102-2020,http://www.led-color.com/upload/201604/APA102-2020%20SMD%20LED.pdf,1,APA102-2020
D3083,APA102-2020,LED_SMD:LED-APA102-2020,http://www.led-color.com/upload/201604/APA102-2020%20SMD%20LED.pdf,1,APA102-2020
D3084,APA102-2020,LED_SMD:LED-APA102-2020,http://www.led-color.com/upload/201604/APA102-2020%20SMD%20LED.pdf,1,APA102-2020
D3085,APA102-2020,LED_SMD:LED-APA102-2020,http://www.led-color.com/upload/201604/APA102-2020%20SMD%20LED.pdf,1,APA102-2020
D3086,APA102-2020,LED_SMD:LED-APA102-2020,http://www.led-color.com/upload/201604/APA102-2020%20SMD%20LED.pdf,1,APA102-2020
D3087,APA102-2020,LED_SMD:LED-APA102-2020,http://www.led-color.com/upload/201604/APA102-2020%20SMD%20LED.pdf,1,APA102-2020
D3088,APA102-2020,LED_SMD:LED-APA102-2020,http://www.led-color.com/upload/201604/APA102-2020%20SMD%20LED.pdf,1,APA102-2020
D3089,APA102-2020,LED_SMD:LED-APA102-2020,http://www.led-color.com/upload/201604/APA102-2020%20SMD%20LED.pdf,1,APA102-2020
D3090,APA102-2020,LED_SMD:LED-APA102-2020,http://www.led-color.com/upload/201604/APA102-2020%20SMD%20LED.pdf,1,APA102-2020
D3091,APA102-2020,LED_SMD:LED-APA102-2020,http://www.led-color.com/upload/201604/APA102-2020%20SMD%20LED.pdf,1,APA102-2020
D3092,APA102-2020,LED_SMD:LED-APA102-2020,http://www.led-color.com/upload/201604/APA102-2020%20SMD%20LED.pdf,1,APA102-2020
D3093,APA102-2020,LED_SMD:LED-APA102-2020,http://www.led-color.com/upload/201604/APA102-2020%20SMD%20LED.pdf,1,APA102-2020
D3094,APA102-2020,LED_SMD:LED-APA102-2020,http://www.led-color.com/upload/201604/APA102-2020%20SMD%20LED.pdf,1,APA102-2020
D3095,APA102-2020,LED_SMD:LED-APA102-2020,http://www.led-color.com/upload/201604/APA102-2020%20SMD%20LED.pdf,1,APA102-2020
D3096,APA102-2020,LED_SMD:LED-APA102-2020,http://www.led-color.com/upload/201604/APA102-2020%20SMD%20LED.pdf,1,APA102-2020
D3097,APA102-2020,LED_SMD:LED-APA102-2020,http://www.led-color.com/upload/201604/APA102-2020%20SMD%20LED.pdf,1,APA102-2020
D3098,APA102-2020,LED_SMD:LED-APA102-2020,http://www.led-color.com/upload/201604/APA102-2020%20SMD%20LED.pdf,1,APA102-2020
D3099,APA102-2020,LED_SMD:LED-APA102-2020,http://www.led-color.com/upload/201604/APA102-2020%20SMD%20LED.pdf,1,APA102-2020
D3100,APA102-2020,LED_SMD:LED-APA102-2020,http://www.led-color.com/upload/201604/APA102-2020%20SMD%20LED.pdf,1,APA102-2020
D3101,APA102-2020,LED_SMD:LED-APA102-2020,http://www.led-color.com/upload/201604/APA102-2020%20SMD%20LED.pdf,1,APA102-2020
D3102,APA102-2020,LED_SMD:LED-APA102-2020,http://www.led-color.com/upload/201604/APA102-2020%20SMD%20LED.pdf,1,APA102-2020
D3103,APA102-2020,LED_SMD:LED-APA102-2020,http://www.led-color.com/upload/201604/APA102-2020%20SMD%20LED.pdf,1,APA102-2020
D3104,APA102-2020,LED_SMD:LED-APA102-2020,http://www.led-color.com/upload/201604/APA102-2020%20SMD%20LED.pdf,1,APA102-2020
D3105,APA102-2020,LED_SMD:LED-APA102-2020,http://www.led-color.com/upload/201604/APA102-2020%20SMD%20LED.pdf,1,APA102-2020
D3106,APA102-2020,LED_SMD:LED-APA102-2020,http://www.led-color.com/upload/201604/APA102-2020%20SMD%20LED.pdf,1,APA102-2020
D3107,APA102-2020,LED_SMD:LED-APA102-2020,http://www.led-color.com/upload/201604/APA102-2020%20SMD%20LED.pdf,1,APA102-2020
D3108,APA102-2020,LED_SMD:LED-APA102-2020,http://www.led-color.com/upload/201604/APA102-2020%20SMD%20LED.pdf,1,APA102-2020
D3109,APA102-2020,LED_SMD:LED-APA102-2020,http://www.led-color.com/upload/201604/APA102-2020%20SMD%20LED.pdf,1,APA102-2020
D3110,APA102-2020,LED_SMD:LED-APA102-2020,http://www.led-color.com/upload/201604/APA102-2020%20SMD%20LED.pdf,1,APA102-2020
D3111,APA102-2020,LED_SMD:LED-APA102-2020,http://www.led-color.com/upload/201604/APA102-2020%20SMD%20LED.pdf,1,APA102-2020
D3112,APA102-2020,LED_SMD:LED-APA102-2020,http://www.led-color.com/upload/201604/APA102-2020%20SMD%20LED.pdf,1,APA102-2020
D3113,APA102-2020,LED_SMD:LED-APA102-2020,http://www.led-color.com/upload/201604/APA102-2020%20SMD%20LED.pdf,1,APA102-2020
D3114,APA102-2020,LED_SMD:LED-APA102-2020,http://www.led-color.com/upload/201604/APA102-2020%20SMD%20LED.pdf,1,APA102-2020
D3115,APA102-2020,LED_SMD:LED-APA102-2020,http://www.led-color.com/upload/201604/APA102-2020%20SMD%20LED.pdf,1,APA102-2020
D3116,APA102-2020,LED_SMD:LED-APA102-2020,http://www.led-color.com/upload/201604/APA102-2020%20SMD%20LED.pdf,1,APA102-2020
D3117,APA102-2020,LED_SMD:LED-APA102-2020,http://www.led-color.com/upload/201604/APA102-2020%20SMD%20LED.pdf,1,APA102-2020
D3118,APA102-2020,LED_SMD:LED-APA102-2020,http://www.led-color.com/upload/201604/APA102-2020%20SMD%20LED.pdf,1,APA102-2020
D3119,APA102-2020,LED_SMD:LED-APA102-2020,http://www.led-color.com/upload/201604/APA102-2020%20SMD%20LED.pdf,1,APA102-2020
D3120,APA102-2020,LED_SMD:LED-APA102-2020,http://www.led-color.com/upload/201604/APA102-2020%20SMD%20LED.pdf,1,APA102-2020
D3121,APA102-2020,LED_SMD:LED-APA102-2020,http://www.led-color.com/upload/201604/APA102-2020%20SMD%20LED.pdf,1,APA102-2020
D3122,APA102-2020,LED_SMD:LED-APA102-2020,http://www.led-color.com/upload/201604/APA102-2020%20SMD%20LED.pdf,1,APA102-2020
D3123,APA102-2020,LED_SMD:LED-APA102-2020,http://www.led-color.com/upload/201604/APA102-2020%20SMD%20LED.pdf,1,APA102-2020
D3124,APA102-2020,LED_SMD:LED-APA102-2020,http://www.led-color.com/upload/201604/APA102-2020%20SMD%20LED.pdf,1,APA102-2020
D3125,APA102-2020,LED_SMD:LED-APA102-2020,http://www.led-color.com/upload/201604/APA102-2020%20SMD%20LED.pdf,1,APA102-2020
D3126,APA102-2020,LED_SMD:LED-APA102-2020,http://www.led-color.com/upload/201604/APA102-2020%20SMD%20LED.pdf,1,APA102-2020
D3127,APA102-2020,LED_SMD:LED-APA102-2020,http://www.led-color.com/upload/201604/APA102-2020%20SMD%20LED.pdf,1,APA102-2020
D3128,APA102-2020,LED_SMD:LED-APA102-2020,http://www.led-color.com/upload/201604/APA102-2020%20SMD%20LED.pdf,1,APA102-2020
D3129,APA102-2020,LED_SMD:LED-APA102-2020,http://www.led-color.com/upload/201604/APA102-2020%20SMD%20LED.pdf,1,APA102-2020
D3130,APA102-2020,LED_SMD:LED-APA102-2020,http://www.led-color.com/upload/201604/APA102-2020%20SMD%20LED.pdf,1,APA102-2020
D3131,APA102-2020,LED_SMD:LED-APA102-2020,http://www.led-color.com/upload/201604/APA102-2020%20SMD%20LED.pdf,1,APA102-2020
D3132,APA102-2020,LED_SMD:LED-APA102-2020,http://www.led-color.com/upload/201604/APA102-2020%20SMD%20LED.pdf,1,APA102-2020
D3133,APA102-2020,LED_SMD:LED-APA102-2020,http://www.led-color.com/upload/201604/APA102-2020%20SMD%20LED.pdf,1,APA102-2020
D3134,APA102-2020,LED_SMD:LED-APA102-2020,http://www.led-color.com/upload/201604/APA102-2020%20SMD%20LED.pdf,1,APA102-2020
D3135,APA102-2020,LED_SMD:LED-APA102-2020,http://www.led-color.com/upload/201604/APA102-2020%20SMD%20LED.pdf,1,APA102-2020
D3136,APA102-2020,LED_SMD:LED-APA102-2020,http://www.led-color.com/upload/201604/APA102-2020%20SMD%20LED.pdf,1,APA102-2020
D3137,APA102-2020,LED_SMD:LED-APA102-2020,http://www.led-color.com/upload/201604/APA102-2020%20SMD%20LED.pdf,1,APA102-2020
D3138,APA102-2020,LED_SMD:LED-APA102-2020,http://www.led-color.com/upload/201604/APA102-2020%20SMD%20LED.pdf,1,APA102-2020
D3139,APA102-2020,LED_SMD:LED-APA102-2020,http://www.led-color.com/upload/201604/APA102-2020%20SMD%20LED.pdf,1,APA102-2020
D3140,APA102-2020,LED_SMD:LED-APA102-2020,http://www.led-color.com/upload/201604/APA102-2020%20SMD%20LED.pdf,1,APA102-2020
D3141,APA102-2020,LED_SMD:LED-APA102-2020,http://www.led-color.com/upload/201604/APA102-2020%20SMD%20LED.pdf,1,APA102-2020
D3142,APA102-2020,LED_SMD:LED-APA102-2020,http://www.led-color.com/upload/201604/APA102-2020%20SMD%20LED.pdf,1,APA102-2020
D3143,APA102-2020,LED_SMD:LED-APA102-2020,http://www.led-color.com/upload/201604/APA102-2020%20SMD%20LED.pdf,1,APA102-2020
D3144,APA102-2020,LED_SMD:LED-APA102-2020,http://www.led-color.com/upload/201604/APA102-2020%20SMD%20LED.pdf,1,APA102-2020
D3145,APA102-2020,LED_SMD:LED-APA102-2020,http://www.led-color.com/upload/201604/APA102-2020%20SMD%20LED.pdf,1,APA102-2020
D3146,APA102-2020,LED_SMD:LED-APA102-2020,http://www.led-color.com/upload/201604/APA102-2020%20SMD%20LED.pdf,1,APA102-2020
D3147,APA102-2020,LED_SMD:LED-APA102-2020,http://www.led-color.com/upload/201604/APA102-2020%20SMD%20LED.pdf,1,APA102-2020
D3148,APA102-2020,LED_SMD:LED-APA102-2020,http://www.led-color.com/upload/201604/APA102-2020%20SMD%20LED.pdf,1,APA102-2020
D3149,APA102-2020,LED_SMD:LED-APA102-2020,http://www.led-color.com/upload/201604/APA102-2020%20SMD%20LED.pdf,1,APA102-2020
D3150,APA102-2020,LED_SMD:LED-APA102-2020,http://www.led-color.com/upload/201604/APA102-2020%20SMD%20LED.pdf,1,APA102-2020
D3151,APA102-2020,LED_SMD:LED-APA102-2020,http://www.led-color.com/upload/201604/APA102-2020%20SMD%20LED.pdf,1,APA102-2020
D3152,APA102-2020,LED_SMD:LED-APA102-2020,http://www.led-color.com/upload/201604/APA102-2020%20SMD%20LED.pdf,1,APA102-2020
D3153,APA102-2020,LED_SMD:LED-APA102-2020,http://www.led-color.com/upload/201604/APA102-2020%20SMD%20LED.pdf,1,APA102-2020
D3154,APA102-2020,LED_SMD:LED-APA102-2020,http://www.led-color.com/upload/201604/APA102-2020%20SMD%20LED.pdf,1,APA102-2020
D3155,APA102-2020,LED_SMD:LED-APA102-2020,http://www.led-color.com/upload/201604/APA102-2020%20SMD%20LED.pdf,1,APA102-2020
D3156,APA102-2020,LED_SMD:LED-APA102-2020,http://www.led-color.com/upload/201604/APA102-2020%20SMD%20LED.pdf,1,APA102-2020
D3157,APA102-2020,LED_SMD:LED-APA102-2020,http://www.led-color.com/upload/201604/APA102-2020%20SMD%20LED.pdf,1,APA102-2020
D3158,APA102-2020,LED_SMD:LED-APA102-2020,http://www.led-color.com/upload/201604/APA102-2020%20SMD%20LED.pdf,1,APA102-2020
D3159,APA102-2020,LED_SMD:LED-APA102-2020,http://www.led-color.com/upload/201604/APA102-2020%20SMD%20LED.pdf,1,APA102-2020
D3160,APA102-2020,LED_SMD:LED-APA102-2020,http://www.led-color.com/upload/201604/APA102-2020%20SMD%20LED.pdf,1,APA102-2020
D3161,APA102-2020,LED_SMD:LED-APA102-2020,http://www.led-color.com/upload/201604/APA102-2020%20SMD%20LED.pdf,1,APA102-2020
D3162,APA102-2020,LED_SMD:LED-APA102-2020,http://www.led-color.com/upload/201604/APA102-2020%20SMD%20LED.pdf,1,APA102-2020
D3163,APA102-2020,LED_SMD:LED-APA102-2020,http://www.led-color.com/upload/201604/APA102-2020%20SMD%20LED.pdf,1,APA102-2020
D3164,APA102-2020,LED_SMD:LED-APA102-2020,http://www.led-color.com/upload/201604/APA102-2020%20SMD%20LED.pdf,1,APA102-2020
D3165,APA102-2020,LED_SMD:LED-APA102-2020,http://www.led-color.com/upload/201604/APA102-2020%20SMD%20LED.pdf,1,APA102-2020
D3166,APA102-2020,LED_SMD:LED-APA102-2020,http://www.led-color.com/upload/201604/APA102-2020%20SMD%20LED.pdf,1,APA102-2020
D3167,APA102-2020,LED_SMD:LED-APA102-2020,http://www.led-color.com/upload/201604/APA102-2020%20SMD%20LED.pdf,1,APA102-2020
D3168,APA102-2020,LED_SMD:LED-APA102-2020,http://www.led-color.com/upload/201604/APA102-2020%20SMD%20LED.pdf,1,APA102-2020
D3169,APA102-2020,LED_SMD:LED-APA102-2020,http://www.led-color.com/upload/201604/APA102-2020%20SMD%20LED.pdf,1,APA102-2020
D3170,APA102-2020,LED_SMD:LED-APA102-2020,http://www.led-color.com/upload/201604/APA102-2020%20SMD%20LED.pdf,1,APA102-2020
D3171,APA102-2020,LED_SMD:LED-APA102-2020,http://www.led-color.com/upload/201604/APA102-2020%20SMD%20LED.pdf,1,APA102-2020
D3172,APA102-2020,LED_SMD:LED-APA102-2020,http://www.led-color.com/upload/201604/APA102-2020%20SMD%20LED.pdf,1,APA102-2020
D3173,APA102-2020,LED_SMD:LED-APA102-2020,http://www.led-color.com/upload/201604/APA102-2020%20SMD%20LED.pdf,1,APA102-2020
D3174,APA102-2020,LED_SMD:LED-APA102-2020,http://www.led-color.com/upload/201604/APA102-2020%20SMD%20LED.pdf,1,APA102-2020
D3175,APA102-2020,LED_SMD:LED-APA102-2020,http://www.led-color.com/upload/201604/APA102-2020%20SMD%20LED.pdf,1,APA102-2020
D3176,APA102-2020,LED_SMD:LED-APA102-2020,http://www.led-color.com/upload/201604/APA102-2020%20SMD%20LED.pdf,1,APA102-2020
D3177,APA102-2020,LED_SMD:LED-APA102-2020,http://www.led-color.com/upload/201604/APA102-2020%20SMD%20LED.pdf,1,APA102-2020
D3178,APA102-2020,LED_SMD:LED-APA102-2020,http://www.led-color.com/upload/201604/APA102-2020%20SMD%20LED.pdf,1,APA102-2020
D3179,APA102-2020,LED_SMD:LED-APA102-2020,http://www.led-color.com/upload/201604/APA102-2020%20SMD%20LED.pdf,1,APA102-2020
D3180,APA102-2020,LED_SMD:LED-APA102-2020,http://www.led-color.com/upload/201604/APA102-2020%20SMD%20LED.pdf,1,APA102-2020
D3181,APA102-2020,LED_SMD:LED-APA102-2020,http://www.led-color.com/upload/201604/APA102-2020%20SMD%20LED.pdf,1,APA102-2020
D3182,APA102-2020,LED_SMD:LED-APA102-2020,http://www.led-color.com/upload/201604/APA102-2020%20SMD%20LED.pdf,1,APA102-2020
D3183,APA102-2020,LED_SMD:LED-APA102-2020,http://www.led-color.com/upload/201604/APA102-2020%20SMD%20LED.pdf,1,APA102-2020
D3184,APA102-2020,LED_SMD:LED-APA102-2020,http://www.led-color.com/upload/201604/APA102-2020%20SMD%20LED.pdf,1,APA102-2020
D3185,APA102-2020,LED_SMD:LED-APA102-2020,http://www.led-color.com/upload/201604/APA102-2020%20SMD%20LED.pdf,1,APA102-2020
D3186,APA102-2020,LED_SMD:LED-APA102-2020,http://www.led-color.com/upload/201604/APA102-2020%20SMD%20LED.pdf,1,APA102-2020
D3187,APA102-2020,LED_SMD:LED-APA102-2020,http://www.led-color.com/upload/201604/APA102-2020%20SMD%20LED.pdf,1,APA102-2020
D3188,APA102-2020,LED_SMD:LED-APA102-2020,http://www.led-color.com/upload/201604/APA102-2020%20SMD%20LED.pdf,1,APA102-2020
D3189,APA102-2020,LED_SMD:LED-APA102-2020,http://www.led-color.com/upload/201604/APA102-2020%20SMD%20LED.pdf,1,APA102-2020
D3190,APA102-2020,LED_SMD:LED-APA102-2020,http://www.led-color.com/upload/201604/APA102-2020%20SMD%20LED.pdf,1,APA102-2020
D3191,APA102-2020,LED_SMD:LED-APA102-2020,http://www.led-color.com/upload/201604/APA102-2020%20SMD%20LED.pdf,1,APA102-2020
D3192,APA102-2020,LED_SMD:LED-APA102-2020,http://www.led-color.com/upload/201604/APA102-2020%20SMD%20LED.pdf,1,APA102-2020
D3193,APA102-2020,LED_SMD:LED-APA102-2020,http://www.led-color.com/upload/201604/APA102-2020%20SMD%20LED.pdf,1,APA102-2020
D3194,APA102-2020,LED_SMD:LED-APA102-2020,http://www.led-color.com/upload/201604/APA102-2020%20SMD%20LED.pdf,1,APA102-2020
D3195,APA102-2020,LED_SMD:LED-APA102-2020,http://www.led-color.com/upload/201604/APA102-2020%20SMD%20LED.pdf,1,APA102-2020
D3196,APA102-2020,LED_SMD:LED-APA102-2020,http://www.led-color.com/upload/201604/APA102-2020%20SMD%20LED.pdf,1,APA102-2020
D3197,APA102-2020,LED_SMD:LED-APA102-2020,http://www.led-color.com/upload/201604/APA102-2020%20SMD%20LED.pdf,1,APA102-2020
D3198,APA102-2020,LED_SMD:LED-APA102-2020,http://www.led-color.com/upload/201604/APA102-2020%20SMD%20LED.pdf,1,APA102-2020
D3199,APA102-2020,LED_SMD:LED-APA102-2020,http://www.led-color.com/upload/201604/APA102-2020%20SMD%20LED.pdf,1,APA102-2020
D3200,APA102-2020,LED_SMD:LED-APA102-2020,http://www.led-color.com/upload/201604/APA102-2020%20SMD%20LED.pdf,1,APA102-2020
D3201,APA102-2020,LED_SMD:LED-APA102-2020,http://www.led-color.com/upload/201604/APA102-2020%20SMD%20LED.pdf,1,APA102-2020
D3202,APA102-2020,LED_SMD:LED-APA102-2020,http://www.led-color.com/upload/201604/APA102-2020%20SMD%20LED.pdf,1,APA102-2020
D3203,APA102-2020,LED_SMD:LED-APA102-2020,http://www.led-color.com/upload/201604/APA102-2020%20SMD%20LED.pdf,1,APA102-2020
D3204,APA102-2020,LED_SMD:LED-APA102-2020,http://www.led-color.com/upload/201604/APA102-2020%20SMD%20LED.pdf,1,APA102-2020
D3205,APA102-2020,LED_SMD:LED-APA102-2020,http://www.led-color.com/upload/201604/APA102-2020%20SMD%20LED.pdf,1,APA102-2020
D3206,APA102-2020,LED_SMD:LED-APA102-2020,http://www.led-color.com/upload/201604/APA102-2020%20SMD%20LED.pdf,1,APA102-2020
D3207,APA102-2020,LED_SMD:LED-APA102-2020,http://www.led-color.com/upload/201604/APA102-2020%20SMD%20LED.pdf,1,APA102-2020
D3208,APA102-2020,LED_SMD:LED-APA102-2020,http://www.led-color.com/upload/201604/APA102-2020%20SMD%20LED.pdf,1,APA102-2020
D3209,APA102-2020,LED_SMD:LED-APA102-2020,http://www.led-color.com/upload/201604/APA102-2020%20SMD%20LED.pdf,1,APA102-2020
D3210,APA102-2020,LED_SMD:LED-APA102-2020,http://www.led-color.com/upload/201604/APA102-2020%20SMD%20LED.pdf,1,APA102-2020
D3211,APA102-2020,LED_SMD:LED-APA102-2020,http://www.led-color.com/upload/201604/APA102-2020%20SMD%20LED.pdf,1,APA102-2020
D3212,APA102-2020,LED_SMD:LED-APA102-2020,http://www.led-color.com/upload/201604/APA102-2020%20SMD%20LED.pdf,1,APA102-2020
D3213,APA102-2020,LED_SMD:LED-APA102-2020,http://www.led-color.com/upload/201604/APA102-2020%20SMD%20LED.pdf,1,APA102-2020
D3214,APA102-2020,LED_SMD:LED-APA102-2020,http://www.led-color.com/upload/201604/APA102-2020%20SMD%20LED.pdf,1,APA102-2020
D3215,APA102-2020,LED_SMD:LED-APA102-2020,http://www.led-color.com/upload/201604/APA102-2020%20SMD%20LED.pdf,1,APA102-2020
D3216,APA102-2020,LED_SMD:LED-APA102-2020,http://www.led-color.com/upload/201604/APA102-2020%20SMD%20LED.pdf,1,APA102-2020
D3217,APA102-2020,LED_SMD:LED-APA102-2020,http://www.led-color.com/upload/201604/APA102-2020%20SMD%20LED.pdf,1,APA102-2020
D3218,APA102-2020,LED_SMD:LED-APA102-2020,http://www.led-color.com/upload/201604/APA102-2020%20SMD%20LED.pdf,1,APA102-2020
D3219,APA102-2020,LED_SMD:LED-APA102-2020,http://www.led-color.com/upload/201604/APA102-2020%20SMD%20LED.pdf,1,APA102-2020
D3220,APA102-2020,LED_SMD:LED-APA102-2020,http://www.led-color.com/upload/201604/APA102-2020%20SMD%20LED.pdf,1,APA102-2020
D3221,APA102-2020,LED_SMD:LED-APA102-2020,http://www.led-color.com/upload/201604/APA102-2020%20SMD%20LED.pdf,1,APA102-2020
D3222,APA102-2020,LED_SMD:LED-APA102-2020,http://www.led-color.com/upload/201604/APA102-2020%20SMD%20LED.pdf,1,APA102-2020
D3223,APA102-2020,LED_SMD:LED-APA102-2020,http://www.led-color.com/upload/201604/APA102-2020%20SMD%20LED.pdf,1,APA102-2020
D3224,APA102-2020,LED_SMD:LED-APA102-2020,http://www.led-color.com/upload/201604/APA102-2020%20SMD%20LED.pdf,1,APA102-2020
D3225,APA102-2020,LED_SMD:LED-APA102-2020,http://www.led-color.com/upload/201604/APA102-2020%20SMD%20LED.pdf,1,APA102-2020
D3226,APA102-2020,LED_SMD:LED-APA102-2020,http://www.led-color.com/upload/201604/APA102-2020%20SMD%20LED.pdf,1,APA102-2020
D3227,APA102-2020,LED_SMD:LED-APA102-2020,http://www.led-color.com/upload/201604/APA102-2020%20SMD%20LED.pdf,1,APA102-2020
D3228,APA102-2020,LED_SMD:LED-APA102-2020,http://www.led-color.com/upload/201604/APA102-2020%20SMD%20LED.pdf,1,APA102-2020
D3229,APA102-2020,LED_SMD:LED-APA102-2020,http://www.led-color.com/upload/201604/APA102-2020%20SMD%20LED.pdf,1,APA102-2020
D3230,APA102-2020,LED_SMD:LED-APA102-2020,http://www.led-color.com/upload/201604/APA102-2020%20SMD%20LED.pdf,1,APA102-2020
D3231,APA102-2020,LED_SMD:LED-APA102-2020,http://www.led-color.com/upload/201604/APA102-2020%20SMD%20LED.pdf,1,APA102-2020
D3232,APA102-2020,LED_SMD:LED-APA102-2020,http://www.led-color.com/upload/201604/APA102-2020%20SMD%20LED.pdf,1,APA102-2020
D3233,APA102-2020,LED_SMD:LED-APA102-2020,http://www.led-color.com/upload/201604/APA102-2020%20SMD%20LED.pdf,1,APA102-2020
D3234,APA102-2020,LED_SMD:LED-APA102-2020,http://www.led-color.com/upload/201604/APA102-2020%20SMD%20LED.pdf,1,APA102-2020
D3235,APA102-2020,LED_SMD:LED-APA102-2020,http://www.led-color.com/upload/201604/APA102-2020%20SMD%20LED.pdf,1,APA102-2020
D3236,APA102-2020,LED_SMD:LED-APA102-2020,http://www.led-color.com/upload/201604/APA102-2020%20SMD%20LED.pdf,1,APA102-2020
D3237,APA102-2020,LED_SMD:LED-APA102-2020,http://www.led-color.com/upload/201604/APA102-2020%20SMD%20LED.pdf,1,APA102-2020
D3238,APA102-2020,LED_SMD:LED-APA102-2020,http://www.led-color.com/upload/201604/APA102-2020%20SMD%20LED.pdf,1,APA102-2020
D3239,APA102-2020,LED_SMD:LED-APA102-2020,http://www.led-color.com/upload/201604/APA102-2020%20SMD%20LED.pdf,1,APA102-2020
D3240,APA102-2020,LED_SMD:LED-APA102-2020,http://www.led-color.com/upload/201604/APA102-2020%20SMD%20LED.pdf,1,APA102-2020
D3241,APA102-2020,LED_SMD:LED-APA102-2020,http://www.led-color.com/upload/201604/APA102-2020%20SMD%20LED.pdf,1,APA102-2020
D3242,APA102-2020,LED_SMD:LED-APA102-2020,http://www.led-color.com/upload/201604/APA102-2020%20SMD%20LED.pdf,1,APA102-2020
D3243,APA102-2020,LED_SMD:LED-APA102-2020,http://www.led-color.com/upload/201604/APA102-2020%20SMD%20LED.pdf,1,APA102-2020
D3244,APA102-2020,LED_SMD:LED-APA102-2020,http://www.led-color.com/upload/201604/APA102-2020%20SMD%20LED.pdf,1,APA102-2020
D3245,APA102-2020,LED_SMD:LED-APA102-2020,http://www.led-color.com/upload/201604/APA102-2020%20SMD%20LED.pdf,1,APA102-2020
D3246,APA102-2020,LED_SMD:LED-APA102-2020,http://www.led-color.com/upload/201604/APA102-2020%20SMD%20LED.pdf,1,APA102-2020
D3247,APA102-2020,LED_SMD:LED-APA102-2020,http://www.led-color.com/upload/201604/APA102-2020%20SMD%20LED.pdf,1,APA102-2020
D3248,APA102-2020,LED_SMD:LED-APA102-2020,http://www.led-color.com/upload/201604/APA102-2020%20SMD%20LED.pdf,1,APA102-2020
D3249,APA102-2020,LED_SMD:LED-APA102-2020,http://www.led-color.com/upload/201604/APA102-2020%20SMD%20LED.pdf,1,APA102-2020
D3250,APA102-2020,LED_SMD:LED-APA102-2020,http://www.led-color.com/upload/201604/APA102-2020%20SMD%20LED.pdf,1,APA102-2020
D3251,APA102-2020,LED_SMD:LED-APA102-2020,http://www.led-color.com/upload/201604/APA102-2020%20SMD%20LED.pdf,1,APA102-2020
D3252,APA102-2020,LED_SMD:LED-APA102-2020,http://www.led-color.com/upload/201604/APA102-2020%20SMD%20LED.pdf,1,APA102-2020
D3253,APA102-2020,LED_SMD:LED-APA102-2020,http://www.led-color.com/upload/201604/APA102-2020%20SMD%20LED.pdf,1,APA102-2020
D3254,APA102-2020,LED_SMD:LED-APA102-2020,http://www.led-color.com/upload/201604/APA102-2020%20SMD%20LED.pdf,1,APA102-2020
D3255,APA102-2020,LED_SMD:LED-APA102-2020,http://www.led-color.com/upload/201604/APA102-2020%20SMD%20LED.pdf,1,APA102-2020
D3256,APA102-2020,LED_SMD:LED-APA102-2020,http://www.led-color.com/upload/201604/APA102-2020%20SMD%20LED.pdf,1,APA102-2020
D3257,APA102-2020,LED_SMD:LED-APA102-2020,http://www.led-color.com/upload/201604/APA102-2020%20SMD%20LED.pdf,1,APA102-2020
D3258,APA102-2020,LED_SMD:LED-APA102-2020,http://www.led-color.com/upload/201604/APA102-2020%20SMD%20LED.pdf,1,APA102-2020
D3259,APA102-2020,LED_SMD:LED-APA102-2020,http://www.led-color.com/upload/201604/APA102-2020%20SMD%20LED.pdf,1,APA102-2020
D3260,APA102-2020,LED_SMD:LED-APA102-2020,http://www.led-color.com/upload/201604/APA102-2020%20SMD%20LED.pdf,1,APA102-2020
D3261,APA102-2020,LED_SMD:LED-APA102-2020,http://www.led-color.com/upload/201604/APA102-2020%20SMD%20LED.pdf,1,APA102-2020
D3262,APA102-2020,LED_SMD:LED-APA102-2020,http://www.led-color.com/upload/201604/APA102-2020%20SMD%20LED.pdf,1,APA102-2020
D3263,APA102-2020,LED_SMD:LED-APA102-2020,http://www.led-color.com/upload/201604/APA102-2020%20SMD%20LED.pdf,1,APA102-2020
D3264,APA102-2020,LED_SMD:LED-APA102-2020,http://www.led-color.com/upload/201604/APA102-2020%20SMD%20LED.pdf,1,APA102-2020
D3265,APA102-2020,LED_SMD:LED-APA102-2020,http://www.led-color.com/upload/201604/APA102-2020%20SMD%20LED.pdf,1,APA102-2020
D3266,APA102-2020,LED_SMD:LED-APA102-2020,http://www.led-color.com/upload/201604/APA102-2020%20SMD%20LED.pdf,1,APA102-2020
D3267,APA102-2020,LED_SMD:LED-APA102-2020,http://www.led-color.com/upload/201604/APA102-2020%20SMD%20LED.pdf,1,APA102-2020
D3268,APA102-2020,LED_SMD:LED-APA102-2020,http://www.led-color.com/upload/201604/APA102-2020%20SMD%20LED.pdf,1,APA102-2020
D3269,APA102-2020,LED_SMD:LED-APA102-2020,http://www.led-color.com/upload/201604/APA102-2020%20SMD%20LED.pdf,1,APA102-2020
D3270,APA102-2020,LED_SMD:LED-APA102-2020,http://www.led-color.com/upload/201604/APA102-2020%20SMD%20LED.pdf,1,APA102-2020
D3271,APA102-2020,LED_SMD:LED-APA102-2020,http://www.led-color.com/upload/201604/APA102-2020%20SMD%20LED.pdf,1,APA102-2020
D3272,APA102-2020,LED_SMD:LED-APA102-2020,http://www.led-color.com/upload/201604/APA102-2020%20SMD%20LED.pdf,1,APA102-2020
D3273,APA102-2020,LED_SMD:LED-APA102-2020,http://www.led-color.com/upload/201604/APA102-2020%20SMD%20LED.pdf,1,APA102-2020
D3274,APA102-2020,LED_SMD:LED-APA102-2020,http://www.led-color.com/upload/201604/APA102-2020%20SMD%20LED.pdf,1,APA102-2020
D3275,APA102-2020,LED_SMD:LED-APA102-2020,http://www.led-color.com/upload/201604/APA102-2020%20SMD%20LED.pdf,1,APA102-2020
D3276,APA102-2020,LED_SMD:LED-APA102-2020,http://www.led-color.com/upload/201604/APA102-2020%20SMD%20LED.pdf,1,APA102-2020
D3277,APA102-2020,LED_SMD:LED-APA102-2020,http://www.led-color.com/upload/201604/APA102-2020%20SMD%20LED.pdf,1,APA102-2020
D3278,APA102-2020,LED_SMD:LED-APA102-2020,http://www.led-color.com/upload/201604/APA102-2020%20SMD%20LED.pdf,1,APA102-2020
D3279,APA102-2020,LED_SMD:LED-APA102-2020,http://www.led-color.com/upload/201604/APA102-2020%20SMD%20LED.pdf,1,APA102-2020
D3280,APA102-2020,LED_SMD:LED-APA102-2020,http://www.led-color.com/upload/201604/APA102-2020%20SMD%20LED.pdf,1,APA102-2020
D3281,APA102-2020,LED_SMD:LED-APA102-2020,http://www.led-color.com/upload/201604/APA102-2020%20SMD%20LED.pdf,1,APA102-2020
D3282,APA102-2020,LED_SMD:LED-APA102-2020,http://www.led-color.com/upload/201604/APA102-2020%20SMD%20LED.pdf,1,APA102-2020
D3283,APA102-2020,LED_SMD:LED-APA102-2020,http://www.led-color.com/upload/201604/APA102-2020%20SMD%20LED.pdf,1,APA102-2020
D3284,APA102-2020,LED_SMD:LED-APA102-2020,http://www.led-color.com/upload/201604/APA102-2020%20SMD%20LED.pdf,1,APA102-2020
D3285,APA102-2020,LED_SMD:LED-APA102-2020,http://www.led-color.com/upload/201604/APA102-2020%20SMD%20LED.pdf,1,APA102-2020
D3286,APA102-2020,LED_SMD:LED-APA102-2020,http://www.led-color.com/upload/201604/APA102-2020%20SMD%20LED.pdf,1,APA102-2020
D3287,APA102-2020,LED_SMD:LED-APA102-2020,http://www.led-color.com/upload/201604/APA102-2020%20SMD%20LED.pdf,1,APA102-2020
D3288,APA102-2020,LED_SMD:LED-APA102-2020,http://www.led-color.com/upload/201604/APA102-2020%20SMD%20LED.pdf,1,APA102-2020
D3289,APA102-2020,LED_SMD:LED-APA102-2020,http://www.led-color.com/upload/201604/APA102-2020%20SMD%20LED.pdf,1,APA102-2020
D3290,APA102-2020,LED_SMD:LED-APA102-2020,http://www.led-color.com/upload/201604/APA102-2020%20SMD%20LED.pdf,1,APA102-2020
D3291,APA102-2020,LED_SMD:LED-APA102-2020,http://www.led-color.com/upload/201604/APA102-2020%20SMD%20LED.pdf,1,APA102-2020
D3292,APA102-2020,LED_SMD:LED-APA102-2020,http://www.led-color.com/upload/201604/APA102-2020%20SMD%20LED.pdf,1,APA102-2020
D3293,APA102-2020,LED_SMD:LED-APA102-2020,http://www.led-color.com/upload/201604/APA102-2020%20SMD%20LED.pdf,1,APA102-2020
D3294,APA102-2020,LED_SMD:LED-APA102-2020,http://www.led-color.com/upload/201604/APA102-2020%20SMD%20LED.pdf,1,APA102-2020
D3295,APA102-2020,LED_SMD:LED-APA102-2020,http://www.led-color.com/upload/201604/APA102-2020%20SMD%20LED.pdf,1,APA102-2020
D3296,APA102-2020,LED_SMD:LED-APA102-2020,http://www.led-color.com/upload/201604/APA102-2020%20SMD%20LED.pdf,1,APA102-2020
D3297,APA102-2020,LED_SMD:LED-APA102-2020,http://www.led-color.com/upload/201604/APA102-2020%20SMD%20LED.pdf,1,APA102-2020
D3298,APA102-2020,LED_SMD:LED-APA102-2020,http://www.led-color.com/upload/201604/APA102-2020%20SMD%20LED.pdf,1,APA102-2020
D3299,APA102-2020,LED_SMD:LED-APA102-2020,http://www.led-color.com/upload/201604/APA102-2020%20SMD%20LED.pdf,1,APA102-2020
D3300,APA102-2020,LED_SMD:LED-APA102-2020,http://www.led-color.com/upload/201604/APA102-2020%20SMD%20LED.pdf,1,APA102-2020
D3301,APA102-2020,LED_SMD:LED-APA102-2020,http://www.led-color.com/upload/201604/APA102-2020%20SMD%20LED.pdf,1,APA102-2020
D3302,APA102-2020,LED_SMD:LED-APA102-2020,http://www.led-color.com/upload/201604/APA102-2020%20SMD%20LED.pdf,1,APA102-2020
D3303,APA102-2020,LED_SMD:LED-APA102-2020,http://www.led-color.com/upload/201604/APA102-2020%20SMD%20LED.pdf,1,APA102-2020
D3304,APA102-2020,LED_SMD:LED-APA102-2020,http://www.led-color.com/upload/201604/APA102-2020%20SMD%20LED.pdf,1,APA102-2020
D3305,APA102-2020,LED_SMD:LED-APA102-2020,http://www.led-color.com/upload/201604/APA102-2020%20SMD%20LED.pdf,1,APA102-2020
D3306,APA102-2020,LED_SMD:LED-APA102-2020,http://www.led-color.com/upload/201604/APA102-2020%20SMD%20LED.pdf,1,APA102-2020
D3307,APA102-2020,LED_SMD:LED-APA102-2020,http://www.led-color.com/upload/201604/APA102-2020%20SMD%20LED.pdf,1,APA102-2020
D3308,APA102-2020,LED_SMD:LED-APA102-2020,http://www.led-color.com/upload/201604/APA102-2020%20SMD%20LED.pdf,1,APA102-2020
D3309,APA102-2020,LED_SMD:LED-APA102-2020,http://www.led-color.com/upload/201604/APA102-2020%20SMD%20LED.pdf,1,APA102-2020
D3310,APA102-2020,LED_SMD:LED-APA102-2020,http://www.led-color.com/upload/201604/APA102-2020%20SMD%20LED.pdf,1,APA102-2020
D3311,APA102-2020,LED_SMD:LED-APA102-2020,http://www.led-color.com/upload/201604/APA102-2020%20SMD%20LED.pdf,1,APA102-2020
D3312,APA102-2020,LED_SMD:LED-APA102-2020,http://www.led-color.com/upload/201604/APA102-2020%20SMD%20LED.pdf,1,APA102-2020
D3313,APA102-2020,LED_SMD:LED-APA102-2020,http://www.led-color.com/upload/201604/APA102-2020%20SMD%20LED.pdf,1,APA102-2020
D3314,APA102-2020,LED_SMD:LED-APA102-2020,http://www.led-color.com/upload/201604/APA102-2020%20SMD%20LED.pdf,1,APA102-2020
D3315,APA102-2020,LED_SMD:LED-APA102-2020,http://www.led-color.com/upload/201604/APA102-2020%20SMD%20LED.pdf,1,APA102-2020
D3316,APA102-2020,LED_SMD:LED-APA102-2020,http://www.led-color.com/upload/201604/APA102-2020%20SMD%20LED.pdf,1,APA102-2020
D3317,APA102-2020,LED_SMD:LED-APA102-2020,http://www.led-color.com/upload/201604/APA102-2020%20SMD%20LED.pdf,1,APA102-2020
D3318,APA102-2020,LED_SMD:LED-APA102-2020,http://www.led-color.com/upload/201604/APA102-2020%20SMD%20LED.pdf,1,APA102-2020
D3319,APA102-2020,LED_SMD:LED-APA102-2020,http://www.led-color.com/upload/201604/APA102-2020%20SMD%20LED.pdf,1,APA102-2020
D3320,APA102-2020,LED_SMD:LED-APA102-2020,http://www.led-color.com/upload/201604/APA102-2020%20SMD%20LED.pdf,1,APA102-2020
D3321,APA102-2020,LED_SMD:LED-APA102-2020,http://www.led-color.com/upload/201604/APA102-2020%20SMD%20LED.pdf,1,APA102-2020
D3322,APA102-2020,LED_SMD:LED-APA102-2020,http://www.led-color.com/upload/201604/APA102-2020%20SMD%20LED.pdf,1,APA102-2020
D3323,APA102-2020,LED_SMD:LED-APA102-2020,http://www.led-color.com/upload/201604/APA102-2020%20SMD%20LED.pdf,1,APA102-2020
D3324,APA102-2020,LED_SMD:LED-APA102-2020,http://www.led-color.com/upload/201604/APA102-2020%20SMD%20LED.pdf,1,APA102-2020
D3325,APA102-2020,LED_SMD:LED-APA102-2020,http://www.led-color.com/upload/201604/APA102-2020%20SMD%20LED.pdf,1,APA102-2020
D3326,APA102-2020,LED_SMD:LED-APA102-2020,http://www.led-color.com/upload/201604/APA102-2020%20SMD%20LED.pdf,1,APA102-2020
D3327,APA102-2020,LED_SMD:LED-APA102-2020,http://www.led-color.com/upload/201604/APA102-2020%20SMD%20LED.pdf,1,APA102-2020
D3328,APA102-2020,LED_SMD:LED-APA102-2020,http://www.led-color.com/upload/201604/APA102-2020%20SMD%20LED.pdf,1,APA102-2020
D3329,APA102-2020,LED_SMD:LED-APA102-2020,http://www.led-color.com/upload/201604/APA102-2020%20SMD%20LED.pdf,1,APA102-2020
D3330,APA102-2020,LED_SMD:LED-APA102-2020,http://www.led-color.com/upload/201604/APA102-2020%20SMD%20LED.pdf,1,APA102-2020
D3331,APA102-2020,LED_SMD:LED-APA102-2020,http://www.led-color.com/upload/201604/APA102-2020%20SMD%20LED.pdf,1,APA102-2020
D3332,APA102-2020,LED_SMD:LED-APA102-2020,http://www.led-color.com/upload/201604/APA102-2020%20SMD%20LED.pdf,1,APA102-2020
D3333,APA102-2020,LED_SMD:LED-APA102-2020,http://www.led-color.com/upload/201604/APA102-2020%20SMD%20LED.pdf,1,APA102-2020
D3334,APA102-2020,LED_SMD:LED-APA102-2020,http://www.led-color.com/upload/201604/APA102-2020%20SMD%20LED.pdf,1,APA102-2020
D3335,APA102-2020,LED_SMD:LED-APA102-2020,http://www.led-color.com/upload/201604/APA102-2020%20SMD%20LED.pdf,1,APA102-2020
D3336,APA102-2020,LED_SMD:LED-APA102-2020,http://www.led-color.com/upload/201604/APA102-2020%20SMD%20LED.pdf,1,APA102-2020
D3337,APA102-2020,LED_SMD:LED-APA102-2020,http://www.led-color.com/upload/201604/APA102-2020%20SMD%20LED.pdf,1,APA102-2020
D3338,APA102-2020,LED_SMD:LED-APA102-2020,http://www.led-color.com/upload/201604/APA102-2020%20SMD%20LED.pdf,1,APA102-2020
D3339,APA102-2020,LED_SMD:LED-APA102-2020,http://www.led-color.com/upload/201604/APA102-2020%20SMD%20LED.pdf,1,APA102-2020
D3340,APA102-2020,LED_SMD:LED-APA102-2020,http://www.led-color.com/upload/201604/APA102-2020%20SMD%20LED.pdf,1,APA102-2020
D3341,APA102-2020,LED_SMD:LED-APA102-2020,http://www.led-color.com/upload/201604/APA102-2020%20SMD%20LED.pdf,1,APA102-2020
D3342,APA102-2020,LED_SMD:LED-APA102-2020,http://www.led-color.com/upload/201604/APA102-2020%20SMD%20LED.pdf,1,APA102-2020
D3343,APA102-2020,LED_SMD:LED-APA102-2020,http://www.led-color.com/upload/201604/APA102-2020%20SMD%20LED.pdf,1,APA102-2020
D3344,APA102-2020,LED_SMD:LED-APA102-2020,http://www.led-color.com/upload/201604/APA102-2020%20SMD%20LED.pdf,1,APA102-2020
D3345,APA102-2020,LED_SMD:LED-APA102-2020,http://www.led-color.com/upload/201604/APA102-2020%20SMD%20LED.pdf,1,APA102-2020
D3346,APA102-2020,LED_SMD:LED-APA102-2020,http://www.led-color.com/upload/201604/APA102-2020%20SMD%20LED.pdf,1,APA102-2020
D3347,APA102-2020,LED_SMD:LED-APA102-2020,http://www.led-color.com/upload/201604/APA102-2020%20SMD%20LED.pdf,1,APA102-2020
D3348,APA102-2020,LED_SMD:LED-APA102-2020,http://www.led-color.com/upload/201604/APA102-2020%20SMD%20LED.pdf,1,APA102-2020
D3349,APA102-2020,LED_SMD:LED-APA102-2020,http://www.led-color.com/upload/201604/APA102-2020%20SMD%20LED.pdf,1,APA102-2020
D3350,APA102-2020,LED_SMD:LED-APA102-2020,http://www.led-color.com/upload/201604/APA102-2020%20SMD%20LED.pdf,1,APA102-2020
D3351,APA102-2020,LED_SMD:LED-APA102-2020,http://www.led-color.com/upload/201604/APA102-2020%20SMD%20LED.pdf,1,APA102-2020
D3352,APA102-2020,LED_SMD:LED-APA102-2020,http://www.led-color.com/upload/201604/APA102-2020%20SMD%20LED.pdf,1,APA102-2020
D3353,APA102-2020,LED_SMD:LED-APA102-2020,http://www.led-color.com/upload/201604/APA102-2020%20SMD%20LED.pdf,1,APA102-2020
D3354,APA102-2020,LED_SMD:LED-APA102-2020,http://www.led-color.com/upload/201604/APA102-2020%20SMD%20LED.pdf,1,APA102-2020
D3355,APA102-2020,LED_SMD:LED-APA102-2020,http://www.led-color.com/upload/201604/APA102-2020%20SMD%20LED.pdf,1,APA102-2020
D3356,APA102-2020,LED_SMD:LED-APA102-2020,http://www.led-color.com/upload/201604/APA102-2020%20SMD%20LED.pdf,1,APA102-2020
D3357,APA102-2020,LED_SMD:LED-APA102-2020,http://www.led-color.com/upload/201604/APA102-2020%20SMD%20LED.pdf,1,APA102-2020
D3358,APA102-2020,LED_SMD:LED-APA102-2020,http://www.led-color.com/upload/201604/APA102-2020%20SMD%20LED.pdf,1,APA102-2020
D3359,APA102-2020,LED_SMD:LED-APA102-2020,http://www.led-color.com/upload/201604/APA102-2020%20SMD%20LED.pdf,1,APA102-2020
D3360,APA102-2020,LED_SMD:LED-APA102-2020,http://www.led-color.com/upload/201604/APA102-2020%20SMD%20LED.pdf,1,APA102-2020
D3361,APA102-2020,LED_SMD:LED-APA102-2020,http://www.led-color.com/upload/201604/APA102-2020%20SMD%20LED.pdf,1,APA102-2020
D3362,APA102-2020,LED_SMD:LED-APA102-2020,http://www.led-color.com/upload/201604/APA102-2020%20SMD%20LED.pdf,1,APA102-2020
D3363,APA102-2020,LED_SMD:LED-APA102-2020,http://www.led-color.com/upload/201604/APA102-2020%20SMD%20LED.pdf,1,APA102-2020
D3364,APA102-2020,LED_SMD:LED-APA102-2020,http://www.led-color.com/upload/201604/APA102-2020%20SMD%20LED.pdf,1,APA102-2020
D3365,APA102-2020,LED_SMD:LED-APA102-2020,http://www.led-color.com/upload/201604/APA102-2020%20SMD%20LED.pdf,1,APA102-2020
D3366,APA102-2020,LED_SMD:LED-APA102-2020,http://www.led-color.com/upload/201604/APA102-2020%20SMD%20LED.pdf,1,APA102-2020
D3367,APA102-2020,LED_SMD:LED-APA102-2020,http://www.led-color.com/upload/201604/APA102-2020%20SMD%20LED.pdf,1,APA102-2020
D3368,APA102-2020,LED_SMD:LED-APA102-2020,http://www.led-color.com/upload/201604/APA102-2020%20SMD%20LED.pdf,1,APA102-2020
D3369,APA102-2020,LED_SMD:LED-APA102-2020,http://www.led-color.com/upload/201604/APA102-2020%20SMD%20LED.pdf,1,APA102-2020
D3370,APA102-2020,LED_SMD:LED-APA102-2020,http://www.led-color.com/upload/201604/APA102-2020%20SMD%20LED.pdf,1,APA102-2020
D3371,APA102-2020,LED_SMD:LED-APA102-2020,http://www.led-color.com/upload/201604/APA102-2020%20SMD%20LED.pdf,1,APA102-2020
D3372,APA102-2020,LED_SMD:LED-APA102-2020,http://www.led-color.com/upload/201604/APA102-2020%20SMD%20LED.pdf,1,APA102-2020
D3373,APA102-2020,LED_SMD:LED-APA102-2020,http://www.led-color.com/upload/201604/APA102-2020%20SMD%20LED.pdf,1,APA102-2020
D3374,APA102-2020,LED_SMD:LED-APA102-2020,http://www.led-color.com/upload/201604/APA102-2020%20SMD%20LED.pdf,1,APA102-2020
D3375,APA102-2020,LED_SMD:LED-APA102-2020,http://www.led-color.com/upload/201604/APA102-2020%20SMD%20LED.pdf,1,APA102-2020
D3376,APA102-2020,LED_SMD:LED-APA102-2020,http://www.led-color.com/upload/201604/APA102-2020%20SMD%20LED.pdf,1,APA102-2020
D3377,APA102-2020,LED_SMD:LED-APA102-2020,http://www.led-color.com/upload/201604/APA102-2020%20SMD%20LED.pdf,1,APA102-2020
D3378,APA102-2020,LED_SMD:LED-APA102-2020,http://www.led-color.com/upload/201604/APA102-2020%20SMD%20LED.pdf,1,APA102-2020
D3379,APA102-2020,LED_SMD:LED-APA102-2020,http://www.led-color.com/upload/201604/APA102-2020%20SMD%20LED.pdf,1,APA102-2020
D3380,APA102-2020,LED_SMD:LED-APA102-2020,http://www.led-color.com/upload/201604/APA102-2020%20SMD%20LED.pdf,1,APA102-2020
D3381,APA102-2020,LED_SMD:LED-APA102-2020,http://www.led-color.com/upload/201604/APA102-2020%20SMD%20LED.pdf,1,APA102-2020
D3382,APA102-2020,LED_SMD:LED-APA102-2020,http://www.led-color.com/upload/201604/APA102-2020%20SMD%20LED.pdf,1,APA102-2020
D3383,APA102-2020,LED_SMD:LED-APA102-2020,http://www.led-color.com/upload/201604/APA102-2020%20SMD%20LED.pdf,1,APA102-2020
D3384,APA102-2020,LED_SMD:LED-APA102-2020,http://www.led-color.com/upload/201604/APA102-2020%20SMD%20LED.pdf,1,APA102-2020
D3385,APA102-2020,LED_SMD:LED-APA102-2020,http://www.led-color.com/upload/201604/APA102-2020%20SMD%20LED.pdf,1,APA102-2020
D3386,APA102-2020,LED_SMD:LED-APA102-2020,http://www.led-color.com/upload/201604/APA102-2020%20SMD%20LED.pdf,1,APA102-2020
D3387,APA102-2020,LED_SMD:LED-APA102-2020,http://www.led-color.com/upload/201604/APA102-2020%20SMD%20LED.pdf,1,APA102-2020
D3388,APA102-2020,LED_SMD:LED-APA102-2020,http://www.led-color.com/upload/201604/APA102-2020%20SMD%20LED.pdf,1,APA102-2020
D3389,APA102-2020,LED_SMD:LED-APA102-2020,http://www.led-color.com/upload/201604/APA102-2020%20SMD%20LED.pdf,1,APA102-2020
D3390,APA102-2020,LED_SMD:LED-APA102-2020,http://www.led-color.com/upload/201604/APA102-2020%20SMD%20LED.pdf,1,APA102-2020
D3391,APA102-2020,LED_SMD:LED-APA102-2020,http://www.led-color.com/upload/201604/APA102-2020%20SMD%20LED.pdf,1,APA102-2020
D3392,APA102-2020,LED_SMD:LED-APA102-2020,http://www.led-color.com/upload/201604/APA102-2020%20SMD%20LED.pdf,1,APA102-2020
D3393,APA102-2020,LED_SMD:LED-APA102-2020,http://www.led-color.com/upload/201604/APA102-2020%20SMD%20LED.pdf,1,APA102-2020
D3394,APA102-2020,LED_SMD:LED-APA102-2020,http://www.led-color.com/upload/201604/APA102-2020%20SMD%20LED.pdf,1,APA102-2020
D3395,APA102-2020,LED_SMD:LED-APA102-2020,http://www.led-color.com/upload/201604/APA102-2020%20SMD%20LED.pdf,1,APA102-2020
D3396,APA102-2020,LED_SMD:LED-APA102-2020,http://www.led-color.com/upload/201604/APA102-2020%20SMD%20LED.pdf,1,APA102-2020
D3397,APA102-2020,LED_SMD:LED-APA102-2020,http://www.led-color.com/upload/201604/APA102-2020%20SMD%20LED.pdf,1,APA102-2020
D3398,APA102-2020,LED_SMD:LED-APA102-2020,http://www.led-color.com/upload/201604/APA102-2020%20SMD%20LED.pdf,1,APA102-2020
D3399,APA102-2020,LED_SMD:LED-APA102-2020,http://www.led-color.com/upload/201604/APA102-2020%20SMD%20LED.pdf,1,APA102-2020
D3400,APA102-2020,LED_SMD:LED-APA102-2020,http://www.led-color.com/upload/201604/APA102-2020%20SMD%20LED.pdf,1,APA102-2020
D3401,APA102-2020,LED_SMD:LED-APA102-2020,http://www.led-color.com/upload/201604/APA102-2020%20SMD%20LED.pdf,1,APA102-2020
D3402,APA102-2020,LED_SMD:LED-APA102-2020,http://www.led-color.com/upload/201604/APA102-2020%20SMD%20LED.pdf,1,APA102-2020
D3403,APA102-2020,LED_SMD:LED-APA102-2020,http://www.led-color.com/upload/201604/APA102-2020%20SMD%20LED.pdf,1,APA102-2020
D3404,APA102-2020,LED_SMD:LED-APA102-2020,http://www.led-color.com/upload/201604/APA102-2020%20SMD%20LED.pdf,1,APA102-2020
D3405,APA102-2020,LED_SMD:LED-APA102-2020,http://www.led-color.com/upload/201604/APA102-2020%20SMD%20LED.pdf,1,APA102-2020
D3406,APA102-2020,LED_SMD:LED-APA102-2020,http://www.led-color.com/upload/201604/APA102-2020%20SMD%20LED.pdf,1,APA102-2020
D3407,APA102-2020,LED_SMD:LED-APA102-2020,http://www.led-color.com/upload/201604/APA102-2020%20SMD%20LED.pdf,1,APA102-2020
D3408,APA102-2020,LED_SMD:LED-APA102-2020,http://www.led-color.com/upload/201604/APA102-2020%20SMD%20LED.pdf,1,APA102-2020
D3409,APA102-2020,LED_SMD:LED-APA102-2020,http://www.led-color.com/upload/201604/APA102-2020%20SMD%20LED.pdf,1,APA102-2020
D3410,APA102-2020,LED_SMD:LED-APA102-2020,http://www.led-color.com/upload/201604/APA102-2020%20SMD%20LED.pdf,1,APA102-2020
D3411,APA102-2020,LED_SMD:LED-APA102-2020,http://www.led-color.com/upload/201604/APA102-2020%20SMD%20LED.pdf,1,APA102-2020
D3412,APA102-2020,LED_SMD:LED-APA102-2020,http://www.led-color.com/upload/201604/APA102-2020%20SMD%20LED.pdf,1,APA102-2020
D3413,APA102-2020,LED_SMD:LED-APA102-2020,http://www.led-color.com/upload/201604/APA102-2020%20SMD%20LED.pdf,1,APA102-2020
D3414,APA102-2020,LED_SMD:LED-APA102-2020,http://www.led-color.com/upload/201604/APA102-2020%20SMD%20LED.pdf,1,APA102-2020
D3415,APA102-2020,LED_SMD:LED-APA102-2020,http://www.led-color.com/upload/201604/APA102-2020%20SMD%20LED.pdf,1,APA102-2020
D3416,APA102-2020,LED_SMD:LED-APA102-2020,http://www.led-color.com/upload/201604/APA102-2020%20SMD%20LED.pdf,1,APA102-2020
D3417,APA102-2020,LED_SMD:LED-APA102-2020,http://www.led-color.com/upload/201604/APA102-2020%20SMD%20LED.pdf,1,APA102-2020
D3418,APA102-2020,LED_SMD:LED-APA102-2020,http://www.led-color.com/upload/201604/APA102-2020%20SMD%20LED.pdf,1,APA102-2020
D3419,APA102-2020,LED_SMD:LED-APA102-2020,http://www.led-color.com/upload/201604/APA102-2020%20SMD%20LED.pdf,1,APA102-2020
D3420,APA102-2020,LED_SMD:LED-APA102-2020,http://www.led-color.com/upload/201604/APA102-2020%20SMD%20LED.pdf,1,APA102-2020
D3421,APA102-2020,LED_SMD:LED-APA102-2020,http://www.led-color.com/upload/201604/APA102-2020%20SMD%20LED.pdf,1,APA102-2020
D3422,APA102-2020,LED_SMD:LED-APA102-2020,http://www.led-color.com/upload/201604/APA102-2020%20SMD%20LED.pdf,1,APA102-2020
D3423,APA102-2020,LED_SMD:LED-APA102-2020,http://www.led-color.com/upload/201604/APA102-2020%20SMD%20LED.pdf,1,APA102-2020
D3424,APA102-2020,LED_SMD:LED-APA102-2020,http://www.led-color.com/upload/201604/APA102-2020%20SMD%20LED.pdf,1,APA102-2020
D3425,APA102-2020,LED_SMD:LED-APA102-2020,http://www.led-color.com/upload/201604/APA102-2020%20SMD%20LED.pdf,1,APA102-2020
D3426,APA102-2020,LED_SMD:LED-APA102-2020,http://www.led-color.com/upload/201604/APA102-2020%20SMD%20LED.pdf,1,APA102-2020
D3427,APA102-2020,LED_SMD:LED-APA102-2020,http://www.led-color.com/upload/201604/APA102-2020%20SMD%20LED.pdf,1,APA102-2020
D3428,APA102-2020,LED_SMD:LED-APA102-2020,http://www.led-color.com/upload/201604/APA102-2020%20SMD%20LED.pdf,1,APA102-2020
D3429,APA102-2020,LED_SMD:LED-APA102-2020,http://www.led-color.com/upload/201604/APA102-2020%20SMD%20LED.pdf,1,APA102-2020
D3430,APA102-2020,LED_SMD:LED-APA102-2020,http://www.led-color.com/upload/201604/APA102-2020%20SMD%20LED.pdf,1,APA102-2020
D3431,APA102-2020,LED_SMD:LED-APA102-2020,http://www.led-color.com/upload/201604/APA102-2020%20SMD%20LED.pdf,1,APA102-2020
D3432,APA102-2020,LED_SMD:LED-APA102-2020,http://www.led-color.com/upload/201604/APA102-2020%20SMD%20LED.pdf,1,APA102-2020
D3433,APA102-2020,LED_SMD:LED-APA102-2020,http://www.led-color.com/upload/201604/APA102-2020%20SMD%20LED.pdf,1,APA102-2020
D3434,APA102-2020,LED_SMD:LED-APA102-2020,http://www.led-color.com/upload/201604/APA102-2020%20SMD%20LED.pdf,1,APA102-2020
D3435,APA102-2020,LED_SMD:LED-APA102-2020,http://www.led-color.com/upload/201604/APA102-2020%20SMD%20LED.pdf,1,APA102-2020
D3436,APA102-2020,LED_SMD:LED-APA102-2020,http://www.led-color.com/upload/201604/APA102-2020%20SMD%20LED.pdf,1,APA102-2020
D3437,APA102-2020,LED_SMD:LED-APA102-2020,http://www.led-color.com/upload/201604/APA102-2020%20SMD%20LED.pdf,1,APA102-2020
D3438,APA102-2020,LED_SMD:LED-APA102-2020,http://www.led-color.com/upload/201604/APA102-2020%20SMD%20LED.pdf,1,APA102-2020
D3439,APA102-2020,LED_SMD:LED-APA102-2020,http://www.led-color.com/upload/201604/APA102-2020%20SMD%20LED.pdf,1,APA102-2020
D3440,APA102-2020,LED_SMD:LED-APA102-2020,http://www.led-color.com/upload/201604/APA102-2020%20SMD%20LED.pdf,1,APA102-2020
D3441,APA102-2020,LED_SMD:LED-APA102-2020,http://www.led-color.com/upload/201604/APA102-2020%20SMD%20LED.pdf,1,APA102-2020
D3442,APA102-2020,LED_SMD:LED-APA102-2020,http://www.led-color.com/upload/201604/APA102-2020%20SMD%20LED.pdf,1,APA102-2020
D3443,APA102-2020,LED_SMD:LED-APA102-2020,http://www.led-color.com/upload/201604/APA102-2020%20SMD%20LED.pdf,1,APA102-2020
D3444,APA102-2020,LED_SMD:LED-APA102-2020,http://www.led-color.com/upload/201604/APA102-2020%20SMD%20LED.pdf,1,APA102-2020
D3445,APA102-2020,LED_SMD:LED-APA102-2020,http://www.led-color.com/upload/201604/APA102-2020%20SMD%20LED.pdf,1,APA102-2020
D3446,APA102-2020,LED_SMD:LED-APA102-2020,http://www.led-color.com/upload/201604/APA102-2020%20SMD%20LED.pdf,1,APA102-2020
D3447,APA102-2020,LED_SMD:LED-APA102-2020,http://www.led-color.com/upload/201604/APA102-2020%20SMD%20LED.pdf,1,APA102-2020
D3448,APA102-2020,LED_SMD:LED-APA102-2020,http://www.led-color.com/upload/201604/APA102-2020%20SMD%20LED.pdf,1,APA102-2020
D3449,APA102-2020,LED_SMD:LED-APA102-2020,http://www.led-color.com/upload/201604/APA102-2020%20SMD%20LED.pdf,1,APA102-2020
D3450,APA102-2020,LED_SMD:LED-APA102-2020,http://www.led-color.com/upload/201604/APA102-2020%20SMD%20LED.pdf,1,APA102-2020
D3451,APA102-2020,LED_SMD:LED-APA102-2020,http://www.led-color.com/upload/201604/APA102-2020%20SMD%20LED.pdf,1,APA102-2020
D3452,APA102-2020,LED_SMD:LED-APA102-2020,http://www.led-color.com/upload/201604/APA102-2020%20SMD%20LED.pdf,1,APA102-2020
D3453,APA102-2020,LED_SMD:LED-APA102-2020,http://www.led-color.com/upload/201604/APA102-2020%20SMD%20LED.pdf,1,APA102-2020
D3454,APA102-2020,LED_SMD:LED-APA102-2020,http://www.led-color.com/upload/201604/APA102-2020%20SMD%20LED.pdf,1,APA102-2020
D3455,APA102-2020,LED_SMD:LED-APA102-2020,http://www.led-color.com/upload/201604/APA102-2020%20SMD%20LED.pdf,1,APA102-2020
D3456,APA102-2020,LED_SMD:LED-APA102-2020,http://www.led-color.com/upload/201604/APA102-2020%20SMD%20LED.pdf,1,APA102-2020
D3457,APA102-2020,LED_SMD:LED-APA102-2020,http://www.led-color.com/upload/201604/APA102-2020%20SMD%20LED.pdf,1,APA102-2020
D3458,APA102-2020,LED_SMD:LED-APA102-2020,http://www.led-color.com/upload/201604/APA102-2020%20SMD%20LED.pdf,1,APA102-2020
D3459,APA102-2020,LED_SMD:LED-APA102-2020,http://www.led-color.com/upload/201604/APA102-2020%20SMD%20LED.pdf,1,APA102-2020
D3460,APA102-2020,LED_SMD:LED-APA102-2020,http://www.led-color.com/upload/201604/APA102-2020%20SMD%20LED.pdf,1,APA102-2020
D3461,APA102-2020,LED_SMD:LED-APA102-2020,http://www.led-color.com/upload/201604/APA102-2020%20SMD%20LED.pdf,1,APA102-2020
D3462,APA102-2020,LED_SMD:LED-APA102-2020,http://www.led-color.com/upload/201604/APA102-2020%20SMD%20LED.pdf,1,APA102-2020
D3463,APA102-2020,LED_SMD:LED-APA102-2020,http://www.led-color.com/upload/201604/APA102-2020%20SMD%20LED.pdf,1,APA102-2020
D3464,APA102-2020,LED_SMD:LED-APA102-2020,http://www.led-color.com/upload/201604/APA102-2020%20SMD%20LED.pdf,1,APA102-2020
D3465,APA102-2020,LED_SMD:LED-APA102-2020,http://www.led-color.com/upload/201604/APA102-2020%20SMD%20LED.pdf,1,APA102-2020
D3466,APA102-2020,LED_SMD:LED-APA102-2020,http://www.led-color.com/upload/201604/APA102-2020%20SMD%20LED.pdf,1,APA102-2020
D3467,APA102-2020,LED_SMD:LED-APA102-2020,http://www.led-color.com/upload/201604/APA102-2020%20SMD%20LED.pdf,1,APA102-2020
D3468,APA102-2020,LED_SMD:LED-APA102-2020,http://www.led-color.com/upload/201604/APA102-2020%20SMD%20LED.pdf,1,APA102-2020
D3469,APA102-2020,LED_SMD:LED-APA102-2020,http://www.led-color.com/upload/201604/APA102-2020%20SMD%20LED.pdf,1,APA102-2020
D3470,APA102-2020,LED_SMD:LED-APA102-2020,http://www.led-color.com/upload/201604/APA102-2020%20SMD%20LED.pdf,1,APA102-2020
D3471,APA102-2020,LED_SMD:LED-APA102-2020,http://www.led-color.com/upload/201604/APA102-2020%20SMD%20LED.pdf,1,APA102-2020
D3472,APA102-2020,LED_SMD:LED-APA102-2020,http://www.led-color.com/upload/201604/APA102-2020%20SMD%20LED.pdf,1,APA102-2020
D3473,APA102-2020,LED_SMD:LED-APA102-2020,http://www.led-color.com/upload/201604/APA102-2020%20SMD%20LED.pdf,1,APA102-2020
D3474,APA102-2020,LED_SMD:LED-APA102-2020,http://www.led-color.com/upload/201604/APA102-2020%20SMD%20LED.pdf,1,APA102-2020
D3475,APA102-2020,LED_SMD:LED-APA102-2020,http://www.led-color.com/upload/201604/APA102-2020%20SMD%20LED.pdf,1,APA102-2020
D3476,APA102-2020,LED_SMD:LED-APA102-2020,http://www.led-color.com/upload/201604/APA102-2020%20SMD%20LED.pdf,1,APA102-2020
D3477,APA102-2020,LED_SMD:LED-APA102-2020,http://www.led-color.com/upload/201604/APA102-2020%20SMD%20LED.pdf,1,APA102-2020
D3478,APA102-2020,LED_SMD:LED-APA102-2020,http://www.led-color.com/upload/201604/APA102-2020%20SMD%20LED.pdf,1,APA102-2020
D3479,APA102-2020,LED_SMD:LED-APA102-2020,http://www.led-color.com/upload/201604/APA102-2020%20SMD%20LED.pdf,1,APA102-2020
D3480,APA102-2020,LED_SMD:LED-APA102-2020,http://www.led-color.com/upload/201604/APA102-2020%20SMD%20LED.pdf,1,APA102-2020
D3481,APA102-2020,LED_SMD:LED-APA102-2020,http://www.led-color.com/upload/201604/APA102-2020%20SMD%20LED.pdf,1,APA102-2020
D3482,APA102-2020,LED_SMD:LED-APA102-2020,http://www.led-color.com/upload/201604/APA102-2020%20SMD%20LED.pdf,1,APA102-2020
D3483,APA102-2020,LED_SMD:LED-APA102-2020,http://www.led-color.com/upload/201604/APA102-2020%20SMD%20LED.pdf,1,APA102-2020
D3484,APA102-2020,LED_SMD:LED-APA102-2020,http://www.led-color.com/upload/201604/APA102-2020%20SMD%20LED.pdf,1,APA102-2020
D3485,APA102-2020,LED_SMD:LED-APA102-2020,http://www.led-color.com/upload/201604/APA102-2020%20SMD%20LED.pdf,1,APA102-2020
D3486,APA102-2020,LED_SMD:LED-APA102-2020,http://www.led-color.com/upload/201604/APA102-2020%20SMD%20LED.pdf,1,APA102-2020
D3487,APA102-2020,LED_SMD:LED-APA102-2020,http://www.led-color.com/upload/201604/APA102-2020%20SMD%20LED.pdf,1,APA102-2020
D3488,APA102-2020,LED_SMD:LED-APA102-2020,http://www.led-color.com/upload/201604/APA102-2020%20SMD%20LED.pdf,1,APA102-2020
D3489,APA102-2020,LED_SMD:LED-APA102-2020,http://www.led-color.com/upload/201604/APA102-2020%20SMD%20LED.pdf,1,APA102-2020
D3490,APA102-2020,LED_SMD:LED-APA102-2020,http://www.led-color.com/upload/201604/APA102-2020%20SMD%20LED.pdf,1,APA102-2020
D3491,APA102-2020,LED_SMD:LED-APA102-2020,http://www.led-color.com/upload/201604/APA102-2020%20SMD%20LED.pdf,1,APA102-2020
D3492,APA102-2020,LED_SMD:LED-APA102-2020,http://www.led-color.com/upload/201604/APA102-2020%20SMD%20LED.pdf,1,APA102-2020
D3493,APA102-2020,LED_SMD:LED-APA102-2020,http://www.led-color.com/upload/201604/APA102-2020%20SMD%20LED.pdf,1,APA102-2020
D3494,APA102-2020,LED_SMD:LED-APA102-2020,http://www.led-color.com/upload/201604/APA102-2020%20SMD%20LED.pdf,1,APA102-2020
D3495,APA102-2020,LED_SMD:LED-APA102-2020,http://www.led-color.com/upload/201604/APA102-2020%20SMD%20LED.pdf,1,APA102-2020
D3496,APA102-2020,LED_SMD:LED-APA102-2020,http://www.led-color.com/upload/201604/APA102-2020%20SMD%20LED.pdf,1,APA102-2020
D3497,APA102-2020,LED_SMD:LED-APA102-2020,http://www.led-color.com/upload/201604/APA102-2020%20SMD%20LED.pdf,1,APA102-2020
D3498,APA102-2020,LED_SMD:LED-APA102-2020,http://www.led-color.com/upload/201604/APA102-2020%20SMD%20LED.pdf,1,APA102-2020
D3499,APA102-2020,LED_SMD:LED-APA102-2020,http://www.led-color.com/upload/201604/APA102-2020%20SMD%20LED.pdf,1,APA102-2020
D3500,APA102-2020,LED_SMD:LED-APA102-2020,http://www.led-color.com/upload/201604/APA102-2020%20SMD%20LED.pdf,1,APA102-2020
D3501,APA102-2020,LED_SMD:LED-APA102-2020,http://www.led-color.com/upload/201604/APA102-2020%20SMD%20LED.pdf,1,APA102-2020
D3502,APA102-2020,LED_SMD:LED-APA102-2020,http://www.led-color.com/upload/201604/APA102-2020%20SMD%20LED.pdf,1,APA102-2020
D3503,APA102-2020,LED_SMD:LED-APA102-2020,http://www.led-color.com/upload/201604/APA102-2020%20SMD%20LED.pdf,1,APA102-2020
D3504,APA102-2020,LED_SMD:LED-APA102-2020,http://www.led-color.com/upload/201604/APA102-2020%20SMD%20LED.pdf,1,APA102-2020
D3505,APA102-2020,LED_SMD:LED-APA102-2020,http://www.led-color.com/upload/201604/APA102-2020%20SMD%20LED.pdf,1,APA102-2020
D3506,APA102-2020,LED_SMD:LED-APA102-2020,http://www.led-color.com/upload/201604/APA102-2020%20SMD%20LED.pdf,1,APA102-2020
D3507,APA102-2020,LED_SMD:LED-APA102-2020,http://www.led-color.com/upload/201604/APA102-2020%20SMD%20LED.pdf,1,APA102-2020
D3508,APA102-2020,LED_SMD:LED-APA102-2020,http://www.led-color.com/upload/201604/APA102-2020%20SMD%20LED.pdf,1,APA102-2020
D3509,APA102-2020,LED_SMD:LED-APA102-2020,http://www.led-color.com/upload/201604/APA102-2020%20SMD%20LED.pdf,1,APA102-2020
D3510,APA102-2020,LED_SMD:LED-APA102-2020,http://www.led-color.com/upload/201604/APA102-2020%20SMD%20LED.pdf,1,APA102-2020
D3511,APA102-2020,LED_SMD:LED-APA102-2020,http://www.led-color.com/upload/201604/APA102-2020%20SMD%20LED.pdf,1,APA102-2020
D3512,APA102-2020,LED_SMD:LED-APA102-2020,http://www.led-color.com/upload/201604/APA102-2020%20SMD%20LED.pdf,1,APA102-2020
D3513,APA102-2020,LED_SMD:LED-APA102-2020,http://www.led-color.com/upload/201604/APA102-2020%20SMD%20LED.pdf,1,APA102-2020
D3514,APA102-2020,LED_SMD:LED-APA102-2020,http://www.led-color.com/upload/201604/APA102-2020%20SMD%20LED.pdf,1,APA102-2020
D3515,APA102-2020,LED_SMD:LED-APA102-2020,http://www.led-color.com/upload/201604/APA102-2020%20SMD%20LED.pdf,1,APA102-2020
D3516,APA102-2020,LED_SMD:LED-APA102-2020,http://www.led-color.com/upload/201604/APA102-2020%20SMD%20LED.pdf,1,APA102-2020
D3517,APA102-2020,LED_SMD:LED-APA102-2020,http://www.led-color.com/upload/201604/APA102-2020%20SMD%20LED.pdf,1,APA102-2020
D3518,APA102-2020,LED_SMD:LED-APA102-2020,http://www.led-color.com/upload/201604/APA102-2020%20SMD%20LED.pdf,1,APA102-2020
D3519,APA102-2020,LED_SMD:LED-APA102-2020,http://www.led-color.com/upload/201604/APA102-2020%20SMD%20LED.pdf,1,APA102-2020
D3520,APA102-2020,LED_SMD:LED-APA102-2020,http://www.led-color.com/upload/201604/APA102-2020%20SMD%20LED.pdf,1,APA102-2020
D3521,APA102-2020,LED_SMD:LED-APA102-2020,http://www.led-color.com/upload/201604/APA102-2020%20SMD%20LED.pdf,1,APA102-2020
D3522,APA102-2020,LED_SMD:LED-APA102-2020,http://www.led-color.com/upload/201604/APA102-2020%20SMD%20LED.pdf,1,APA102-2020
D3523,APA102-2020,LED_SMD:LED-APA102-2020,http://www.led-color.com/upload/201604/APA102-2020%20SMD%20LED.pdf,1,APA102-2020
D3524,APA102-2020,LED_SMD:LED-APA102-2020,http://www.led-color.com/upload/201604/APA102-2020%20SMD%20LED.pdf,1,APA102-2020
D3525,APA102-2020,LED_SMD:LED-APA102-2020,http://www.led-color.com/upload/201604/APA102-2020%20SMD%20LED.pdf,1,APA102-2020
D3526,APA102-2020,LED_SMD:LED-APA102-2020,http://www.led-color.com/upload/201604/APA102-2020%20SMD%20LED.pdf,1,APA102-2020
D3527,APA102-2020,LED_SMD:LED-APA102-2020,http://www.led-color.com/upload/201604/APA102-2020%20SMD%20LED.pdf,1,APA102-2020
D3528,APA102-2020,LED_SMD:LED-APA102-2020,http://www.led-color.com/upload/201604/APA102-2020%20SMD%20LED.pdf,1,APA102-2020
D3529,APA102-2020,LED_SMD:LED-APA102-2020,http://www.led-color.com/upload/201604/APA102-2020%20SMD%20LED.pdf,1,APA102-2020
D3530,APA102-2020,LED_SMD:LED-APA102-2020,http://www.led-color.com/upload/201604/APA102-2020%20SMD%20LED.pdf,1,APA102-2020
D3531,APA102-2020,LED_SMD:LED-APA102-2020,http://www.led-color.com/upload/201604/APA102-2020%20SMD%20LED.pdf,1,APA102-2020
D3532,APA102-2020,LED_SMD:LED-APA102-2020,http://www.led-color.com/upload/201604/APA102-2020%20SMD%20LED.pdf,1,APA102-2020
D3533,APA102-2020,LED_SMD:LED-APA102-2020,http://www.led-color.com/upload/201604/APA102-2020%20SMD%20LED.pdf,1,APA102-2020
D3534,APA102-2020,LED_SMD:LED-APA102-2020,http://www.led-color.com/upload/201604/APA102-2020%20SMD%20LED.pdf,1,APA102-2020
D3535,APA102-2020,LED_SMD:LED-APA102-2020,http://www.led-color.com/upload/201604/APA102-2020%20SMD%20LED.pdf,1,APA102-2020
D3536,APA102-2020,LED_SMD:LED-APA102-2020,http://www.led-color.com/upload/201604/APA102-2020%20SMD%20LED.pdf,1,APA102-2020
D3537,APA102-2020,LED_SMD:LED-APA102-2020,http://www.led-color.com/upload/201604/APA102-2020%20SMD%20LED.pdf,1,APA102-2020
D3538,APA102-2020,LED_SMD:LED-APA102-2020,http://www.led-color.com/upload/201604/APA102-2020%20SMD%20LED.pdf,1,APA102-2020
D3539,APA102-2020,LED_SMD:LED-APA102-2020,http://www.led-color.com/upload/201604/APA102-2020%20SMD%20LED.pdf,1,APA102-2020
D3540,APA102-2020,LED_SMD:LED-APA102-2020,http://www.led-color.com/upload/201604/APA102-2020%20SMD%20LED.pdf,1,APA102-2020
D3541,APA102-2020,LED_SMD:LED-APA102-2020,http://www.led-color.com/upload/201604/APA102-2020%20SMD%20LED.pdf,1,APA102-2020
D3542,APA102-2020,LED_SMD:LED-APA102-2020,http://www.led-color.com/upload/201604/APA102-2020%20SMD%20LED.pdf,1,APA102-2020
D3543,APA102-2020,LED_SMD:LED-APA102-2020,http://www.led-color.com/upload/201604/APA102-2020%20SMD%20LED.pdf,1,APA102-2020
D3544,APA102-2020,LED_SMD:LED-APA102-2020,http://www.led-color.com/upload/201604/APA102-2020%20SMD%20LED.pdf,1,APA102-2020
D3545,APA102-2020,LED_SMD:LED-APA102-2020,http://www.led-color.com/upload/201604/APA102-2020%20SMD%20LED.pdf,1,APA102-2020
D3546,APA102-2020,LED_SMD:LED-APA102-2020,http://www.led-color.com/upload/201604/APA102-2020%20SMD%20LED.pdf,1,APA102-2020
D3547,APA102-2020,LED_SMD:LED-APA102-2020,http://www.led-color.com/upload/201604/APA102-2020%20SMD%20LED.pdf,1,APA102-2020
D3548,APA102-2020,LED_SMD:LED-APA102-2020,http://www.led-color.com/upload/201604/APA102-2020%20SMD%20LED.pdf,1,APA102-2020
D3549,APA102-2020,LED_SMD:LED-APA102-2020,http://www.led-color.com/upload/201604/APA102-2020%20SMD%20LED.pdf,1,APA102-2020
D3550,APA102-2020,LED_SMD:LED-APA102-2020,http://www.led-color.com/upload/201604/APA102-2020%20SMD%20LED.pdf,1,APA102-2020
D3551,APA102-2020,LED_SMD:LED-APA102-2020,http://www.led-color.com/upload/201604/APA102-2020%20SMD%20LED.pdf,1,APA102-2020
D3552,APA102-2020,LED_SMD:LED-APA102-2020,http://www.led-color.com/upload/201604/APA102-2020%20SMD%20LED.pdf,1,APA102-2020
D3553,APA102-2020,LED_SMD:LED-APA102-2020,http://www.led-color.com/upload/201604/APA102-2020%20SMD%20LED.pdf,1,APA102-2020
D3554,APA102-2020,LED_SMD:LED-APA102-2020,http://www.led-color.com/upload/201604/APA102-2020%20SMD%20LED.pdf,1,APA102-2020
D3555,APA102-2020,LED_SMD:LED-APA102-2020,http://www.led-color.com/upload/201604/APA102-2020%20SMD%20LED.pdf,1,APA102-2020
D3556,APA102-2020,LED_SMD:LED-APA102-2020,http://www.led-color.com/upload/201604/APA102-2020%20SMD%20LED.pdf,1,APA102-2020
D3557,APA102-2020,LED_SMD:LED-APA102-2020,http://www.led-color.com/upload/201604/APA102-2020%20SMD%20LED.pdf,1,APA102-2020
D3558,APA102-2020,LED_SMD:LED-APA102-2020,http://www.led-color.com/upload/201604/APA102-2020%20SMD%20LED.pdf,1,APA102-2020
D3559,APA102-2020,LED_SMD:LED-APA102-2020,http://www.led-color.com/upload/201604/APA102-2020%20SMD%20LED.pdf,1,APA102-2020
D3560,APA102-2020,LED_SMD:LED-APA102-2020,http://www.led-color.com/upload/201604/APA102-2020%20SMD%20LED.pdf,1,APA102-2020
D3561,APA102-2020,LED_SMD:LED-APA102-2020,http://www.led-color.com/upload/201604/APA102-2020%20SMD%20LED.pdf,1,APA102-2020
D3562,APA102-2020,LED_SMD:LED-APA102-2020,http://www.led-color.com/upload/201604/APA102-2020%20SMD%20LED.pdf,1,APA102-2020
D3563,APA102-2020,LED_SMD:LED-APA102-2020,http://www.led-color.com/upload/201604/APA102-2020%20SMD%20LED.pdf,1,APA102-2020
D3564,APA102-2020,LED_SMD:LED-APA102-2020,http://www.led-color.com/upload/201604/APA102-2020%20SMD%20LED.pdf,1,APA102-2020
D3565,APA102-2020,LED_SMD:LED-APA102-2020,http://www.led-color.com/upload/201604/APA102-2020%20SMD%20LED.pdf,1,APA102-2020
D3566,APA102-2020,LED_SMD:LED-APA102-2020,http://www.led-color.com/upload/201604/APA102-2020%20SMD%20LED.pdf,1,APA102-2020
D3567,APA102-2020,LED_SMD:LED-APA102-2020,http://www.led-color.com/upload/201604/APA102-2020%20SMD%20LED.pdf,1,APA102-2020
D3568,APA102-2020,LED_SMD:LED-APA102-2020,http://www.led-color.com/upload/201604/APA102-2020%20SMD%20LED.pdf,1,APA102-2020
D3569,APA102-2020,LED_SMD:LED-APA102-2020,http://www.led-color.com/upload/201604/APA102-2020%20SMD%20LED.pdf,1,APA102-2020
D3570,APA102-2020,LED_SMD:LED-APA102-2020,http://www.led-color.com/upload/201604/APA102-2020%20SMD%20LED.pdf,1,APA102-2020
D3571,APA102-2020,LED_SMD:LED-APA102-2020,http://www.led-color.com/upload/201604/APA102-2020%20SMD%20LED.pdf,1,APA102-2020
D3572,APA102-2020,LED_SMD:LED-APA102-2020,http://www.led-color.com/upload/201604/APA102-2020%20SMD%20LED.pdf,1,APA102-2020
D3573,APA102-2020,LED_SMD:LED-APA102-2020,http://www.led-color.com/upload/201604/APA102-2020%20SMD%20LED.pdf,1,APA102-2020
D3574,APA102-2020,LED_SMD:LED-APA102-2020,http://www.led-color.com/upload/201604/APA102-2020%20SMD%20LED.pdf,1,APA102-2020
D3575,APA102-2020,LED_SMD:LED-APA102-2020,http://www.led-color.com/upload/201604/APA102-2020%20SMD%20LED.pdf,1,APA102-2020
D3576,APA102-2020,LED_SMD:LED-APA102-2020,http://www.led-color.com/upload/201604/APA102-2020%20SMD%20LED.pdf,1,APA102-2020
D3577,APA102-2020,LED_SMD:LED-APA102-2020,http://www.led-color.com/upload/201604/APA102-2020%20SMD%20LED.pdf,1,APA102-2020
D3578,APA102-2020,LED_SMD:LED-APA102-2020,http://www.led-color.com/upload/201604/APA102-2020%20SMD%20LED.pdf,1,APA102-2020
D3579,APA102-2020,LED_SMD:LED-APA102-2020,http://www.led-color.com/upload/201604/APA102-2020%20SMD%20LED.pdf,1,APA102-2020
D3580,APA102-2020,LED_SMD:LED-APA102-2020,http://www.led-color.com/upload/201604/APA102-2020%20SMD%20LED.pdf,1,APA102-2020
D3581,APA102-2020,LED_SMD:LED-APA102-2020,http://www.led-color.com/upload/201604/APA102-2020%20SMD%20LED.pdf,1,APA102-2020
D3582,APA102-2020,LED_SMD:LED-APA102-2020,http://www.led-color.com/upload/201604/APA102-2020%20SMD%20LED.pdf,1,APA102-2020
D3583,APA102-2020,LED_SMD:LED-APA102-2020,http://www.led-color.com/upload/201604/APA102-2020%20SMD%20LED.pdf,1,APA102-2020
D3584,APA102-2020,LED_SMD:LED-APA102-2020,http://www.led-color.com/upload/201604/APA102-2020%20SMD%20LED.pdf,1,APA102-2020
D3585,APA102-2020,LED_SMD:LED-APA102-2020,http://www.led-color.com/upload/201604/APA102-2020%20SMD%20LED.pdf,1,APA102-2020
D3586,APA102-2020,LED_SMD:LED-APA102-2020,http://www.led-color.com/upload/201604/APA102-2020%20SMD%20LED.pdf,1,APA102-2020
D3587,APA102-2020,LED_SMD:LED-APA102-2020,http://www.led-color.com/upload/201604/APA102-2020%20SMD%20LED.pdf,1,APA102-2020
D3588,APA102-2020,LED_SMD:LED-APA102-2020,http://www.led-color.com/upload/201604/APA102-2020%20SMD%20LED.pdf,1,APA102-2020
D3589,APA102-2020,LED_SMD:LED-APA102-2020,http://www.led-color.com/upload/201604/APA102-2020%20SMD%20LED.pdf,1,APA102-2020
D3590,APA102-2020,LED_SMD:LED-APA102-2020,http://www.led-color.com/upload/201604/APA102-2020%20SMD%20LED.pdf,1,APA102-2020
D3591,APA102-2020,LED_SMD:LED-APA102-2020,http://www.led-color.com/upload/201604/APA102-2020%20SMD%20LED.pdf,1,APA102-2020
D3592,APA102-2020,LED_SMD:LED-APA102-2020,http://www.led-color.com/upload/201604/APA102-2020%20SMD%20LED.pdf,1,APA102-2020
D3593,APA102-2020,LED_SMD:LED-APA102-2020,http://www.led-color.com/upload/201604/APA102-2020%20SMD%20LED.pdf,1,APA102-2020
D3594,APA102-2020,LED_SMD:LED-APA102-2020,http://www.led-color.com/upload/201604/APA102-2020%20SMD%20LED.pdf,1,APA102-2020
D3595,APA102-2020,LED_SMD:LED-APA102-2020,http://www.led-color.com/upload/201604/APA102-2020%20SMD%20LED.pdf,1,APA102-2020
D3596,APA102-2020,LED_SMD:LED-APA102-2020,http://www.led-color.com/upload/201604/APA102-2020%20SMD%20LED.pdf,1,APA102-2020
D3597,APA102-2020,LED_SMD:LED-APA102-2020,http://www.led-color.com/upload/201604/APA102-2020%20SMD%20LED.pdf,1,APA102-2020
D3598,APA102-2020,LED_SMD:LED-APA102-2020,http://www.led-color.com/upload/201604/APA102-2020%20SMD%20LED.pdf,1,APA102-2020
D3599,APA102-2020,LED_SMD:LED-APA102-2020,http://www.led-color.com/upload/201604/APA102-2020%20SMD%20LED.pdf,1,APA102-2020
D3600,APA102-2020,LED_SMD:LED-APA102-2020,http://www.led-color.com/upload/201604/APA102-2020%20SMD%20LED.pdf,1,APA102-2020
D3601,APA102-2020,LED_SMD:LED-APA102-2020,http://www.led-color.com/upload/201604/APA102-2020%20SMD%20LED.pdf,1,APA102-2020
D3602,APA102-2020,LED_SMD:LED-APA102-2020,http://www.led-color.com/upload/201604/APA102-2020%20SMD%20LED.pdf,1,APA102-2020
D3603,APA102-2020,LED_SMD:LED-APA102-2020,http://www.led-color.com/upload/201604/APA102-2020%20SMD%20LED.pdf,1,APA102-2020
D3604,APA102-2020,LED_SMD:LED-APA102-2020,http://www.led-color.com/upload/201604/APA102-2020%20SMD%20LED.pdf,1,APA102-2020
D3605,APA102-2020,LED_SMD:LED-APA102-2020,http://www.led-color.com/upload/201604/APA102-2020%20SMD%20LED.pdf,1,APA102-2020
D3606,APA102-2020,LED_SMD:LED-APA102-2020,http://www.led-color.com/upload/201604/APA102-2020%20SMD%20LED.pdf,1,APA102-2020
D3607,APA102-2020,LED_SMD:LED-APA102-2020,http://www.led-color.com/upload/201604/APA102-2020%20SMD%20LED.pdf,1,APA102-2020
D3608,APA102-2020,LED_SMD:LED-APA102-2020,http://www.led-color.com/upload/201604/APA102-2020%20SMD%20LED.pdf,1,APA102-2020
D3609,APA102-2020,LED_SMD:LED-APA102-2020,http://www.led-color.com/upload/201604/APA102-2020%20SMD%20LED.pdf,1,APA102-2020
D3610,APA102-2020,LED_SMD:LED-APA102-2020,http://www.led-color.com/upload/201604/APA102-2020%20SMD%20LED.pdf,1,APA102-2020
D3611,APA102-2020,LED_SMD:LED-APA102-2020,http://www.led-color.com/upload/201604/APA102-2020%20SMD%20LED.pdf,1,APA102-2020
D3612,APA102-2020,LED_SMD:LED-APA102-2020,http://www.led-color.com/upload/201604/APA102-2020%20SMD%20LED.pdf,1,APA102-2020
D3613,APA102-2020,LED_SMD:LED-APA102-2020,http://www.led-color.com/upload/201604/APA102-2020%20SMD%20LED.pdf,1,APA102-2020
D3614,APA102-2020,LED_SMD:LED-APA102-2020,http://www.led-color.com/upload/201604/APA102-2020%20SMD%20LED.pdf,1,APA102-2020
D3615,APA102-2020,LED_SMD:LED-APA102-2020,http://www.led-color.com/upload/201604/APA102-2020%20SMD%20LED.pdf,1,APA102-2020
D3616,APA102-2020,LED_SMD:LED-APA102-2020,http://www.led-color.com/upload/201604/APA102-2020%20SMD%20LED.pdf,1,APA102-2020
D3617,APA102-2020,LED_SMD:LED-APA102-2020,http://www.led-color.com/upload/201604/APA102-2020%20SMD%20LED.pdf,1,APA102-2020
D3618,APA102-2020,LED_SMD:LED-APA102-2020,http://www.led-color.com/upload/201604/APA102-2020%20SMD%20LED.pdf,1,APA102-2020
D3619,APA102-2020,LED_SMD:LED-APA102-2020,http://www.led-color.com/upload/201604/APA102-2020%20SMD%20LED.pdf,1,APA102-2020
D3620,APA102-2020,LED_SMD:LED-APA102-2020,http://www.led-color.com/upload/201604/APA102-2020%20SMD%20LED.pdf,1,APA102-2020
D3621,APA102-2020,LED_SMD:LED-APA102-2020,http://www.led-color.com/upload/201604/APA102-2020%20SMD%20LED.pdf,1,APA102-2020
D3622,APA102-2020,LED_SMD:LED-APA102-2020,http://www.led-color.com/upload/201604/APA102-2020%20SMD%20LED.pdf,1,APA102-2020
D3623,APA102-2020,LED_SMD:LED-APA102-2020,http://www.led-color.com/upload/201604/APA102-2020%20SMD%20LED.pdf,1,APA102-2020
D3624,APA102-2020,LED_SMD:LED-APA102-2020,http://www.led-color.com/upload/201604/APA102-2020%20SMD%20LED.pdf,1,APA102-2020
D3625,APA102-2020,LED_SMD:LED-APA102-2020,http://www.led-color.com/upload/201604/APA102-2020%20SMD%20LED.pdf,1,APA102-2020
D3626,APA102-2020,LED_SMD:LED-APA102-2020,http://www.led-color.com/upload/201604/APA102-2020%20SMD%20LED.pdf,1,APA102-2020
D3627,APA102-2020,LED_SMD:LED-APA102-2020,http://www.led-color.com/upload/201604/APA102-2020%20SMD%20LED.pdf,1,APA102-2020
D3628,APA102-2020,LED_SMD:LED-APA102-2020,http://www.led-color.com/upload/201604/APA102-2020%20SMD%20LED.pdf,1,APA102-2020
D3629,APA102-2020,LED_SMD:LED-APA102-2020,http://www.led-color.com/upload/201604/APA102-2020%20SMD%20LED.pdf,1,APA102-2020
D3630,APA102-2020,LED_SMD:LED-APA102-2020,http://www.led-color.com/upload/201604/APA102-2020%20SMD%20LED.pdf,1,APA102-2020
D3631,APA102-2020,LED_SMD:LED-APA102-2020,http://www.led-color.com/upload/201604/APA102-2020%20SMD%20LED.pdf,1,APA102-2020
D3632,APA102-2020,LED_SMD:LED-APA102-2020,http://www.led-color.com/upload/201604/APA102-2020%20SMD%20LED.pdf,1,APA102-2020
D3633,APA102-2020,LED_SMD:LED-APA102-2020,http://www.led-color.com/upload/201604/APA102-2020%20SMD%20LED.pdf,1,APA102-2020
D3634,APA102-2020,LED_SMD:LED-APA102-2020,http://www.led-color.com/upload/201604/APA102-2020%20SMD%20LED.pdf,1,APA102-2020
D3635,APA102-2020,LED_SMD:LED-APA102-2020,http://www.led-color.com/upload/201604/APA102-2020%20SMD%20LED.pdf,1,APA102-2020
D3636,APA102-2020,LED_SMD:LED-APA102-2020,http://www.led-color.com/upload/201604/APA102-2020%20SMD%20LED.pdf,1,APA102-2020
D3637,APA102-2020,LED_SMD:LED-APA102-2020,http://www.led-color.com/upload/201604/APA102-2020%20SMD%20LED.pdf,1,APA102-2020
D3638,APA102-2020,LED_SMD:LED-APA102-2020,http://www.led-color.com/upload/201604/APA102-2020%20SMD%20LED.pdf,1,APA102-2020
D3639,APA102-2020,LED_SMD:LED-APA102-2020,http://www.led-color.com/upload/201604/APA102-2020%20SMD%20LED.pdf,1,APA102-2020
D3640,APA102-2020,LED_SMD:LED-APA102-2020,http://www.led-color.com/upload/201604/APA102-2020%20SMD%20LED.pdf,1,APA102-2020
D3641,APA102-2020,LED_SMD:LED-APA102-2020,http://www.led-color.com/upload/201604/APA102-2020%20SMD%20LED.pdf,1,APA102-2020
D3642,APA102-2020,LED_SMD:LED-APA102-2020,http://www.led-color.com/upload/201604/APA102-2020%20SMD%20LED.pdf,1,APA102-2020
D3643,APA102-2020,LED_SMD:LED-APA102-2020,http://www.led-color.com/upload/201604/APA102-2020%20SMD%20LED.pdf,1,APA102-2020
D3644,APA102-2020,LED_SMD:LED-APA102-2020,http://www.led-color.com/upload/201604/APA102-2020%20SMD%20LED.pdf,1,APA102-2020
D3645,APA102-2020,LED_SMD:LED-APA102-2020,http://www.led-color.com/upload/201604/APA102-2020%20SMD%20LED.pdf,1,APA102-2020
D3646,APA102-2020,LED_SMD:LED-APA102-2020,http://www.led-color.com/upload/201604/APA102-2020%20SMD%20LED.pdf,1,APA102-2020
D3647,APA102-2020,LED_SMD:LED-APA102-2020,http://www.led-color.com/upload/201604/APA102-2020%20SMD%20LED.pdf,1,APA102-2020
D3648,APA102-2020,LED_SMD:LED-APA102-2020,http://www.led-color.com/upload/201604/APA102-2020%20SMD%20LED.pdf,1,APA102-2020
D3649,APA102-2020,LED_SMD:LED-APA102-2020,http://www.led-color.com/upload/201604/APA102-2020%20SMD%20LED.pdf,1,APA102-2020
D3650,APA102-2020,LED_SMD:LED-APA102-2020,http://www.led-color.com/upload/201604/APA102-2020%20SMD%20LED.pdf,1,APA102-2020
D3651,APA102-2020,LED_SMD:LED-APA102-2020,http://www.led-color.com/upload/201604/APA102-2020%20SMD%20LED.pdf,1,APA102-2020
D3652,APA102-2020,LED_SMD:LED-APA102-2020,http://www.led-color.com/upload/201604/APA102-2020%20SMD%20LED.pdf,1,APA102-2020
D3653,APA102-2020,LED_SMD:LED-APA102-2020,http://www.led-color.com/upload/201604/APA102-2020%20SMD%20LED.pdf,1,APA102-2020
D3654,APA102-2020,LED_SMD:LED-APA102-2020,http://www.led-color.com/upload/201604/APA102-2020%20SMD%20LED.pdf,1,APA102-2020
D3655,APA102-2020,LED_SMD:LED-APA102-2020,http://www.led-color.com/upload/201604/APA102-2020%20SMD%20LED.pdf,1,APA102-2020
D3656,APA102-2020,LED_SMD:LED-APA102-2020,http://www.led-color.com/upload/201604/APA102-2020%20SMD%20LED.pdf,1,APA102-2020
D3657,APA102-2020,LED_SMD:LED-APA102-2020,http://www.led-color.com/upload/201604/APA102-2020%20SMD%20LED.pdf,1,APA102-2020
D3658,APA102-2020,LED_SMD:LED-APA102-2020,http://www.led-color.com/upload/201604/APA102-2020%20SMD%20LED.pdf,1,APA102-2020
D3659,APA102-2020,LED_SMD:LED-APA102-2020,http://www.led-color.com/upload/201604/APA102-2020%20SMD%20LED.pdf,1,APA102-2020
D3660,APA102-2020,LED_SMD:LED-APA102-2020,http://www.led-color.com/upload/201604/APA102-2020%20SMD%20LED.pdf,1,APA102-2020
D3661,APA102-2020,LED_SMD:LED-APA102-2020,http://www.led-color.com/upload/201604/APA102-2020%20SMD%20LED.pdf,1,APA102-2020
D3662,APA102-2020,LED_SMD:LED-APA102-2020,http://www.led-color.com/upload/201604/APA102-2020%20SMD%20LED.pdf,1,APA102-2020
D3663,APA102-2020,LED_SMD:LED-APA102-2020,http://www.led-color.com/upload/201604/APA102-2020%20SMD%20LED.pdf,1,APA102-2020
D3664,APA102-2020,LED_SMD:LED-APA102-2020,http://www.led-color.com/upload/201604/APA102-2020%20SMD%20LED.pdf,1,APA102-2020
D3665,APA102-2020,LED_SMD:LED-APA102-2020,http://www.led-color.com/upload/201604/APA102-2020%20SMD%20LED.pdf,1,APA102-2020
D3666,APA102-2020,LED_SMD:LED-APA102-2020,http://www.led-color.com/upload/201604/APA102-2020%20SMD%20LED.pdf,1,APA102-2020
D3667,APA102-2020,LED_SMD:LED-APA102-2020,http://www.led-color.com/upload/201604/APA102-2020%20SMD%20LED.pdf,1,APA102-2020
D3668,APA102-2020,LED_SMD:LED-APA102-2020,http://www.led-color.com/upload/201604/APA102-2020%20SMD%20LED.pdf,1,APA102-2020
D3669,APA102-2020,LED_SMD:LED-APA102-2020,http://www.led-color.com/upload/201604/APA102-2020%20SMD%20LED.pdf,1,APA102-2020
D3670,APA102-2020,LED_SMD:LED-APA102-2020,http://www.led-color.com/upload/201604/APA102-2020%20SMD%20LED.pdf,1,APA102-2020
D3671,APA102-2020,LED_SMD:LED-APA102-2020,http://www.led-color.com/upload/201604/APA102-2020%20SMD%20LED.pdf,1,APA102-2020
D3672,APA102-2020,LED_SMD:LED-APA102-2020,http://www.led-color.com/upload/201604/APA102-2020%20SMD%20LED.pdf,1,APA102-2020
D3673,APA102-2020,LED_SMD:LED-APA102-2020,http://www.led-color.com/upload/201604/APA102-2020%20SMD%20LED.pdf,1,APA102-2020
D3674,APA102-2020,LED_SMD:LED-APA102-2020,http://www.led-color.com/upload/201604/APA102-2020%20SMD%20LED.pdf,1,APA102-2020
D3675,APA102-2020,LED_SMD:LED-APA102-2020,http://www.led-color.com/upload/201604/APA102-2020%20SMD%20LED.pdf,1,APA102-2020
D3676,APA102-2020,LED_SMD:LED-APA102-2020,http://www.led-color.com/upload/201604/APA102-2020%20SMD%20LED.pdf,1,APA102-2020
D3677,APA102-2020,LED_SMD:LED-APA102-2020,http://www.led-color.com/upload/201604/APA102-2020%20SMD%20LED.pdf,1,APA102-2020
D3678,APA102-2020,LED_SMD:LED-APA102-2020,http://www.led-color.com/upload/201604/APA102-2020%20SMD%20LED.pdf,1,APA102-2020
D3679,APA102-2020,LED_SMD:LED-APA102-2020,http://www.led-color.com/upload/201604/APA102-2020%20SMD%20LED.pdf,1,APA102-2020
D3680,APA102-2020,LED_SMD:LED-APA102-2020,http://www.led-color.com/upload/201604/APA102-2020%20SMD%20LED.pdf,1,APA102-2020
D3681,APA102-2020,LED_SMD:LED-APA102-2020,http://www.led-color.com/upload/201604/APA102-2020%20SMD%20LED.pdf,1,APA102-2020
D3682,APA102-2020,LED_SMD:LED-APA102-2020,http://www.led-color.com/upload/201604/APA102-2020%20SMD%20LED.pdf,1,APA102-2020
D3683,APA102-2020,LED_SMD:LED-APA102-2020,http://www.led-color.com/upload/201604/APA102-2020%20SMD%20LED.pdf,1,APA102-2020
D3684,APA102-2020,LED_SMD:LED-APA102-2020,http://www.led-color.com/upload/201604/APA102-2020%20SMD%20LED.pdf,1,APA102-2020
D3685,APA102-2020,LED_SMD:LED-APA102-2020,http://www.led-color.com/upload/201604/APA102-2020%20SMD%20LED.pdf,1,APA102-2020
D3686,APA102-2020,LED_SMD:LED-APA102-2020,http://www.led-color.com/upload/201604/APA102-2020%20SMD%20LED.pdf,1,APA102-2020
D3687,APA102-2020,LED_SMD:LED-APA102-2020,http://www.led-color.com/upload/201604/APA102-2020%20SMD%20LED.pdf,1,APA102-2020
D3688,APA102-2020,LED_SMD:LED-APA102-2020,http://www.led-color.com/upload/201604/APA102-2020%20SMD%20LED.pdf,1,APA102-2020
D3689,APA102-2020,LED_SMD:LED-APA102-2020,http://www.led-color.com/upload/201604/APA102-2020%20SMD%20LED.pdf,1,APA102-2020
D3690,APA102-2020,LED_SMD:LED-APA102-2020,http://www.led-color.com/upload/201604/APA102-2020%20SMD%20LED.pdf,1,APA102-2020
D3691,APA102-2020,LED_SMD:LED-APA102-2020,http://www.led-color.com/upload/201604/APA102-2020%20SMD%20LED.pdf,1,APA102-2020
D3692,APA102-2020,LED_SMD:LED-APA102-2020,http://www.led-color.com/upload/201604/APA102-2020%20SMD%20LED.pdf,1,APA102-2020
D3693,APA102-2020,LED_SMD:LED-APA102-2020,http://www.led-color.com/upload/201604/APA102-2020%20SMD%20LED.pdf,1,APA102-2020
D3694,APA102-2020,LED_SMD:LED-APA102-2020,http://www.led-color.com/upload/201604/APA102-2020%20SMD%20LED.pdf,1,APA102-2020
D3695,APA102-2020,LED_SMD:LED-APA102-2020,http://www.led-color.com/upload/201604/APA102-2020%20SMD%20LED.pdf,1,APA102-2020
D3696,APA102-2020,LED_SMD:LED-APA102-2020,http://www.led-color.com/upload/201604/APA102-2020%20SMD%20LED.pdf,1,APA102-2020
D3697,APA102-2020,LED_SMD:LED-APA102-2020,http://www.led-color.com/upload/201604/APA102-2020%20SMD%20LED.pdf,1,APA102-2020
D3698,APA102-2020,LED_SMD:LED-APA102-2020,http://www.led-color.com/upload/201604/APA102-2020%20SMD%20LED.pdf,1,APA102-2020
D3699,APA102-2020,LED_SMD:LED-APA102-2020,http://www.led-color.com/upload/201604/APA102-2020%20SMD%20LED.pdf,1,APA102-2020
D3700,APA102-2020,LED_SMD:LED-APA102-2020,http://www.led-color.com/upload/201604/APA102-2020%20SMD%20LED.pdf,1,APA102-2020
D3701,APA102-2020,LED_SMD:LED-APA102-2020,http://www.led-color.com/upload/201604/APA102-2020%20SMD%20LED.pdf,1,APA102-2020
D3702,APA102-2020,LED_SMD:LED-APA102-2020,http://www.led-color.com/upload/201604/APA102-2020%20SMD%20LED.pdf,1,APA102-2020
D3703,APA102-2020,LED_SMD:LED-APA102-2020,http://www.led-color.com/upload/201604/APA102-2020%20SMD%20LED.pdf,1,APA102-2020
D3704,APA102-2020,LED_SMD:LED-APA102-2020,http://www.led-color.com/upload/201604/APA102-2020%20SMD%20LED.pdf,1,APA102-2020
D3705,APA102-2020,LED_SMD:LED-APA102-2020,http://www.led-color.com/upload/201604/APA102-2020%20SMD%20LED.pdf,1,APA102-2020
D3706,APA102-2020,LED_SMD:LED-APA102-2020,http://www.led-color.com/upload/201604/APA102-2020%20SMD%20LED.pdf,1,APA102-2020
D3707,APA102-2020,LED_SMD:LED-APA102-2020,http://www.led-color.com/upload/201604/APA102-2020%20SMD%20LED.pdf,1,APA102-2020
D3708,APA102-2020,LED_SMD:LED-APA102-2020,http://www.led-color.com/upload/201604/APA102-2020%20SMD%20LED.pdf,1,APA102-2020
D3709,APA102-2020,LED_SMD:LED-APA102-2020,http://www.led-color.com/upload/201604/APA102-2020%20SMD%20LED.pdf,1,APA102-2020
D3710,APA102-2020,LED_SMD:LED-APA102-2020,http://www.led-color.com/upload/201604/APA102-2020%20SMD%20LED.pdf,1,APA102-2020
D3711,APA102-2020,LED_SMD:LED-APA102-2020,http://www.led-color.com/upload/201604/APA102-2020%20SMD%20LED.pdf,1,APA102-2020
D3712,APA102-2020,LED_SMD:LED-APA102-2020,http://www.led-color.com/upload/201604/APA102-2020%20SMD%20LED.pdf,1,APA102-2020
D3713,APA102-2020,LED_SMD:LED-APA102-2020,http://www.led-color.com/upload/201604/APA102-2020%20SMD%20LED.pdf,1,APA102-2020
D3714,APA102-2020,LED_SMD:LED-APA102-2020,http://www.led-color.com/upload/201604/APA102-2020%20SMD%20LED.pdf,1,APA102-2020
D3715,APA102-2020,LED_SMD:LED-APA102-2020,http://www.led-color.com/upload/201604/APA102-2020%20SMD%20LED.pdf,1,APA102-2020
D3716,APA102-2020,LED_SMD:LED-APA102-2020,http://www.led-color.com/upload/201604/APA102-2020%20SMD%20LED.pdf,1,APA102-2020
D3717,APA102-2020,LED_SMD:LED-APA102-2020,http://www.led-color.com/upload/201604/APA102-2020%20SMD%20LED.pdf,1,APA102-2020
D3718,APA102-2020,LED_SMD:LED-APA102-2020,http://www.led-color.com/upload/201604/APA102-2020%20SMD%20LED.pdf,1,APA102-2020
D3719,APA102-2020,LED_SMD:LED-APA102-2020,http://www.led-color.com/upload/201604/APA102-2020%20SMD%20LED.pdf,1,APA102-2020
D3720,APA102-2020,LED_SMD:LED-APA102-2020,http://www.led-color.com/upload/201604/APA102-2020%20SMD%20LED.pdf,1,APA102-2020
D3721,APA102-2020,LED_SMD:LED-APA102-2020,http://www.led-color.com/upload/201604/APA102-2020%20SMD%20LED.pdf,1,APA102-2020
D3722,APA102-2020,LED_SMD:LED-APA102-2020,http://www.led-color.com/upload/201604/APA102-2020%20SMD%20LED.pdf,1,APA102-2020
D3723,APA102-2020,LED_SMD:LED-APA102-2020,http://www.led-color.com/upload/201604/APA102-2020%20SMD%20LED.pdf,1,APA102-2020
D3724,APA102-2020,LED_SMD:LED-APA102-2020,http://www.led-color.com/upload/201604/APA102-2020%20SMD%20LED.pdf,1,APA102-2020
D3725,APA102-2020,LED_SMD:LED-APA102-2020,http://www.led-color.com/upload/201604/APA102-2020%20SMD%20LED.pdf,1,APA102-2020
D3726,APA102-2020,LED_SMD:LED-APA102-2020,http://www.led-color.com/upload/201604/APA102-2020%20SMD%20LED.pdf,1,APA102-2020
D3727,APA102-2020,LED_SMD:LED-APA102-2020,http://www.led-color.com/upload/201604/APA102-2020%20SMD%20LED.pdf,1,APA102-2020
D3728,APA102-2020,LED_SMD:LED-APA102-2020,http://www.led-color.com/upload/201604/APA102-2020%20SMD%20LED.pdf,1,APA102-2020
D3729,APA102-2020,LED_SMD:LED-APA102-2020,http://www.led-color.com/upload/201604/APA102-2020%20SMD%20LED.pdf,1,APA102-2020
D3730,APA102-2020,LED_SMD:LED-APA102-2020,http://www.led-color.com/upload/201604/APA102-2020%20SMD%20LED.pdf,1,APA102-2020
D3731,APA102-2020,LED_SMD:LED-APA102-2020,http://www.led-color.com/upload/201604/APA102-2020%20SMD%20LED.pdf,1,APA102-2020
D3732,APA102-2020,LED_SMD:LED-APA102-2020,http://www.led-color.com/upload/201604/APA102-2020%20SMD%20LED.pdf,1,APA102-2020
D3733,APA102-2020,LED_SMD:LED-APA102-2020,http://www.led-color.com/upload/201604/APA102-2020%20SMD%20LED.pdf,1,APA102-2020
D3734,APA102-2020,LED_SMD:LED-APA102-2020,http://www.led-color.com/upload/201604/APA102-2020%20SMD%20LED.pdf,1,APA102-2020
D3735,APA102-2020,LED_SMD:LED-APA102-2020,http://www.led-color.com/upload/201604/APA102-2020%20SMD%20LED.pdf,1,APA102-2020
D3736,APA102-2020,LED_SMD:LED-APA102-2020,http://www.led-color.com/upload/201604/APA102-2020%20SMD%20LED.pdf,1,APA102-2020
D3737,APA102-2020,LED_SMD:LED-APA102-2020,http://www.led-color.com/upload/201604/APA102-2020%20SMD%20LED.pdf,1,APA102-2020
D3738,APA102-2020,LED_SMD:LED-APA102-2020,http://www.led-color.com/upload/201604/APA102-2020%20SMD%20LED.pdf,1,APA102-2020
D3739,APA102-2020,LED_SMD:LED-APA102-2020,http://www.led-color.com/upload/201604/APA102-2020%20SMD%20LED.pdf,1,APA102-2020
D3740,APA102-2020,LED_SMD:LED-APA102-2020,http://www.led-color.com/upload/201604/APA102-2020%20SMD%20LED.pdf,1,APA102-2020
D3741,APA102-2020,LED_SMD:LED-APA102-2020,http://www.led-color.com/upload/201604/APA102-2020%20SMD%20LED.pdf,1,APA102-2020
D3742,APA102-2020,LED_SMD:LED-APA102-2020,http://www.led-color.com/upload/201604/APA102-2020%20SMD%20LED.pdf,1,APA102-2020
D3743,APA102-2020,LED_SMD:LED-APA102-2020,http://www.led-color.com/upload/201604/APA102-2020%20SMD%20LED.pdf,1,APA102-2020
D3744,APA102-2020,LED_SMD:LED-APA102-2020,http://www.led-color.com/upload/201604/APA102-2020%20SMD%20LED.pdf,1,APA102-2020
D3745,APA102-2020,LED_SMD:LED-APA102-2020,http://www.led-color.com/upload/201604/APA102-2020%20SMD%20LED.pdf,1,APA102-2020
D3746,APA102-2020,LED_SMD:LED-APA102-2020,http://www.led-color.com/upload/201604/APA102-2020%20SMD%20LED.pdf,1,APA102-2020
D3747,APA102-2020,LED_SMD:LED-APA102-2020,http://www.led-color.com/upload/201604/APA102-2020%20SMD%20LED.pdf,1,APA102-2020
D3748,APA102-2020,LED_SMD:LED-APA102-2020,http://www.led-color.com/upload/201604/APA102-2020%20SMD%20LED.pdf,1,APA102-2020
D3749,APA102-2020,LED_SMD:LED-APA102-2020,http://www.led-color.com/upload/201604/APA102-2020%20SMD%20LED.pdf,1,APA102-2020
D3750,APA102-2020,LED_SMD:LED-APA102-2020,http://www.led-color.com/upload/201604/APA102-2020%20SMD%20LED.pdf,1,APA102-2020
D3751,APA102-2020,LED_SMD:LED-APA102-2020,http://www.led-color.com/upload/201604/APA102-2020%20SMD%20LED.pdf,1,APA102-2020
D3752,APA102-2020,LED_SMD:LED-APA102-2020,http://www.led-color.com/upload/201604/APA102-2020%20SMD%20LED.pdf,1,APA102-2020
D3753,APA102-2020,LED_SMD:LED-APA102-2020,http://www.led-color.com/upload/201604/APA102-2020%20SMD%20LED.pdf,1,APA102-2020
D3754,APA102-2020,LED_SMD:LED-APA102-2020,http://www.led-color.com/upload/201604/APA102-2020%20SMD%20LED.pdf,1,APA102-2020
D3755,APA102-2020,LED_SMD:LED-APA102-2020,http://www.led-color.com/upload/201604/APA102-2020%20SMD%20LED.pdf,1,APA102-2020
D3756,APA102-2020,LED_SMD:LED-APA102-2020,http://www.led-color.com/upload/201604/APA102-2020%20SMD%20LED.pdf,1,APA102-2020
D3757,APA102-2020,LED_SMD:LED-APA102-2020,http://www.led-color.com/upload/201604/APA102-2020%20SMD%20LED.pdf,1,APA102-2020
D3758,APA102-2020,LED_SMD:LED-APA102-2020,http://www.led-color.com/upload/201604/APA102-2020%20SMD%20LED.pdf,1,APA102-2020
D3759,APA102-2020,LED_SMD:LED-APA102-2020,http://www.led-color.com/upload/201604/APA102-2020%20SMD%20LED.pdf,1,APA102-2020
D3760,APA102-2020,LED_SMD:LED-APA102-2020,http://www.led-color.com/upload/201604/APA102-2020%20SMD%20LED.pdf,1,APA102-2020
D3761,APA102-2020,LED_SMD:LED-APA102-2020,http://www.led-color.com/upload/201604/APA102-2020%20SMD%20LED.pdf,1,APA102-2020
D3762,APA102-2020,LED_SMD:LED-APA102-2020,http://www.led-color.com/upload/201604/APA102-2020%20SMD%20LED.pdf,1,APA102-2020
D3763,APA102-2020,LED_SMD:LED-APA102-2020,http://www.led-color.com/upload/201604/APA102-2020%20SMD%20LED.pdf,1,APA102-2020
D3764,APA102-2020,LED_SMD:LED-APA102-2020,http://www.led-color.com/upload/201604/APA102-2020%20SMD%20LED.pdf,1,APA102-2020
D3765,APA102-2020,LED_SMD:LED-APA102-2020,http://www.led-color.com/upload/201604/APA102-2020%20SMD%20LED.pdf,1,APA102-2020
D3766,APA102-2020,LED_SMD:LED-APA102-2020,http://www.led-color.com/upload/201604/APA102-2020%20SMD%20LED.pdf,1,APA102-2020
D3767,APA102-2020,LED_SMD:LED-APA102-2020,http://www.led-color.com/upload/201604/APA102-2020%20SMD%20LED.pdf,1,APA102-2020
D3768,APA102-2020,LED_SMD:LED-APA102-2020,http://www.led-color.com/upload/201604/APA102-2020%20SMD%20LED.pdf,1,APA102-2020
D3769,APA102-2020,LED_SMD:LED-APA102-2020,http://www.led-color.com/upload/201604/APA102-2020%20SMD%20LED.pdf,1,APA102-2020
D3770,APA102-2020,LED_SMD:LED-APA102-2020,http://www.led-color.com/upload/201604/APA102-2020%20SMD%20LED.pdf,1,APA102-2020
D3771,APA102-2020,LED_SMD:LED-APA102-2020,http://www.led-color.com/upload/201604/APA102-2020%20SMD%20LED.pdf,1,APA102-2020
D3772,APA102-2020,LED_SMD:LED-APA102-2020,http://www.led-color.com/upload/201604/APA102-2020%20SMD%20LED.pdf,1,APA102-2020
D3773,APA102-2020,LED_SMD:LED-APA102-2020,http://www.led-color.com/upload/201604/APA102-2020%20SMD%20LED.pdf,1,APA102-2020
D3774,APA102-2020,LED_SMD:LED-APA102-2020,http://www.led-color.com/upload/201604/APA102-2020%20SMD%20LED.pdf,1,APA102-2020
D3775,APA102-2020,LED_SMD:LED-APA102-2020,http://www.led-color.com/upload/201604/APA102-2020%20SMD%20LED.pdf,1,APA102-2020
D3776,APA102-2020,LED_SMD:LED-APA102-2020,http://www.led-color.com/upload/201604/APA102-2020%20SMD%20LED.pdf,1,APA102-2020
D3777,APA102-2020,LED_SMD:LED-APA102-2020,http://www.led-color.com/upload/201604/APA102-2020%20SMD%20LED.pdf,1,APA102-2020
D3778,APA102-2020,LED_SMD:LED-APA102-2020,http://www.led-color.com/upload/201604/APA102-2020%20SMD%20LED.pdf,1,APA102-2020
D3779,APA102-2020,LED_SMD:LED-APA102-2020,http://www.led-color.com/upload/201604/APA102-2020%20SMD%20LED.pdf,1,APA102-2020
D3780,APA102-2020,LED_SMD:LED-APA102-2020,http://www.led-color.com/upload/201604/APA102-2020%20SMD%20LED.pdf,1,APA102-2020
D3781,APA102-2020,LED_SMD:LED-APA102-2020,http://www.led-color.com/upload/201604/APA102-2020%20SMD%20LED.pdf,1,APA102-2020
D3782,APA102-2020,LED_SMD:LED-APA102-2020,http://www.led-color.com/upload/201604/APA102-2020%20SMD%20LED.pdf,1,APA102-2020
D3783,APA102-2020,LED_SMD:LED-APA102-2020,http://www.led-color.com/upload/201604/APA102-2020%20SMD%20LED.pdf,1,APA102-2020
D3784,APA102-2020,LED_SMD:LED-APA102-2020,http://www.led-color.com/upload/201604/APA102-2020%20SMD%20LED.pdf,1,APA102-2020
D3785,APA102-2020,LED_SMD:LED-APA102-2020,http://www.led-color.com/upload/201604/APA102-2020%20SMD%20LED.pdf,1,APA102-2020
D3786,APA102-2020,LED_SMD:LED-APA102-2020,http://www.led-color.com/upload/201604/APA102-2020%20SMD%20LED.pdf,1,APA102-2020
D3787,APA102-2020,LED_SMD:LED-APA102-2020,http://www.led-color.com/upload/201604/APA102-2020%20SMD%20LED.pdf,1,APA102-2020
D3788,APA102-2020,LED_SMD:LED-APA102-2020,http://www.led-color.com/upload/201604/APA102-2020%20SMD%20LED.pdf,1,APA102-2020
D3789,APA102-2020,LED_SMD:LED-APA102-2020,http://www.led-color.com/upload/201604/APA102-2020%20SMD%20LED.pdf,1,APA102-2020
D3790,APA102-2020,LED_SMD:LED-APA102-2020,http://www.led-color.com/upload/201604/APA102-2020%20SMD%20LED.pdf,1,APA102-2020
D3791,APA102-2020,LED_SMD:LED-APA102-2020,http://www.led-color.com/upload/201604/APA102-2020%20SMD%20LED.pdf,1,APA102-2020
D3792,APA102-2020,LED_SMD:LED-APA102-2020,http://www.led-color.com/upload/201604/APA102-2020%20SMD%20LED.pdf,1,APA102-2020
D3793,APA102-2020,LED_SMD:LED-APA102-2020,http://www.led-color.com/upload/201604/APA102-2020%20SMD%20LED.pdf,1,APA102-2020
D3794,APA102-2020,LED_SMD:LED-APA102-2020,http://www.led-color.com/upload/201604/APA102-2020%20SMD%20LED.pdf,1,APA102-2020
D3795,APA102-2020,LED_SMD:LED-APA102-2020,http://www.led-color.com/upload/201604/APA102-2020%20SMD%20LED.pdf,1,APA102-2020
D3796,APA102-2020,LED_SMD:LED-APA102-2020,http://www.led-color.com/upload/201604/APA102-2020%20SMD%20LED.pdf,1,APA102-2020
D3797,APA102-2020,LED_SMD:LED-APA102-2020,http://www.led-color.com/upload/201604/APA102-2020%20SMD%20LED.pdf,1,APA102-2020
D3798,APA102-2020,LED_SMD:LED-APA102-2020,http://www.led-color.com/upload/201604/APA102-2020%20SMD%20LED.pdf,1,APA102-2020
D3799,APA102-2020,LED_SMD:LED-APA102-2020,http://www.led-color.com/upload/201604/APA102-2020%20SMD%20LED.pdf,1,APA102-2020
D3800,APA102-2020,LED_SMD:LED-APA102-2020,http://www.led-color.com/upload/201604/APA102-2020%20SMD%20LED.pdf,1,APA102-2020
D3801,APA102-2020,LED_SMD:LED-APA102-2020,http://www.led-color.com/upload/201604/APA102-2020%20SMD%20LED.pdf,1,APA102-2020
D3802,APA102-2020,LED_SMD:LED-APA102-2020,http://www.led-color.com/upload/201604/APA102-2020%20SMD%20LED.pdf,1,APA102-2020
D3803,APA102-2020,LED_SMD:LED-APA102-2020,http://www.led-color.com/upload/201604/APA102-2020%20SMD%20LED.pdf,1,APA102-2020
D3804,APA102-2020,LED_SMD:LED-APA102-2020,http://www.led-color.com/upload/201604/APA102-2020%20SMD%20LED.pdf,1,APA102-2020
D3805,APA102-2020,LED_SMD:LED-APA102-2020,http://www.led-color.com/upload/201604/APA102-2020%20SMD%20LED.pdf,1,APA102-2020
D3806,APA102-2020,LED_SMD:LED-APA102-2020,http://www.led-color.com/upload/201604/APA102-2020%20SMD%20LED.pdf,1,APA102-2020
D3807,APA102-2020,LED_SMD:LED-APA102-2020,http://www.led-color.com/upload/201604/APA102-2020%20SMD%20LED.pdf,1,APA102-2020
D3808,APA102-2020,LED_SMD:LED-APA102-2020,http://www.led-color.com/upload/201604/APA102-2020%20SMD%20LED.pdf,1,APA102-2020
D3809,APA102-2020,LED_SMD:LED-APA102-2020,http://www.led-color.com/upload/201604/APA102-2020%20SMD%20LED.pdf,1,APA102-2020
D3810,APA102-2020,LED_SMD:LED-APA102-2020,http://www.led-color.com/upload/201604/APA102-2020%20SMD%20LED.pdf,1,APA102-2020
D3811,APA102-2020,LED_SMD:LED-APA102-2020,http://www.led-color.com/upload/201604/APA102-2020%20SMD%20LED.pdf,1,APA102-2020
D3812,APA102-2020,LED_SMD:LED-APA102-2020,http://www.led-color.com/upload/201604/APA102-2020%20SMD%20LED.pdf,1,APA102-2020
D3813,APA102-2020,LED_SMD:LED-APA102-2020,http://www.led-color.com/upload/201604/APA102-2020%20SMD%20LED.pdf,1,APA102-2020
D3814,APA102-2020,LED_SMD:LED-APA102-2020,http://www.led-color.com/upload/201604/APA102-2020%20SMD%20LED.pdf,1,APA102-2020
D3815,APA102-2020,LED_SMD:LED-APA102-2020,http://www.led-color.com/upload/201604/APA102-2020%20SMD%20LED.pdf,1,APA102-2020
D3816,APA102-2020,LED_SMD:LED-APA102-2020,http://www.led-color.com/upload/201604/APA102-2020%20SMD%20LED.pdf,1,APA102-2020
D3817,APA102-2020,LED_SMD:LED-APA102-2020,http://www.led-color.com/upload/201604/APA102-2020%20SMD%20LED.pdf,1,APA102-2020
D3818,APA102-2020,LED_SMD:LED-APA102-2020,http://www.led-color.com/upload/201604/APA102-2020%20SMD%20LED.pdf,1,APA102-2020
D3819,APA102-2020,LED_SMD:LED-APA102-2020,http://www.led-color.com/upload/201604/APA102-2020%20SMD%20LED.pdf,1,APA102-2020
D3820,APA102-2020,LED_SMD:LED-APA102-2020,http://www.led-color.com/upload/201604/APA102-2020%20SMD%20LED.pdf,1,APA102-2020
D3821,APA102-2020,LED_SMD:LED-APA102-2020,http://www.led-color.com/upload/201604/APA102-2020%20SMD%20LED.pdf,1,APA102-2020
D3822,APA102-2020,LED_SMD:LED-APA102-2020,http://www.led-color.com/upload/201604/APA102-2020%20SMD%20LED.pdf,1,APA102-2020
D3823,APA102-2020,LED_SMD:LED-APA102-2020,http://www.led-color.com/upload/201604/APA102-2020%20SMD%20LED.pdf,1,APA102-2020
D3824,APA102-2020,LED_SMD:LED-APA102-2020,http://www.led-color.com/upload/201604/APA102-2020%20SMD%20LED.pdf,1,APA102-2020
D3825,APA102-2020,LED_SMD:LED-APA102-2020,http://www.led-color.com/upload/201604/APA102-2020%20SMD%20LED.pdf,1,APA102-2020
D3826,APA102-2020,LED_SMD:LED-APA102-2020,http://www.led-color.com/upload/201604/APA102-2020%20SMD%20LED.pdf,1,APA102-2020
D3827,APA102-2020,LED_SMD:LED-APA102-2020,http://www.led-color.com/upload/201604/APA102-2020%20SMD%20LED.pdf,1,APA102-2020
D3828,APA102-2020,LED_SMD:LED-APA102-2020,http://www.led-color.com/upload/201604/APA102-2020%20SMD%20LED.pdf,1,APA102-2020
D3829,APA102-2020,LED_SMD:LED-APA102-2020,http://www.led-color.com/upload/201604/APA102-2020%20SMD%20LED.pdf,1,APA102-2020
D3830,APA102-2020,LED_SMD:LED-APA102-2020,http://www.led-color.com/upload/201604/APA102-2020%20SMD%20LED.pdf,1,APA102-2020
D3831,APA102-2020,LED_SMD:LED-APA102-2020,http://www.led-color.com/upload/201604/APA102-2020%20SMD%20LED.pdf,1,APA102-2020
D3832,APA102-2020,LED_SMD:LED-APA102-2020,http://www.led-color.com/upload/201604/APA102-2020%20SMD%20LED.pdf,1,APA102-2020
D3833,APA102-2020,LED_SMD:LED-APA102-2020,http://www.led-color.com/upload/201604/APA102-2020%20SMD%20LED.pdf,1,APA102-2020
D3834,APA102-2020,LED_SMD:LED-APA102-2020,http://www.led-color.com/upload/201604/APA102-2020%20SMD%20LED.pdf,1,APA102-2020
D3835,APA102-2020,LED_SMD:LED-APA102-2020,http://www.led-color.com/upload/201604/APA102-2020%20SMD%20LED.pdf,1,APA102-2020
D3836,APA102-2020,LED_SMD:LED-APA102-2020,http://www.led-color.com/upload/201604/APA102-2020%20SMD%20LED.pdf,1,APA102-2020
D3837,APA102-2020,LED_SMD:LED-APA102-2020,http://www.led-color.com/upload/201604/APA102-2020%20SMD%20LED.pdf,1,APA102-2020
D3838,APA102-2020,LED_SMD:LED-APA102-2020,http://www.led-color.com/upload/201604/APA102-2020%20SMD%20LED.pdf,1,APA102-2020
D3839,APA102-2020,LED_SMD:LED-APA102-2020,http://www.led-color.com/upload/201604/APA102-2020%20SMD%20LED.pdf,1,APA102-2020
D3840,APA102-2020,LED_SMD:LED-APA102-2020,http://www.led-color.com/upload/201604/APA102-2020%20SMD%20LED.pdf,1,APA102-2020
D3841,APA102-2020,LED_SMD:LED-APA102-2020,http://www.led-color.com/upload/201604/APA102-2020%20SMD%20LED.pdf,1,APA102-2020
D3842,APA102-2020,LED_SMD:LED-APA102-2020,http://www.led-color.com/upload/201604/APA102-2020%20SMD%20LED.pdf,1,APA102-2020
D3843,APA102-2020,LED_SMD:LED-APA102-2020,http://www.led-color.com/upload/201604/APA102-2020%20SMD%20LED.pdf,1,APA102-2020
D3844,APA102-2020,LED_SMD:LED-APA102-2020,http://www.led-color.com/upload/201604/APA102-2020%20SMD%20LED.pdf,1,APA102-2020
D3845,APA102-2020,LED_SMD:LED-APA102-2020,http://www.led-color.com/upload/201604/APA102-2020%20SMD%20LED.pdf,1,APA102-2020
D3846,APA102-2020,LED_SMD:LED-APA102-2020,http://www.led-color.com/upload/201604/APA102-2020%20SMD%20LED.pdf,1,APA102-2020
D3847,APA102-2020,LED_SMD:LED-APA102-2020,http://www.led-color.com/upload/201604/APA102-2020%20SMD%20LED.pdf,1,APA102-2020
D3848,APA102-2020,LED_SMD:LED-APA102-2020,http://www.led-color.com/upload/201604/APA102-2020%20SMD%20LED.pdf,1,APA102-2020
D3849,APA102-2020,LED_SMD:LED-APA102-2020,http://www.led-color.com/upload/201604/APA102-2020%20SMD%20LED.pdf,1,APA102-2020
D3850,APA102-2020,LED_SMD:LED-APA102-2020,http://www.led-color.com/upload/201604/APA102-2020%20SMD%20LED.pdf,1,APA102-2020
D3851,APA102-2020,LED_SMD:LED-APA102-2020,http://www.led-color.com/upload/201604/APA102-2020%20SMD%20LED.pdf,1,APA102-2020
D3852,APA102-2020,LED_SMD:LED-APA102-2020,http://www.led-color.com/upload/201604/APA102-2020%20SMD%20LED.pdf,1,APA102-2020
D3853,APA102-2020,LED_SMD:LED-APA102-2020,http://www.led-color.com/upload/201604/APA102-2020%20SMD%20LED.pdf,1,APA102-2020
D3854,APA102-2020,LED_SMD:LED-APA102-2020,http://www.led-color.com/upload/201604/APA102-2020%20SMD%20LED.pdf,1,APA102-2020
D3855,APA102-2020,LED_SMD:LED-APA102-2020,http://www.led-color.com/upload/201604/APA102-2020%20SMD%20LED.pdf,1,APA102-2020
D3856,APA102-2020,LED_SMD:LED-APA102-2020,http://www.led-color.com/upload/201604/APA102-2020%20SMD%20LED.pdf,1,APA102-2020
D3857,APA102-2020,LED_SMD:LED-APA102-2020,http://www.led-color.com/upload/201604/APA102-2020%20SMD%20LED.pdf,1,APA102-2020
D3858,APA102-2020,LED_SMD:LED-APA102-2020,http://www.led-color.com/upload/201604/APA102-2020%20SMD%20LED.pdf,1,APA102-2020
D3859,APA102-2020,LED_SMD:LED-APA102-2020,http://www.led-color.com/upload/201604/APA102-2020%20SMD%20LED.pdf,1,APA102-2020
D3860,APA102-2020,LED_SMD:LED-APA102-2020,http://www.led-color.com/upload/201604/APA102-2020%20SMD%20LED.pdf,1,APA102-2020
D3861,APA102-2020,LED_SMD:LED-APA102-2020,http://www.led-color.com/upload/201604/APA102-2020%20SMD%20LED.pdf,1,APA102-2020
D3862,APA102-2020,LED_SMD:LED-APA102-2020,http://www.led-color.com/upload/201604/APA102-2020%20SMD%20LED.pdf,1,APA102-2020
D3863,APA102-2020,LED_SMD:LED-APA102-2020,http://www.led-color.com/upload/201604/APA102-2020%20SMD%20LED.pdf,1,APA102-2020
D3864,APA102-2020,LED_SMD:LED-APA102-2020,http://www.led-color.com/upload/201604/APA102-2020%20SMD%20LED.pdf,1,APA102-2020
D3865,APA102-2020,LED_SMD:LED-APA102-2020,http://www.led-color.com/upload/201604/APA102-2020%20SMD%20LED.pdf,1,APA102-2020
D3866,APA102-2020,LED_SMD:LED-APA102-2020,http://www.led-color.com/upload/201604/APA102-2020%20SMD%20LED.pdf,1,APA102-2020
D3867,APA102-2020,LED_SMD:LED-APA102-2020,http://www.led-color.com/upload/201604/APA102-2020%20SMD%20LED.pdf,1,APA102-2020
D3868,APA102-2020,LED_SMD:LED-APA102-2020,http://www.led-color.com/upload/201604/APA102-2020%20SMD%20LED.pdf,1,APA102-2020
D3869,APA102-2020,LED_SMD:LED-APA102-2020,http://www.led-color.com/upload/201604/APA102-2020%20SMD%20LED.pdf,1,APA102-2020
D3870,APA102-2020,LED_SMD:LED-APA102-2020,http://www.led-color.com/upload/201604/APA102-2020%20SMD%20LED.pdf,1,APA102-2020
D3871,APA102-2020,LED_SMD:LED-APA102-2020,http://www.led-color.com/upload/201604/APA102-2020%20SMD%20LED.pdf,1,APA102-2020
D3872,APA102-2020,LED_SMD:LED-APA102-2020,http://www.led-color.com/upload/201604/APA102-2020%20SMD%20LED.pdf,1,APA102-2020
D3873,APA102-2020,LED_SMD:LED-APA102-2020,http://www.led-color.com/upload/201604/APA102-2020%20SMD%20LED.pdf,1,APA102-2020
D3874,APA102-2020,LED_SMD:LED-APA102-2020,http://www.led-color.com/upload/201604/APA102-2020%20SMD%20LED.pdf,1,APA102-2020
D3875,APA102-2020,LED_SMD:LED-APA102-2020,http://www.led-color.com/upload/201604/APA102-2020%20SMD%20LED.pdf,1,APA102-2020
D3876,APA102-2020,LED_SMD:LED-APA102-2020,http://www.led-color.com/upload/201604/APA102-2020%20SMD%20LED.pdf,1,APA102-2020
D3877,APA102-2020,LED_SMD:LED-APA102-2020,http://www.led-color.com/upload/201604/APA102-2020%20SMD%20LED.pdf,1,APA102-2020
D3878,APA102-2020,LED_SMD:LED-APA102-2020,http://www.led-color.com/upload/201604/APA102-2020%20SMD%20LED.pdf,1,APA102-2020
D3879,APA102-2020,LED_SMD:LED-APA102-2020,http://www.led-color.com/upload/201604/APA102-2020%20SMD%20LED.pdf,1,APA102-2020
D3880,APA102-2020,LED_SMD:LED-APA102-2020,http://www.led-color.com/upload/201604/APA102-2020%20SMD%20LED.pdf,1,APA102-2020
D3881,APA102-2020,LED_SMD:LED-APA102-2020,http://www.led-color.com/upload/201604/APA102-2020%20SMD%20LED.pdf,1,APA102-2020
D3882,APA102-2020,LED_SMD:LED-APA102-2020,http://www.led-color.com/upload/201604/APA102-2020%20SMD%20LED.pdf,1,APA102-2020
D3883,APA102-2020,LED_SMD:LED-APA102-2020,http://www.led-color.com/upload/201604/APA102-2020%20SMD%20LED.pdf,1,APA102-2020
D3884,APA102-2020,LED_SMD:LED-APA102-2020,http://www.led-color.com/upload/201604/APA102-2020%20SMD%20LED.pdf,1,APA102-2020
D3885,APA102-2020,LED_SMD:LED-APA102-2020,http://www.led-color.com/upload/201604/APA102-2020%20SMD%20LED.pdf,1,APA102-2020
D3886,APA102-2020,LED_SMD:LED-APA102-2020,http://www.led-color.com/upload/201604/APA102-2020%20SMD%20LED.pdf,1,APA102-2020
D3887,APA102-2020,LED_SMD:LED-APA102-2020,http://www.led-color.com/upload/201604/APA102-2020%20SMD%20LED.pdf,1,APA102-2020
D3888,APA102-2020,LED_SMD:LED-APA102-2020,http://www.led-color.com/upload/201604/APA102-2020%20SMD%20LED.pdf,1,APA102-2020
D3889,APA102-2020,LED_SMD:LED-APA102-2020,http://www.led-color.com/upload/201604/APA102-2020%20SMD%20LED.pdf,1,APA102-2020
D3890,APA102-2020,LED_SMD:LED-APA102-2020,http://www.led-color.com/upload/201604/APA102-2020%20SMD%20LED.pdf,1,APA102-2020
D3891,APA102-2020,LED_SMD:LED-APA102-2020,http://www.led-color.com/upload/201604/APA102-2020%20SMD%20LED.pdf,1,APA102-2020
D3892,APA102-2020,LED_SMD:LED-APA102-2020,http://www.led-color.com/upload/201604/APA102-2020%20SMD%20LED.pdf,1,APA102-2020
D3893,APA102-2020,LED_SMD:LED-APA102-2020,http://www.led-color.com/upload/201604/APA102-2020%20SMD%20LED.pdf,1,APA102-2020
D3894,APA102-2020,LED_SMD:LED-APA102-2020,http://www.led-color.com/upload/201604/APA102-2020%20SMD%20LED.pdf,1,APA102-2020
D3895,APA102-2020,LED_SMD:LED-APA102-2020,http://www.led-color.com/upload/201604/APA102-2020%20SMD%20LED.pdf,1,APA102-2020
D3896,APA102-2020,LED_SMD:LED-APA102-2020,http://www.led-color.com/upload/201604/APA102-2020%20SMD%20LED.pdf,1,APA102-2020
D3897,APA102-2020,LED_SMD:LED-APA102-2020,http://www.led-color.com/upload/201604/APA102-2020%20SMD%20LED.pdf,1,APA102-2020
D3898,APA102-2020,LED_SMD:LED-APA102-2020,http://www.led-color.com/upload/201604/APA102-2020%20SMD%20LED.pdf,1,APA102-2020
D3899,APA102-2020,LED_SMD:LED-APA102-2020,http://www.led-color.com/upload/201604/APA102-2020%20SMD%20LED.pdf,1,APA102-2020
D3900,APA102-2020,LED_SMD:LED-APA102-2020,http://www.led-color.com/upload/201604/APA102-2020%20SMD%20LED.pdf,1,APA102-2020
D3901,APA102-2020,LED_SMD:LED-APA102-2020,http://www.led-color.com/upload/201604/APA102-2020%20SMD%20LED.pdf,1,APA102-2020
D3902,APA102-2020,LED_SMD:LED-APA102-2020,http://www.led-color.com/upload/201604/APA102-2020%20SMD%20LED.pdf,1,APA102-2020
D3903,APA102-2020,LED_SMD:LED-APA102-2020,http://www.led-color.com/upload/201604/APA102-2020%20SMD%20LED.pdf,1,APA102-2020
D3904,APA102-2020,LED_SMD:LED-APA102-2020,http://www.led-color.com/upload/201604/APA102-2020%20SMD%20LED.pdf,1,APA102-2020
D3905,APA102-2020,LED_SMD:LED-APA102-2020,http://www.led-color.com/upload/201604/APA102-2020%20SMD%20LED.pdf,1,APA102-2020
D3906,APA102-2020,LED_SMD:LED-APA102-2020,http://www.led-color.com/upload/201604/APA102-2020%20SMD%20LED.pdf,1,APA102-2020
D3907,APA102-2020,LED_SMD:LED-APA102-2020,http://www.led-color.com/upload/201604/APA102-2020%20SMD%20LED.pdf,1,APA102-2020
D3908,APA102-2020,LED_SMD:LED-APA102-2020,http://www.led-color.com/upload/201604/APA102-2020%20SMD%20LED.pdf,1,APA102-2020
D3909,APA102-2020,LED_SMD:LED-APA102-2020,http://www.led-color.com/upload/201604/APA102-2020%20SMD%20LED.pdf,1,APA102-2020
D3910,APA102-2020,LED_SMD:LED-APA102-2020,http://www.led-color.com/upload/201604/APA102-2020%20SMD%20LED.pdf,1,APA102-2020
D3911,APA102-2020,LED_SMD:LED-APA102-2020,http://www.led-color.com/upload/201604/APA102-2020%20SMD%20LED.pdf,1,APA102-2020
D3912,APA102-2020,LED_SMD:LED-APA102-2020,http://www.led-color.com/upload/201604/APA102-2020%20SMD%20LED.pdf,1,APA102-2020
D3913,APA102-2020,LED_SMD:LED-APA102-2020,http://www.led-color.com/upload/201604/APA102-2020%20SMD%20LED.pdf,1,APA102-2020
D3914,APA102-2020,LED_SMD:LED-APA102-2020,http://www.led-color.com/upload/201604/APA102-2020%20SMD%20LED.pdf,1,APA102-2020
D3915,APA102-2020,LED_SMD:LED-APA102-2020,http://www.led-color.com/upload/201604/APA102-2020%20SMD%20LED.pdf,1,APA102-2020
D3916,APA102-2020,LED_SMD:LED-APA102-2020,http://www.led-color.com/upload/201604/APA102-2020%20SMD%20LED.pdf,1,APA102-2020
D3917,APA102-2020,LED_SMD:LED-APA102-2020,http://www.led-color.com/upload/201604/APA102-2020%20SMD%20LED.pdf,1,APA102-2020
D3918,APA102-2020,LED_SMD:LED-APA102-2020,http://www.led-color.com/upload/201604/APA102-2020%20SMD%20LED.pdf,1,APA102-2020
D3919,APA102-2020,LED_SMD:LED-APA102-2020,http://www.led-color.com/upload/201604/APA102-2020%20SMD%20LED.pdf,1,APA102-2020
D3920,APA102-2020,LED_SMD:LED-APA102-2020,http://www.led-color.com/upload/201604/APA102-2020%20SMD%20LED.pdf,1,APA102-2020
D3921,APA102-2020,LED_SMD:LED-APA102-2020,http://www.led-color.com/upload/201604/APA102-2020%20SMD%20LED.pdf,1,APA102-2020
D3922,APA102-2020,LED_SMD:LED-APA102-2020,http://www.led-color.com/upload/201604/APA102-2020%20SMD%20LED.pdf,1,APA102-2020
D3923,APA102-2020,LED_SMD:LED-APA102-2020,http://www.led-color.com/upload/201604/APA102-2020%20SMD%20LED.pdf,1,APA102-2020
D3924,APA102-2020,LED_SMD:LED-APA102-2020,http://www.led-color.com/upload/201604/APA102-2020%20SMD%20LED.pdf,1,APA102-2020
D3925,APA102-2020,LED_SMD:LED-APA102-2020,http://www.led-color.com/upload/201604/APA102-2020%20SMD%20LED.pdf,1,APA102-2020
D3926,APA102-2020,LED_SMD:LED-APA102-2020,http://www.led-color.com/upload/201604/APA102-2020%20SMD%20LED.pdf,1,APA102-2020
D3927,APA102-2020,LED_SMD:LED-APA102-2020,http://www.led-color.com/upload/201604/APA102-2020%20SMD%20LED.pdf,1,APA102-2020
D3928,APA102-2020,LED_SMD:LED-APA102-2020,http://www.led-color.com/upload/201604/APA102-2020%20SMD%20LED.pdf,1,APA102-2020
D3929,APA102-2020,LED_SMD:LED-APA102-2020,http://www.led-color.com/upload/201604/APA102-2020%20SMD%20LED.pdf,1,APA102-2020
D3930,APA102-2020,LED_SMD:LED-APA102-2020,http://www.led-color.com/upload/201604/APA102-2020%20SMD%20LED.pdf,1,APA102-2020
D3931,APA102-2020,LED_SMD:LED-APA102-2020,http://www.led-color.com/upload/201604/APA102-2020%20SMD%20LED.pdf,1,APA102-2020
D3932,APA102-2020,LED_SMD:LED-APA102-2020,http://www.led-color.com/upload/201604/APA102-2020%20SMD%20LED.pdf,1,APA102-2020
D3933,APA102-2020,LED_SMD:LED-APA102-2020,http://www.led-color.com/upload/201604/APA102-2020%20SMD%20LED.pdf,1,APA102-2020
D3934,APA102-2020,LED_SMD:LED-APA102-2020,http://www.led-color.com/upload/201604/APA102-2020%20SMD%20LED.pdf,1,APA102-2020
D3935,APA102-2020,LED_SMD:LED-APA102-2020,http://www.led-color.com/upload/201604/APA102-2020%20SMD%20LED.pdf,1,APA102-2020
D3936,APA102-2020,LED_SMD:LED-APA102-2020,http://www.led-color.com/upload/201604/APA102-2020%20SMD%20LED.pdf,1,APA102-2020
D3937,APA102-2020,LED_SMD:LED-APA102-2020,http://www.led-color.com/upload/201604/APA102-2020%20SMD%20LED.pdf,1,APA102-2020
D3938,APA102-2020,LED_SMD:LED-APA102-2020,http://www.led-color.com/upload/201604/APA102-2020%20SMD%20LED.pdf,1,APA102-2020
D3939,APA102-2020,LED_SMD:LED-APA102-2020,http://www.led-color.com/upload/201604/APA102-2020%20SMD%20LED.pdf,1,APA102-2020
D3940,APA102-2020,LED_SMD:LED-APA102-2020,http://www.led-color.com/upload/201604/APA102-2020%20SMD%20LED.pdf,1,APA102-2020
D3941,APA102-2020,LED_SMD:LED-APA102-2020,http://www.led-color.com/upload/201604/APA102-2020%20SMD%20LED.pdf,1,APA102-2020
D3942,APA102-2020,LED_SMD:LED-APA102-2020,http://www.led-color.com/upload/201604/APA102-2020%20SMD%20LED.pdf,1,APA102-2020
D3943,APA102-2020,LED_SMD:LED-APA102-2020,http://www.led-color.com/upload/201604/APA102-2020%20SMD%20LED.pdf,1,APA102-2020
D3944,APA102-2020,LED_SMD:LED-APA102-2020,http://www.led-color.com/upload/201604/APA102-2020%20SMD%20LED.pdf,1,APA102-2020
D3945,APA102-2020,LED_SMD:LED-APA102-2020,http://www.led-color.com/upload/201604/APA102-2020%20SMD%20LED.pdf,1,APA102-2020
D3946,APA102-2020,LED_SMD:LED-APA102-2020,http://www.led-color.com/upload/201604/APA102-2020%20SMD%20LED.pdf,1,APA102-2020
D3947,APA102-2020,LED_SMD:LED-APA102-2020,http://www.led-color.com/upload/201604/APA102-2020%20SMD%20LED.pdf,1,APA102-2020
D3948,APA102-2020,LED_SMD:LED-APA102-2020,http://www.led-color.com/upload/201604/APA102-2020%20SMD%20LED.pdf,1,APA102-2020
D3949,APA102-2020,LED_SMD:LED-APA102-2020,http://www.led-color.com/upload/201604/APA102-2020%20SMD%20LED.pdf,1,APA102-2020
D3950,APA102-2020,LED_SMD:LED-APA102-2020,http://www.led-color.com/upload/201604/APA102-2020%20SMD%20LED.pdf,1,APA102-2020
D3951,APA102-2020,LED_SMD:LED-APA102-2020,http://www.led-color.com/upload/201604/APA102-2020%20SMD%20LED.pdf,1,APA102-2020
D3952,APA102-2020,LED_SMD:LED-APA102-2020,http://www.led-color.com/upload/201604/APA102-2020%20SMD%20LED.pdf,1,APA102-2020
D3953,APA102-2020,LED_SMD:LED-APA102-2020,http://www.led-color.com/upload/201604/APA102-2020%20SMD%20LED.pdf,1,APA102-2020
D3954,APA102-2020,LED_SMD:LED-APA102-2020,http://www.led-color.com/upload/201604/APA102-2020%20SMD%20LED.pdf,1,APA102-2020
D3955,APA102-2020,LED_SMD:LED-APA102-2020,http://www.led-color.com/upload/201604/APA102-2020%20SMD%20LED.pdf,1,APA102-2020
D3956,APA102-2020,LED_SMD:LED-APA102-2020,http://www.led-color.com/upload/201604/APA102-2020%20SMD%20LED.pdf,1,APA102-2020
D3957,APA102-2020,LED_SMD:LED-APA102-2020,http://www.led-color.com/upload/201604/APA102-2020%20SMD%20LED.pdf,1,APA102-2020
D3958,APA102-2020,LED_SMD:LED-APA102-2020,http://www.led-color.com/upload/201604/APA102-2020%20SMD%20LED.pdf,1,APA102-2020
D3959,APA102-2020,LED_SMD:LED-APA102-2020,http://www.led-color.com/upload/201604/APA102-2020%20SMD%20LED.pdf,1,APA102-2020
D3960,APA102-2020,LED_SMD:LED-APA102-2020,http://www.led-color.com/upload/201604/APA102-2020%20SMD%20LED.pdf,1,APA102-2020
D3961,APA102-2020,LED_SMD:LED-APA102-2020,http://www.led-color.com/upload/201604/APA102-2020%20SMD%20LED.pdf,1,APA102-2020
D3962,APA102-2020,LED_SMD:LED-APA102-2020,http://www.led-color.com/upload/201604/APA102-2020%20SMD%20LED.pdf,1,APA102-2020
D3963,APA102-2020,LED_SMD:LED-APA102-2020,http://www.led-color.com/upload/201604/APA102-2020%20SMD%20LED.pdf,1,APA102-2020
D3964,APA102-2020,LED_SMD:LED-APA102-2020,http://www.led-color.com/upload/201604/APA102-2020%20SMD%20LED.pdf,1,APA102-2020
D3965,APA102-2020,LED_SMD:LED-APA102-2020,http://www.led-color.com/upload/201604/APA102-2020%20SMD%20LED.pdf,1,APA102-2020
D3966,APA102-2020,LED_SMD:LED-APA102-2020,http://www.led-color.com/upload/201604/APA102-2020%20SMD%20LED.pdf,1,APA102-2020
D3967,APA102-2020,LED_SMD:LED-APA102-2020,http://www.led-color.com/upload/201604/APA102-2020%20SMD%20LED.pdf,1,APA102-2020
D3968,APA102-2020,LED_SMD:LED-APA102-2020,http://www.led-color.com/upload/201604/APA102-2020%20SMD%20LED.pdf,1,APA102-2020
D3969,APA102-2020,LED_SMD:LED-APA102-2020,http://www.led-color.com/upload/201604/APA102-2020%20SMD%20LED.pdf,1,APA102-2020
D3970,APA102-2020,LED_SMD:LED-APA102-2020,http://www.led-color.com/upload/201604/APA102-2020%20SMD%20LED.pdf,1,APA102-2020
D3971,APA102-2020,LED_SMD:LED-APA102-2020,http://www.led-color.com/upload/201604/APA102-2020%20SMD%20LED.pdf,1,APA102-2020
D3972,APA102-2020,LED_SMD:LED-APA102-2020,http://www.led-color.com/upload/201604/APA102-2020%20SMD%20LED.pdf,1,APA102-2020
D3973,APA102-2020,LED_SMD:LED-APA102-2020,http://www.led-color.com/upload/201604/APA102-2020%20SMD%20LED.pdf,1,APA102-2020
D3974,APA102-2020,LED_SMD:LED-APA102-2020,http://www.led-color.com/upload/201604/APA102-2020%20SMD%20LED.pdf,1,APA102-2020
D3975,APA102-2020,LED_SMD:LED-APA102-2020,http://www.led-color.com/upload/201604/APA102-2020%20SMD%20LED.pdf,1,APA102-2020
D3976,APA102-2020,LED_SMD:LED-APA102-2020,http://www.led-color.com/upload/201604/APA102-2020%20SMD%20LED.pdf,1,APA102-2020
D3977,APA102-2020,LED_SMD:LED-APA102-2020,http://www.led-color.com/upload/201604/APA102-2020%20SMD%20LED.pdf,1,APA102-2020
D3978,APA102-2020,LED_SMD:LED-APA102-2020,http://www.led-color.com/upload/201604/APA102-2020%20SMD%20LED.pdf,1,APA102-2020
D3979,APA102-2020,LED_SMD:LED-APA102-2020,http://www.led-color.com/upload/201604/APA102-2020%20SMD%20LED.pdf,1,APA102-2020
D3980,APA102-2020,LED_SMD:LED-APA102-2020,http://www.led-color.com/upload/201604/APA102-2020%20SMD%20LED.pdf,1,APA102-2020
D3981,APA102-2020,LED_SMD:LED-APA102-2020,http://www.led-color.com/upload/201604/APA102-2020%20SMD%20LED.pdf,1,APA102-2020
D3982,APA102-2020,LED_SMD:LED-APA102-2020,http://www.led-color.com/upload/201604/APA102-2020%20SMD%20LED.pdf,1,APA102-2020
D3983,APA102-2020,LED_SMD:LED-APA102-2020,http://www.led-color.com/upload/201604/APA102-2020%20SMD%20LED.pdf,1,APA102-2020
D3984,APA102-2020,LED_SMD:LED-APA102-2020,http://www.led-color.com/upload/201604/APA102-2020%20SMD%20LED.pdf,1,APA102-2020
D3985,APA102-2020,LED_SMD:LED-APA102-2020,http://www.led-color.com/upload/201604/APA102-2020%20SMD%20LED.pdf,1,APA102-2020
D3986,APA102-2020,LED_SMD:LED-APA102-2020,http://www.led-color.com/upload/201604/APA102-2020%20SMD%20LED.pdf,1,APA102-2020
D3987,APA102-2020,LED_SMD:LED-APA102-2020,http://www.led-color.com/upload/201604/APA102-2020%20SMD%20LED.pdf,1,APA102-2020
D3988,APA102-2020,LED_SMD:LED-APA102-2020,http://www.led-color.com/upload/201604/APA102-2020%20SMD%20LED.pdf,1,APA102-2020
D3989,APA102-2020,LED_SMD:LED-APA102-2020,http://www.led-color.com/upload/201604/APA102-2020%20SMD%20LED.pdf,1,APA102-2020
D3990,APA102-2020,LED_SMD:LED-APA102-2020,http://www.led-color.com/upload/201604/APA102-2020%20SMD%20LED.pdf,1,APA102-2020
D3991,APA102-2020,LED_SMD:LED-APA102-2020,http://www.led-color.com/upload/201604/APA102-2020%20SMD%20LED.pdf,1,APA102-2020
D3992,APA102-2020,LED_SMD:LED-APA102-2020,http://www.led-color.com/upload/201604/APA102-2020%20SMD%20LED.pdf,1,APA102-2020
D3993,APA102-2020,LED_SMD:LED-APA102-2020,http://www.led-color.com/upload/201604/APA102-2020%20SMD%20LED.pdf,1,APA102-2020
D3994,APA102-2020,LED_SMD:LED-APA102-2020,http://www.led-color.com/upload/201604/APA102-2020%20SMD%20LED.pdf,1,APA102-2020
D3995,APA102-2020,LED_SMD:LED-APA102-2020,http://www.led-color.com/upload/201604/APA102-2020%20SMD%20LED.pdf,1,APA102-2020
D3996,APA102-2020,LED_SMD:LED-APA102-2020,http://www.led-color.com/upload/201604/APA102-2020%20SMD%20LED.pdf,1,APA102-2020
D3997,APA102-2020,LED_SMD:LED-APA102-2020,http://www.led-color.com/upload/201604/APA102-2020%20SMD%20LED.pdf,1,APA102-2020
D3998,APA102-2020,LED_SMD:LED-APA102-2020,http://www.led-color.com/upload/201604/APA102-2020%20SMD%20LED.pdf,1,APA102-2020
D3999,APA102-2020,LED_SMD:LED-APA102-2020,http://www.led-color.com/upload/201604/APA102-2020%20SMD%20LED.pdf,1,APA102-2020
D4000,APA102-2020,LED_SMD:LED-APA102-2020,http://www.led-color.com/upload/201604/APA102-2020%20SMD%20LED.pdf,1,APA102-2020
D4001,APA102-2020,LED_SMD:LED-APA102-2020,http://www.led-color.com/upload/201604/APA102-2020%20SMD%20LED.pdf,1,APA102-2020
D4002,APA102-2020,LED_SMD:LED-APA102-2020,http://www.led-color.com/upload/201604/APA102-2020%20SMD%20LED.pdf,1,APA102-2020
D4003,APA102-2020,LED_SMD:LED-APA102-2020,http://www.led-color.com/upload/201604/APA102-2020%20SMD%20LED.pdf,1,APA102-2020
D4004,APA102-2020,LED_SMD:LED-APA102-2020,http://www.led-color.com/upload/201604/APA102-2020%20SMD%20LED.pdf,1,APA102-2020
D4005,APA102-2020,LED_SMD:LED-APA102-2020,http://www.led-color.com/upload/201604/APA102-2020%20SMD%20LED.pdf,1,APA102-2020
D4006,APA102-2020,LED_SMD:LED-APA102-2020,http://www.led-color.com/upload/201604/APA102-2020%20SMD%20LED.pdf,1,APA102-2020
D4007,APA102-2020,LED_SMD:LED-APA102-2020,http://www.led-color.com/upload/201604/APA102-2020%20SMD%20LED.pdf,1,APA102-2020
D4008,APA102-2020,LED_SMD:LED-APA102-2020,http://www.led-color.com/upload/201604/APA102-2020%20SMD%20LED.pdf,1,APA102-2020
D4009,APA102-2020,LED_SMD:LED-APA102-2020,http://www.led-color.com/upload/201604/APA102-2020%20SMD%20LED.pdf,1,APA102-2020
D4010,APA102-2020,LED_SMD:LED-APA102-2020,http://www.led-color.com/upload/201604/APA102-2020%20SMD%20LED.pdf,1,APA102-2020
D4011,APA102-2020,LED_SMD:LED-APA102-2020,http://www.led-color.com/upload/201604/APA102-2020%20SMD%20LED.pdf,1,APA102-2020
D4012,APA102-2020,LED_SMD:LED-APA102-2020,http://www.led-color.com/upload/201604/APA102-2020%20SMD%20LED.pdf,1,APA102-2020
D4013,APA102-2020,LED_SMD:LED-APA102-2020,http://www.led-color.com/upload/201604/APA102-2020%20SMD%20LED.pdf,1,APA102-2020
D4014,APA102-2020,LED_SMD:LED-APA102-2020,http://www.led-color.com/upload/201604/APA102-2020%20SMD%20LED.pdf,1,APA102-2020
D4015,APA102-2020,LED_SMD:LED-APA102-2020,http://www.led-color.com/upload/201604/APA102-2020%20SMD%20LED.pdf,1,APA102-2020
D4016,APA102-2020,LED_SMD:LED-APA102-2020,http://www.led-color.com/upload/201604/APA102-2020%20SMD%20LED.pdf,1,APA102-2020
D4017,APA102-2020,LED_SMD:LED-APA102-2020,http://www.led-color.com/upload/201604/APA102-2020%20SMD%20LED.pdf,1,APA102-2020
D4018,APA102-2020,LED_SMD:LED-APA102-2020,http://www.led-color.com/upload/201604/APA102-2020%20SMD%20LED.pdf,1,APA102-2020
D4019,APA102-2020,LED_SMD:LED-APA102-2020,http://www.led-color.com/upload/201604/APA102-2020%20SMD%20LED.pdf,1,APA102-2020
D4020,APA102-2020,LED_SMD:LED-APA102-2020,http://www.led-color.com/upload/201604/APA102-2020%20SMD%20LED.pdf,1,APA102-2020
D4021,APA102-2020,LED_SMD:LED-APA102-2020,http://www.led-color.com/upload/201604/APA102-2020%20SMD%20LED.pdf,1,APA102-2020
D4022,APA102-2020,LED_SMD:LED-APA102-2020,http://www.led-color.com/upload/201604/APA102-2020%20SMD%20LED.pdf,1,APA102-2020
D4023,APA102-2020,LED_SMD:LED-APA102-2020,http://www.led-color.com/upload/201604/APA102-2020%20SMD%20LED.pdf,1,APA102-2020
D4024,APA102-2020,LED_SMD:LED-APA102-2020,http://www.led-color.com/upload/201604/APA102-2020%20SMD%20LED.pdf,1,APA102-2020
D4025,APA102-2020,LED_SMD:LED-APA102-2020,http://www.led-color.com/upload/201604/APA102-2020%20SMD%20LED.pdf,1,APA102-2020
D4026,APA102-2020,LED_SMD:LED-APA102-2020,http://www.led-color.com/upload/201604/APA102-2020%20SMD%20LED.pdf,1,APA102-2020
D4027,APA102-2020,LED_SMD:LED-APA102-2020,http://www.led-color.com/upload/201604/APA102-2020%20SMD%20LED.pdf,1,APA102-2020
D4028,APA102-2020,LED_SMD:LED-APA102-2020,http://www.led-color.com/upload/201604/APA102-2020%20SMD%20LED.pdf,1,APA102-2020
D4029,APA102-2020,LED_SMD:LED-APA102-2020,http://www.led-color.com/upload/201604/APA102-2020%20SMD%20LED.pdf,1,APA102-2020
D4030,APA102-2020,LED_SMD:LED-APA102-2020,http://www.led-color.com/upload/201604/APA102-2020%20SMD%20LED.pdf,1,APA102-2020
D4031,APA102-2020,LED_SMD:LED-APA102-2020,http://www.led-color.com/upload/201604/APA102-2020%20SMD%20LED.pdf,1,APA102-2020
D4032,APA102-2020,LED_SMD:LED-APA102-2020,http://www.led-color.com/upload/201604/APA102-2020%20SMD%20LED.pdf,1,APA102-2020
D4033,APA102-2020,LED_SMD:LED-APA102-2020,http://www.led-color.com/upload/201604/APA102-2020%20SMD%20LED.pdf,1,APA102-2020
D4034,APA102-2020,LED_SMD:LED-APA102-2020,http://www.led-color.com/upload/201604/APA102-2020%20SMD%20LED.pdf,1,APA102-2020
D4035,APA102-2020,LED_SMD:LED-APA102-2020,http://www.led-color.com/upload/201604/APA102-2020%20SMD%20LED.pdf,1,APA102-2020
D4036,APA102-2020,LED_SMD:LED-APA102-2020,http://www.led-color.com/upload/201604/APA102-2020%20SMD%20LED.pdf,1,APA102-2020
D4037,APA102-2020,LED_SMD:LED-APA102-2020,http://www.led-color.com/upload/201604/APA102-2020%20SMD%20LED.pdf,1,APA102-2020
D4038,APA102-2020,LED_SMD:LED-APA102-2020,http://www.led-color.com/upload/201604/APA102-2020%20SMD%20LED.pdf,1,APA102-2020
D4039,APA102-2020,LED_SMD:LED-APA102-2020,http://www.led-color.com/upload/201604/APA102-2020%20SMD%20LED.pdf,1,APA102-2020
D4040,APA102-2020,LED_SMD:LED-APA102-2020,http://www.led-color.com/upload/201604/APA102-2020%20SMD%20LED.pdf,1,APA102-2020
D4041,APA102-2020,LED_SMD:LED-APA102-2020,http://www.led-color.com/upload/201604/APA102-2020%20SMD%20LED.pdf,1,APA102-2020
D4042,APA102-2020,LED_SMD:LED-APA102-2020,http://www.led-color.com/upload/201604/APA102-2020%20SMD%20LED.pdf,1,APA102-2020
D4043,APA102-2020,LED_SMD:LED-APA102-2020,http://www.led-color.com/upload/201604/APA102-2020%20SMD%20LED.pdf,1,APA102-2020
D4044,APA102-2020,LED_SMD:LED-APA102-2020,http://www.led-color.com/upload/201604/APA102-2020%20SMD%20LED.pdf,1,APA102-2020
D4045,APA102-2020,LED_SMD:LED-APA102-2020,http://www.led-color.com/upload/201604/APA102-2020%20SMD%20LED.pdf,1,APA102-2020
D4046,APA102-2020,LED_SMD:LED-APA102-2020,http://www.led-color.com/upload/201604/APA102-2020%20SMD%20LED.pdf,1,APA102-2020
D4047,APA102-2020,LED_SMD:LED-APA102-2020,http://www.led-color.com/upload/201604/APA102-2020%20SMD%20LED.pdf,1,APA102-2020
D4048,APA102-2020,LED_SMD:LED-APA102-2020,http://www.led-color.com/upload/201604/APA102-2020%20SMD%20LED.pdf,1,APA102-2020
D4049,APA102-2020,LED_SMD:LED-APA102-2020,http://www.led-color.com/upload/201604/APA102-2020%20SMD%20LED.pdf,1,APA102-2020
D4050,APA102-2020,LED_SMD:LED-APA102-2020,http://www.led-color.com/upload/201604/APA102-2020%20SMD%20LED.pdf,1,APA102-2020
D4051,APA102-2020,LED_SMD:LED-APA102-2020,http://www.led-color.com/upload/201604/APA102-2020%20SMD%20LED.pdf,1,APA102-2020
D4052,APA102-2020,LED_SMD:LED-APA102-2020,http://www.led-color.com/upload/201604/APA102-2020%20SMD%20LED.pdf,1,APA102-2020
D4053,APA102-2020,LED_SMD:LED-APA102-2020,http://www.led-color.com/upload/201604/APA102-2020%20SMD%20LED.pdf,1,APA102-2020
D4054,APA102-2020,LED_SMD:LED-APA102-2020,http://www.led-color.com/upload/201604/APA102-2020%20SMD%20LED.pdf,1,APA102-2020
D4055,APA102-2020,LED_SMD:LED-APA102-2020,http://www.led-color.com/upload/201604/APA102-2020%20SMD%20LED.pdf,1,APA102-2020
D4056,APA102-2020,LED_SMD:LED-APA102-2020,http://www.led-color.com/upload/201604/APA102-2020%20SMD%20LED.pdf,1,APA102-2020
D4057,APA102-2020,LED_SMD:LED-APA102-2020,http://www.led-color.com/upload/201604/APA102-2020%20SMD%20LED.pdf,1,APA102-2020
D4058,APA102-2020,LED_SMD:LED-APA102-2020,http://www.led-color.com/upload/201604/APA102-2020%20SMD%20LED.pdf,1,APA102-2020
D4059,APA102-2020,LED_SMD:LED-APA102-2020,http://www.led-color.com/upload/201604/APA102-2020%20SMD%20LED.pdf,1,APA102-2020
D4060,APA102-2020,LED_SMD:LED-APA102-2020,http://www.led-color.com/upload/201604/APA102-2020%20SMD%20LED.pdf,1,APA102-2020
D4061,APA102-2020,LED_SMD:LED-APA102-2020,http://www.led-color.com/upload/201604/APA102-2020%20SMD%20LED.pdf,1,APA102-2020
D4062,APA102-2020,LED_SMD:LED-APA102-2020,http://www.led-color.com/upload/201604/APA102-2020%20SMD%20LED.pdf,1,APA102-2020
D4063,APA102-2020,LED_SMD:LED-APA102-2020,http://www.led-color.com/upload/201604/APA102-2020%20SMD%20LED.pdf,1,APA102-2020
D4064,APA102-2020,LED_SMD:LED-APA102-2020,http://www.led-color.com/upload/201604/APA102-2020%20SMD%20LED.pdf,1,APA102-2020
D4065,APA102-2020,LED_SMD:LED-APA102-2020,http://www.led-color.com/upload/201604/APA102-2020%20SMD%20LED.pdf,1,APA102-2020
D4066,APA102-2020,LED_SMD:LED-APA102-2020,http://www.led-color.com/upload/201604/APA102-2020%20SMD%20LED.pdf,1,APA102-2020
D4067,APA102-2020,LED_SMD:LED-APA102-2020,http://www.led-color.com/upload/201604/APA102-2020%20SMD%20LED.pdf,1,APA102-2020
D4068,APA102-2020,LED_SMD:LED-APA102-2020,http://www.led-color.com/upload/201604/APA102-2020%20SMD%20LED.pdf,1,APA102-2020
D4069,APA102-2020,LED_SMD:LED-APA102-2020,http://www.led-color.com/upload/201604/APA102-2020%20SMD%20LED.pdf,1,APA102-2020
D4070,APA102-2020,LED_SMD:LED-APA102-2020,http://www.led-color.com/upload/201604/APA102-2020%20SMD%20LED.pdf,1,APA102-2020
D4071,APA102-2020,LED_SMD:LED-APA102-2020,http://www.led-color.com/upload/201604/APA102-2020%20SMD%20LED.pdf,1,APA102-2020
D4072,APA102-2020,LED_SMD:LED-APA102-2020,http://www.led-color.com/upload/201604/APA102-2020%20SMD%20LED.pdf,1,APA102-2020
D4073,APA102-2020,LED_SMD:LED-APA102-2020,http://www.led-color.com/upload/201604/APA102-2020%20SMD%20LED.pdf,1,APA102-2020
D4074,APA102-2020,LED_SMD:LED-APA102-2020,http://www.led-color.com/upload/201604/APA102-2020%20SMD%20LED.pdf,1,APA102-2020
D4075,APA102-2020,LED_SMD:LED-APA102-2020,http://www.led-color.com/upload/201604/APA102-2020%20SMD%20LED.pdf,1,APA102-2020
D4076,APA102-2020,LED_SMD:LED-APA102-2020,http://www.led-color.com/upload/201604/APA102-2020%20SMD%20LED.pdf,1,APA102-2020
D4077,APA102-2020,LED_SMD:LED-APA102-2020,http://www.led-color.com/upload/201604/APA102-2020%20SMD%20LED.pdf,1,APA102-2020
D4078,APA102-2020,LED_SMD:LED-APA102-2020,http://www.led-color.com/upload/201604/APA102-2020%20SMD%20LED.pdf,1,APA102-2020
D4079,APA102-2020,LED_SMD:LED-APA102-2020,http://www.led-color.com/upload/201604/APA102-2020%20SMD%20LED.pdf,1,APA102-2020
D4080,APA102-2020,LED_SMD:LED-APA102-2020,http://www.led-color.com/upload/201604/APA102-2020%20SMD%20LED.pdf,1,APA102-2020
D4081,APA102-2020,LED_SMD:LED-APA102-2020,http://www.led-color.com/upload/201604/APA102-2020%20SMD%20LED.pdf,1,APA102-2020
D4082,APA102-2020,LED_SMD:LED-APA102-2020,http://www.led-color.com/upload/201604/APA102-2020%20SMD%20LED.pdf,1,APA102-2020
D4083,APA102-2020,LED_SMD:LED-APA102-2020,http://www.led-color.com/upload/201604/APA102-2020%20SMD%20LED.pdf,1,APA102-2020
D4084,APA102-2020,LED_SMD:LED-APA102-2020,http://www.led-color.com/upload/201604/APA102-2020%20SMD%20LED.pdf,1,APA102-2020
D4085,APA102-2020,LED_SMD:LED-APA102-2020,http://www.led-color.com/upload/201604/APA102-2020%20SMD%20LED.pdf,1,APA102-2020
D4086,APA102-2020,LED_SMD:LED-APA102-2020,http://www.led-color.com/upload/201604/APA102-2020%20SMD%20LED.pdf,1,APA102-2020
D4087,APA102-2020,LED_SMD:LED-APA102-2020,http://www.led-color.com/upload/201604/APA102-2020%20SMD%20LED.pdf,1,APA102-2020
D4088,APA102-2020,LED_SMD:LED-APA102-2020,http://www.led-color.com/upload/201604/APA102-2020%20SMD%20LED.pdf,1,APA102-2020
D4089,APA102-2020,LED_SMD:LED-APA102-2020,http://www.led-color.com/upload/201604/APA102-2020%20SMD%20LED.pdf,1,APA102-2020
D4090,APA102-2020,LED_SMD:LED-APA102-2020,http://www.led-color.com/upload/201604/APA102-2020%20SMD%20LED.pdf,1,APA102-2020
D4091,APA102-2020,LED_SMD:LED-APA102-2020,http://www.led-color.com/upload/201604/APA102-2020%20SMD%20LED.pdf,1,APA102-2020
D4092,APA102-2020,LED_SMD:LED-APA102-2020,http://www.led-color.com/upload/201604/APA102-2020%20SMD%20LED.pdf,1,APA102-2020
D4093,APA102-2020,LED_SMD:LED-APA102-2020,http://www.led-color.com/upload/201604/APA102-2020%20SMD%20LED.pdf,1,APA102-2020
D4094,APA102-2020,LED_SMD:LED-APA102-2020,http://www.led-color.com/upload/201604/APA102-2020%20SMD%20LED.pdf,1,APA102-2020
D4095,APA102-2020,LED_SMD:LED-APA102-2020,http://www.led-color.com/upload/201604/APA102-2020%20SMD%20LED.pdf,1,APA102-2020
D4096,APA102-2020,LED_SMD:LED-APA102-2020,http://www.led-color.com/upload/201604/APA102-2020%20SMD%20LED.pdf,1,APA102-2020
D4097,APA102-2020,LED_SMD:LED-APA102-2020,http://www.led-color.com/upload/201604/APA102-2020%20SMD%20LED.pdf,1,APA102-2020
D4098,APA102-2020,LED_SMD:LED-APA102-2020,http://www.led-color.com/upload/201604/APA102-2020%20SMD%20LED.pdf,1,APA102-2020
D4099,APA102-2020,LED_SMD:LED-APA102-2020,http://www.led-color.com/upload/201604/APA102-2020%20SMD%20LED.pdf,1,APA102-2020
D4100,APA102-2020,LED_SMD:LED-APA102-2020,http://www.led-color.com/upload/201604/APA102-2020%20SMD%20LED.pdf,1,APA102-2020
D4101,APA102-2020,LED_SMD:LED-APA102-2020,http://www.led-color.com/upload/201604/APA102-2020%20SMD%20LED.pdf,1,APA102-2020
D4102,APA102-2020,LED_SMD:LED-APA102-2020,http://www.led-color.com/upload/201604/APA102-2020%20SMD%20LED.pdf,1,APA102-2020
D4103,APA102-2020,LED_SMD:LED-APA102-2020,http://www.led-color.com/upload/201604/APA102-2020%20SMD%20LED.pdf,1,APA102-2020
D4104,APA102-2020,LED_SMD:LED-APA102-2020,http://www.led-color.com/upload/201604/APA102-2020%20SMD%20LED.pdf,1,APA102-2020
D4105,APA102-2020,LED_SMD:LED-APA102-2020,http://www.led-color.com/upload/201604/APA102-2020%20SMD%20LED.pdf,1,APA102-2020
D4106,APA102-2020,LED_SMD:LED-APA102-2020,http://www.led-color.com/upload/201604/APA102-2020%20SMD%20LED.pdf,1,APA102-2020
D4107,APA102-2020,LED_SMD:LED-APA102-2020,http://www.led-color.com/upload/201604/APA102-2020%20SMD%20LED.pdf,1,APA102-2020
D4108,APA102-2020,LED_SMD:LED-APA102-2020,http://www.led-color.com/upload/201604/APA102-2020%20SMD%20LED.pdf,1,APA102-2020
D4109,APA102-2020,LED_SMD:LED-APA102-2020,http://www.led-color.com/upload/201604/APA102-2020%20SMD%20LED.pdf,1,APA102-2020
D4110,APA102-2020,LED_SMD:LED-APA102-2020,http://www.led-color.com/upload/201604/APA102-2020%20SMD%20LED.pdf,1,APA102-2020
D4111,APA102-2020,LED_SMD:LED-APA102-2020,http://www.led-color.com/upload/201604/APA102-2020%20SMD%20LED.pdf,1,APA102-2020
D4112,APA102-2020,LED_SMD:LED-APA102-2020,http://www.led-color.com/upload/201604/APA102-2020%20SMD%20LED.pdf,1,APA102-2020
D4113,APA102-2020,LED_SMD:LED-APA102-2020,http://www.led-color.com/upload/201604/APA102-2020%20SMD%20LED.pdf,1,APA102-2020
D4114,APA102-2020,LED_SMD:LED-APA102-2020,http://www.led-color.com/upload/201604/APA102-2020%20SMD%20LED.pdf,1,APA102-2020
D4115,APA102-2020,LED_SMD:LED-APA102-2020,http://www.led-color.com/upload/201604/APA102-2020%20SMD%20LED.pdf,1,APA102-2020
D4116,APA102-2020,LED_SMD:LED-APA102-2020,http://www.led-color.com/upload/201604/APA102-2020%20SMD%20LED.pdf,1,APA102-2020
D4117,APA102-2020,LED_SMD:LED-APA102-2020,http://www.led-color.com/upload/201604/APA102-2020%20SMD%20LED.pdf,1,APA102-2020
D4118,APA102-2020,LED_SMD:LED-APA102-2020,http://www.led-color.com/upload/201604/APA102-2020%20SMD%20LED.pdf,1,APA102-2020
D4119,APA102-2020,LED_SMD:LED-APA102-2020,http://www.led-color.com/upload/201604/APA102-2020%20SMD%20LED.pdf,1,APA102-2020
D4120,APA102-2020,LED_SMD:LED-APA102-2020,http://www.led-color.com/upload/201604/APA102-2020%20SMD%20LED.pdf,1,APA102-2020
D4121,APA102-2020,LED_SMD:LED-APA102-2020,http://www.led-color.com/upload/201604/APA102-2020%20SMD%20LED.pdf,1,APA102-2020
D4122,APA102-2020,LED_SMD:LED-APA102-2020,http://www.led-color.com/upload/201604/APA102-2020%20SMD%20LED.pdf,1,APA102-2020
D4123,APA102-2020,LED_SMD:LED-APA102-2020,http://www.led-color.com/upload/201604/APA102-2020%20SMD%20LED.pdf,1,APA102-2020
D4124,APA102-2020,LED_SMD:LED-APA102-2020,http://www.led-color.com/upload/201604/APA102-2020%20SMD%20LED.pdf,1,APA102-2020
D4125,APA102-2020,LED_SMD:LED-APA102-2020,http://www.led-color.com/upload/201604/APA102-2020%20SMD%20LED.pdf,1,APA102-2020
D4126,APA102-2020,LED_SMD:LED-APA102-2020,http://www.led-color.com/upload/201604/APA102-2020%20SMD%20LED.pdf,1,APA102-2020
D4127,APA102-2020,LED_SMD:LED-APA102-2020,http://www.led-color.com/upload/201604/APA102-2020%20SMD%20LED.pdf,1,APA102-2020
D4128,APA102-2020,LED_SMD:LED-APA102-2020,http://www.led-color.com/upload/201604/APA102-2020%20SMD%20LED.pdf,1,APA102-2020
D4129,APA102-2020,LED_SMD:LED-APA102-2020,http://www.led-color.com/upload/201604/APA102-2020%20SMD%20LED.pdf,1,APA102-2020
D4130,APA102-2020,LED_SMD:LED-APA102-2020,http://www.led-color.com/upload/201604/APA102-2020%20SMD%20LED.pdf,1,APA102-2020
D4131,APA102-2020,LED_SMD:LED-APA102-2020,http://www.led-color.com/upload/201604/APA102-2020%20SMD%20LED.pdf,1,APA102-2020
D4132,APA102-2020,LED_SMD:LED-APA102-2020,http://www.led-color.com/upload/201604/APA102-2020%20SMD%20LED.pdf,1,APA102-2020
D4133,APA102-2020,LED_SMD:LED-APA102-2020,http://www.led-color.com/upload/201604/APA102-2020%20SMD%20LED.pdf,1,APA102-2020
D4134,APA102-2020,LED_SMD:LED-APA102-2020,http://www.led-color.com/upload/201604/APA102-2020%20SMD%20LED.pdf,1,APA102-2020
D4135,APA102-2020,LED_SMD:LED-APA102-2020,http://www.led-color.com/upload/201604/APA102-2020%20SMD%20LED.pdf,1,APA102-2020
D4136,APA102-2020,LED_SMD:LED-APA102-2020,http://www.led-color.com/upload/201604/APA102-2020%20SMD%20LED.pdf,1,APA102-2020
D4137,APA102-2020,LED_SMD:LED-APA102-2020,http://www.led-color.com/upload/201604/APA102-2020%20SMD%20LED.pdf,1,APA102-2020
D4138,APA102-2020,LED_SMD:LED-APA102-2020,http://www.led-color.com/upload/201604/APA102-2020%20SMD%20LED.pdf,1,APA102-2020
D4139,APA102-2020,LED_SMD:LED-APA102-2020,http://www.led-color.com/upload/201604/APA102-2020%20SMD%20LED.pdf,1,APA102-2020
D4140,APA102-2020,LED_SMD:LED-APA102-2020,http://www.led-color.com/upload/201604/APA102-2020%20SMD%20LED.pdf,1,APA102-2020
D4141,APA102-2020,LED_SMD:LED-APA102-2020,http://www.led-color.com/upload/201604/APA102-2020%20SMD%20LED.pdf,1,APA102-2020
D4142,APA102-2020,LED_SMD:LED-APA102-2020,http://www.led-color.com/upload/201604/APA102-2020%20SMD%20LED.pdf,1,APA102-2020
D4143,APA102-2020,LED_SMD:LED-APA102-2020,http://www.led-color.com/upload/201604/APA102-2020%20SMD%20LED.pdf,1,APA102-2020
D4144,APA102-2020,LED_SMD:LED-APA102-2020,http://www.led-color.com/upload/201604/APA102-2020%20SMD%20LED.pdf,1,APA102-2020
D4145,APA102-2020,LED_SMD:LED-APA102-2020,http://www.led-color.com/upload/201604/APA102-2020%20SMD%20LED.pdf,1,APA102-2020
D4146,APA102-2020,LED_SMD:LED-APA102-2020,http://www.led-color.com/upload/201604/APA102-2020%20SMD%20LED.pdf,1,APA102-2020
D4147,APA102-2020,LED_SMD:LED-APA102-2020,http://www.led-color.com/upload/201604/APA102-2020%20SMD%20LED.pdf,1,APA102-2020
D4148,APA102-2020,LED_SMD:LED-APA102-2020,http://www.led-color.com/upload/201604/APA102-2020%20SMD%20LED.pdf,1,APA102-2020
D4149,APA102-2020,LED_SMD:LED-APA102-2020,http://www.led-color.com/upload/201604/APA102-2020%20SMD%20LED.pdf,1,APA102-2020
D4150,APA102-2020,LED_SMD:LED-APA102-2020,http://www.led-color.com/upload/201604/APA102-2020%20SMD%20LED.pdf,1,APA102-2020
D4151,APA102-2020,LED_SMD:LED-APA102-2020,http://www.led-color.com/upload/201604/APA102-2020%20SMD%20LED.pdf,1,APA102-2020
D4152,APA102-2020,LED_SMD:LED-APA102-2020,http://www.led-color.com/upload/201604/APA102-2020%20SMD%20LED.pdf,1,APA102-2020
D4153,APA102-2020,LED_SMD:LED-APA102-2020,http://www.led-color.com/upload/201604/APA102-2020%20SMD%20LED.pdf,1,APA102-2020
D4154,APA102-2020,LED_SMD:LED-APA102-2020,http://www.led-color.com/upload/201604/APA102-2020%20SMD%20LED.pdf,1,APA102-2020
D4155,APA102-2020,LED_SMD:LED-APA102-2020,http://www.led-color.com/upload/201604/APA102-2020%20SMD%20LED.pdf,1,APA102-2020
D4156,APA102-2020,LED_SMD:LED-APA102-2020,http://www.led-color.com/upload/201604/APA102-2020%20SMD%20LED.pdf,1,APA102-2020
D4157,APA102-2020,LED_SMD:LED-APA102-2020,http://www.led-color.com/upload/201604/APA102-2020%20SMD%20LED.pdf,1,APA102-2020
D4158,APA102-2020,LED_SMD:LED-APA102-2020,http://www.led-color.com/upload/201604/APA102-2020%20SMD%20LED.pdf,1,APA102-2020
D4159,APA102-2020,LED_SMD:LED-APA102-2020,http://www.led-color.com/upload/201604/APA102-2020%20SMD%20LED.pdf,1,APA102-2020
D4160,APA102-2020,LED_SMD:LED-APA102-2020,http://www.led-color.com/upload/201604/APA102-2020%20SMD%20LED.pdf,1,APA102-2020
D4161,APA102-2020,LED_SMD:LED-APA102-2020,http://www.led-color.com/upload/201604/APA102-2020%20SMD%20LED.pdf,1,APA102-2020
D4162,APA102-2020,LED_SMD:LED-APA102-2020,http://www.led-color.com/upload/201604/APA102-2020%20SMD%20LED.pdf,1,APA102-2020
D4163,APA102-2020,LED_SMD:LED-APA102-2020,http://www.led-color.com/upload/201604/APA102-2020%20SMD%20LED.pdf,1,APA102-2020
D4164,APA102-2020,LED_SMD:LED-APA102-2020,http://www.led-color.com/upload/201604/APA102-2020%20SMD%20LED.pdf,1,APA102-2020
D4165,APA102-2020,LED_SMD:LED-APA102-2020,http://www.led-color.com/upload/201604/APA102-2020%20SMD%20LED.pdf,1,APA102-2020
D4166,APA102-2020,LED_SMD:LED-APA102-2020,http://www.led-color.com/upload/201604/APA102-2020%20SMD%20LED.pdf,1,APA102-2020
D4167,APA102-2020,LED_SMD:LED-APA102-2020,http://www.led-color.com/upload/201604/APA102-2020%20SMD%20LED.pdf,1,APA102-2020
D4168,APA102-2020,LED_SMD:LED-APA102-2020,http://www.led-color.com/upload/201604/APA102-2020%20SMD%20LED.pdf,1,APA102-2020
D4169,APA102-2020,LED_SMD:LED-APA102-2020,http://www.led-color.com/upload/201604/APA102-2020%20SMD%20LED.pdf,1,APA102-2020
D4170,APA102-2020,LED_SMD:LED-APA102-2020,http://www.led-color.com/upload/201604/APA102-2020%20SMD%20LED.pdf,1,APA102-2020
D4171,APA102-2020,LED_SMD:LED-APA102-2020,http://www.led-color.com/upload/201604/APA102-2020%20SMD%20LED.pdf,1,APA102-2020
D4172,APA102-2020,LED_SMD:LED-APA102-2020,http://www.led-color.com/upload/201604/APA102-2020%20SMD%20LED.pdf,1,APA102-2020
D4173,APA102-2020,LED_SMD:LED-APA102-2020,http://www.led-color.com/upload/201604/APA102-2020%20SMD%20LED.pdf,1,APA102-2020
D4174,APA102-2020,LED_SMD:LED-APA102-2020,http://www.led-color.com/upload/201604/APA102-2020%20SMD%20LED.pdf,1,APA102-2020
D4175,APA102-2020,LED_SMD:LED-APA102-2020,http://www.led-color.com/upload/201604/APA102-2020%20SMD%20LED.pdf,1,APA102-2020
D4176,APA102-2020,LED_SMD:LED-APA102-2020,http://www.led-color.com/upload/201604/APA102-2020%20SMD%20LED.pdf,1,APA102-2020
D4177,APA102-2020,LED_SMD:LED-APA102-2020,http://www.led-color.com/upload/201604/APA102-2020%20SMD%20LED.pdf,1,APA102-2020
D4178,APA102-2020,LED_SMD:LED-APA102-2020,http://www.led-color.com/upload/201604/APA102-2020%20SMD%20LED.pdf,1,APA102-2020
D4179,APA102-2020,LED_SMD:LED-APA102-2020,http://www.led-color.com/upload/201604/APA102-2020%20SMD%20LED.pdf,1,APA102-2020
D4180,APA102-2020,LED_SMD:LED-APA102-2020,http://www.led-color.com/upload/201604/APA102-2020%20SMD%20LED.pdf,1,APA102-2020
D4181,APA102-2020,LED_SMD:LED-APA102-2020,http://www.led-color.com/upload/201604/APA102-2020%20SMD%20LED.pdf,1,APA102-2020
D4182,APA102-2020,LED_SMD:LED-APA102-2020,http://www.led-color.com/upload/201604/APA102-2020%20SMD%20LED.pdf,1,APA102-2020
D4183,APA102-2020,LED_SMD:LED-APA102-2020,http://www.led-color.com/upload/201604/APA102-2020%20SMD%20LED.pdf,1,APA102-2020
D4184,APA102-2020,LED_SMD:LED-APA102-2020,http://www.led-color.com/upload/201604/APA102-2020%20SMD%20LED.pdf,1,APA102-2020
D4185,APA102-2020,LED_SMD:LED-APA102-2020,http://www.led-color.com/upload/201604/APA102-2020%20SMD%20LED.pdf,1,APA102-2020
D4186,APA102-2020,LED_SMD:LED-APA102-2020,http://www.led-color.com/upload/201604/APA102-2020%20SMD%20LED.pdf,1,APA102-2020
D4187,APA102-2020,LED_SMD:LED-APA102-2020,http://www.led-color.com/upload/201604/APA102-2020%20SMD%20LED.pdf,1,APA102-2020
D4188,APA102-2020,LED_SMD:LED-APA102-2020,http://www.led-color.com/upload/201604/APA102-2020%20SMD%20LED.pdf,1,APA102-2020
D4189,APA102-2020,LED_SMD:LED-APA102-2020,http://www.led-color.com/upload/201604/APA102-2020%20SMD%20LED.pdf,1,APA102-2020
D4190,APA102-2020,LED_SMD:LED-APA102-2020,http://www.led-color.com/upload/201604/APA102-2020%20SMD%20LED.pdf,1,APA102-2020
D4191,APA102-2020,LED_SMD:LED-APA102-2020,http://www.led-color.com/upload/201604/APA102-2020%20SMD%20LED.pdf,1,APA102-2020
D4192,APA102-2020,LED_SMD:LED-APA102-2020,http://www.led-color.com/upload/201604/APA102-2020%20SMD%20LED.pdf,1,APA102-2020
D4193,APA102-2020,LED_SMD:LED-APA102-2020,http://www.led-color.com/upload/201604/APA102-2020%20SMD%20LED.pdf,1,APA102-2020
D4194,APA102-2020,LED_SMD:LED-APA102-2020,http://www.led-color.com/upload/201604/APA102-2020%20SMD%20LED.pdf,1,APA102-2020
D4195,APA102-2020,LED_SMD:LED-APA102-2020,http://www.led-color.com/upload/201604/APA102-2020%20SMD%20LED.pdf,1,APA102-2020
D4196,APA102-2020,LED_SMD:LED-APA102-2020,http://www.led-color.com/upload/201604/APA102-2020%20SMD%20LED.pdf,1,APA102-2020
D4197,APA102-2020,LED_SMD:LED-APA102-2020,http://www.led-color.com/upload/201604/APA102-2020%20SMD%20LED.pdf,1,APA102-2020
D4198,APA102-2020,LED_SMD:LED-APA102-2020,http://www.led-color.com/upload/201604/APA102-2020%20SMD%20LED.pdf,1,APA102-2020
D4199,APA102-2020,LED_SMD:LED-APA102-2020,http://www.led-color.com/upload/201604/APA102-2020%20SMD%20LED.pdf,1,APA102-2020
D4200,APA102-2020,LED_SMD:LED-APA102-2020,http://www.led-color.com/upload/201604/APA102-2020%20SMD%20LED.pdf,1,APA102-2020