Ref,Val,Package,PosX,PosY,Rot,Side
D1,APA102-2020,LED-APA102-2020,156.525,-99.2,180,top
D2,APA102-2020,LED-APA102-2020,160.525,-99.2,180,top
D3,APA102-2020,LED-APA102-2020,164.525,-99.2,180,top
D4,APA102-2020,LED-APA102-2020,168.525,-99.2,180,top
D5,APA102-2020,LED-APA102-2020,172.525,-99.2,180,top
D6,APA102-2020,LED-APA102-2020,176.525,-99.2,180,top
D7,APA102-2020,LED-APA102-2020,180.525,-99.2,180,top
D8,APA102-2020,LED-APA102-2020,184.525,-99.2,180,top
D9,APA102-2020,LED-APA102-2020,188.525,-99.2,180,top
D10,APA102-2020,LED-APA102-2020,192.525,-99.2,180,top
D11,APA102-2020,LED-APA102-2020,196.525,-99.2,180,top
D12,APA102-2020,LED-APA102-2020,200.525,-99.2,180,top
D13,APA102-2020,LED-APA102-2020,204.525,-99.2,180,top
D14,APA102-2020,LED-APA102-2020,208.525,-99.2,180,top
D15,APA102-2020,LED-APA102-2020,212.525,-99.2,180,top
D16,APA102-2020,LED-APA102-2020,216.525,-99.2,180,top
D17,APA102-2020,LED-APA102-2020,220.525,-99.2,180,top
D18,APA102-2020,LED-APA102-2020,224.525,-99.2,180,top
D19,APA102-2020,LED-APA102-2020,228.525,-99.2,180,top
D20,APA102-2020,LED-APA102-2020,232.525,-99.2,180,top
D21,APA102-2020,LED-APA102-2020,236.525,-99.2,180,top
D22,APA102-2020,LED-APA102-2020,240.525,-99.2,180,top
D23,APA102-2020,LED-APA102-2020,244.525,-99.2,180,top
D24,APA102-2020,LED-APA102-2020,248.525,-99.2,180,top
D25,APA102-2020,LED-APA102-2020,252.525,-99.2,180,top
D26,APA102-2020,LED-APA102-2020,256.525,-99.2,180,top
D27,APA102-2020,LED-APA102-2020,260.525,-99.2,180,top
D28,APA102-2020,LED-APA102-2020,264.525,-99.2,180,top
D29,APA102-2020,LED-APA102-2020,268.525,-99.2,180,top
D30,APA102-2020,LED-APA102-2020,272.525,-99.2,180,top
D31,APA102-2020,LED-APA102-2020,276.525,-99.2,180,top
D32,APA102-2020,LED-APA102-2020,280.525,-99.2,180,top
D33,APA102-2020,LED-APA102-2020,284.525,-99.2,180,top
D34,APA102-2020,LED-APA102-2020,288.525,-99.2,180,top
D35,APA102-2020,LED-APA102-2020,292.525,-99.2,180,top
D36,APA102-2020,LED-APA102-2020,296.525,-99.2,180,top
D37,APA102-2020,LED-APA102-2020,300.525,-99.2,180,top
D38,APA102-2020,LED-APA102-2020,304.525,-99.2,180,top
D39,APA102-2020,LED-APA102-2020,308.525,-99.2,180,top
D40,APA102-2020,LED-APA102-2020,312.525,-99.2,180,top
D41,APA102-2020,LED-APA102-2020,316.525,-99.2,180,top
D42,APA102-2020,LED-APA102-2020,320.525,-99.2,180,top
D43,APA102-2020,LED-APA102-2020,324.525,-99.2,180,top
D44,APA102-2020,LED-APA102-2020,328.525,-99.2,180,top
D45,APA102-2020,LED-APA102-2020,332.525,-99.2,180,top
D46,APA102-2020,LED-APA102-2020,336.525,-99.2,180,top
D47,APA102-2020,LED-APA102-2020,340.525,-99.2,180,top
D48,APA102-2020,LED-APA102-2020,344.525,-99.2,180,top
D49,APA102-2020,LED-APA102-2020,348.525,-99.2,180,top
D50,APA102-2020,LED-APA102-2020,352.525,-99.2,180,top
D51,APA102-2020,LED-APA102-2020,356.525,-99.2,180,top
D52,APA102-2020,LED-APA102-2020,360.525,-99.2,180,top
D53,APA102-2020,LED-APA102-2020,364.525,-99.2,180,top
D54,APA102-2020,LED-APA102-2020,368.525,-99.2,180,top
D55,APA102-2020,LED-APA102-2020,372.525,-99.2,180,top
D56,APA102-2020,LED-APA102-2020,376.525,-99.2,180,top
D57,APA102-2020,LED-APA102-2020,380.525,-99.2,180,top
D58,APA102-2020,LED-APA102-2020,384.525,-99.2,180,top
D59,APA102-2020,LED-APA102-2020,388.525,-99.2,180,top
D60,APA102-2020,LED-APA102-2020,392.525,-99.2,180,top
D61,APA102-2020,LED-APA102-2020,396.525,-99.2,180,top
D62,APA102-2020,LED-APA102-2020,400.525,-99.2,180,top
D63,APA102-2020,LED-APA102-2020,404.525,-99.2,180,top
D64,APA102-2020,LED-APA102-2020,408.525,-99.2,180,top
D65,APA102-2020,LED-APA102-2020,412.525,-99.2,180,top
D66,APA102-2020,LED-APA102-2020,416.525,-99.2,180,top
D67,APA102-2020,LED-APA102-2020,420.525,-99.2,180,top
D68,APA102-2020,LED-APA102-2020,424.525,-99.2,180,top
D69,APA102-2020,LED-APA102-2020,428.525,-99.2,180,top
D70,APA102-2020,LED-APA102-2020,432.525,-99.2,180,top
D71,APA102-2020,LED-APA102-2020,156.525,-103.2,180,top
D72,APA102-2020,LED-APA102-2020,160.525,-103.2,180,top
D73,APA102-2020,LED-APA102-2020,164.525,-103.2,180,top
D74,APA102-2020,LED-APA102-2020,168.525,-103.2,180,top
D75,APA102-2020,LED-APA102-2020,172.525,-103.2,180,top
D76,APA102-2020,LED-APA102-2020,176.525,-103.2,180,top
D77,APA102-2020,LED-APA102-2020,180.525,-103.2,180,top
D78,APA102-2020,LED-APA102-2020,184.525,-103.2,180,top
D79,APA102-2020,LED-APA102-2020,188.525,-103.2,180,top
D80,APA102-2020,LED-APA102-2020,192.525,-103.2,180,top
D81,APA102-2020,LED-APA102-2020,196.525,-103.2,180,top
D82,APA102-2020,LED-APA102-2020,200.525,-103.2,180,top
D83,APA102-2020,LED-APA102-2020,204.525,-103.2,180,top
D84,APA102-2020,LED-APA102-2020,208.525,-103.2,180,top
D85,APA102-2020,LED-APA102-2020,212.525,-103.2,180,top
D86,APA102-2020,LED-APA102-2020,216.525,-103.2,180,top
D87,APA102-2020,LED-APA102-2020,220.525,-103.2,180,top
D88,APA102-2020,LED-APA102-2020,224.525,-103.2,180,top
D89,APA102-2020,LED-APA102-2020,228.525,-103.2,180,top
D90,APA102-2020,LED-APA102-2020,232.525,-103.2,180,top
D91,APA102-2020,LED-APA102-2020,236.525,-103.2,180,top
D92,APA102-2020,LED-APA102-2020,240.525,-103.2,180,top
D93,APA102-2020,LED-APA102-2020,244.525,-103.2,180,top
D94,APA102-2020,LED-APA102-2020,248.525,-103.2,180,top
D95,APA102-2020,LED-APA102-2020,252.525,-103.2,180,top
D96,APA102-2020,LED-APA102-2020,256.525,-103.2,180,top
D97,APA102-2020,LED-APA102-2020,260.525,-103.2,180,top
D98,APA102-2020,LED-APA102-2020,264.525,-103.2,180,top
D99,APA102-2020,LED-APA102-2020,268.525,-103.2,180,top
D100,APA102-2020,LED-APA102-2020,272.525,-103.2,180,top
D101,APA102-2020,LED-APA102-2020,276.525,-103.2,180,top
D102,APA102-2020,LED-APA102-2020,280.525,-103.2,180,top
D103,APA102-2020,LED-APA102-2020,284.525,-103.2,180,top
D104,APA102-2020,LED-APA102-2020,288.525,-103.2,180,top
D105,APA102-2020,LED-APA102-2020,292.525,-103.2,180,top
D106,APA102-2020,LED-APA102-2020,296.525,-103.2,180,top
D107,APA102-2020,LED-APA102-2020,300.525,-103.2,180,top
D108,APA102-2020,LED-APA102-2020,304.525,-103.2,180,top
D109,APA102-2020,LED-APA102-2020,308.525,-103.2,180,top
D110,APA102-2020,LED-APA102-2020,312.525,-103.2,180,top
D111,APA102-2020,LED-APA102-2020,316.525,-103.2,180,top
D112,APA102-2020,LED-APA102-2020,320.525,-103.2,180,top
D113,APA102-2020,LED-APA102-2020,324.525,-103.2,180,top
D114,APA102-2020,LED-APA102-2020,328.525,-103.2,180,top
D115,APA102-2020,LED-APA102-2020,332.525,-103.2,180,top
D116,APA102-2020,LED-APA102-2020,336.525,-103.2,180,top
D117,APA102-2020,LED-APA102-2020,340.525,-103.2,180,top
D118,APA102-2020,LED-APA102-2020,344.525,-103.2,180,top
D119,APA102-2020,LED-APA102-2020,348.525,-103.2,180,top
D120,APA102-2020,LED-APA102-2020,352.525,-103.2,180,top
D121,APA102-2020,LED-APA102-2020,356.525,-103.2,180,top
D122,APA102-2020,LED-APA102-2020,360.525,-103.2,180,top
D123,APA102-2020,LED-APA102-2020,364.525,-103.2,180,top
D124,APA102-2020,LED-APA102-2020,368.525,-103.2,180,top
D125,APA102-2020,LED-APA102-2020,372.525,-103.2,180,top
D126,APA102-2020,LED-APA102-2020,376.525,-103.2,180,top
D127,APA102-2020,LED-APA102-2020,380.525,-103.2,180,top
D128,APA102-2020,LED-APA102-2020,384.525,-103.2,180,top
D129,APA102-2020,LED-APA102-2020,388.525,-103.2,180,top
D130,APA102-2020,LED-APA102-2020,392.525,-103.2,180,top
D131,APA102-2020,LED-APA102-2020,396.525,-103.2,180,top
D132,APA102-2020,LED-APA102-2020,400.525,-103.2,180,top
D133,APA102-2020,LED-APA102-2020,404.525,-103.2,180,top
D134,APA102-2020,LED-APA102-2020,408.525,-103.2,180,top
D135,APA102-2020,LED-APA102-2020,412.525,-103.2,180,top
D136,APA102-2020,LED-APA102-2020,416.525,-103.2,180,top
D137,APA102-2020,LED-APA102-2020,420.525,-103.2,180,top
D138,APA102-2020,LED-APA102-2020,424.525,-103.2,180,top
D139,APA102-2020,LED-APA102-2020,428.525,-103.2,180,top
D140,APA102-2020,LED-APA102-2020,432.525,-103.2,180,top
D141,APA102-2020,LED-APA102-2020,156.525,-107.2,180,top
D142,APA102-2020,LED-APA102-2020,160.525,-107.2,180,top
D143,APA102-2020,LED-APA102-2020,164.525,-107.2,180,top
D144,APA102-2020,LED-APA102-2020,168.525,-107.2,180,top
D145,APA102-2020,LED-APA102-2020,172.525,-107.2,180,top
D146,APA102-2020,LED-APA102-2020,176.525,-107.2,180,top
D147,APA102-2020,LED-APA102-2020,180.525,-107.2,180,top
D148,APA102-2020,LED-APA102-2020,184.525,-107.2,180,top
D149,APA102-2020,LED-APA102-2020,188.525,-107.2,180,top
D150,APA102-2020,LED-APA102-2020,192.525,-107.2,180,top
D151,APA102-2020,LED-APA102-2020,196.525,-107.2,180,top
D152,APA102-2020,LED-APA102-2020,200.525,-107.2,180,top
D153,APA102-2020,LED-APA102-2020,204.525,-107.2,180,top
D154,APA102-2020,LED-APA102-2020,208.525,-107.2,180,top
D155,APA102-2020,LED-APA102-2020,212.525,-107.2,180,top
D156,APA102-2020,LED-APA102-2020,216.525,-107.2,180,top
D157,APA102-2020,LED-APA102-2020,220.525,-107.2,180,top
D158,APA102-2020,LED-APA102-2020,224.525,-107.2,180,top
D159,APA102-2020,LED-APA102-2020,228.525,-107.2,180,top
D160,APA102-2020,LED-APA102-2020,232.525,-107.2,180,top
D161,APA102-2020,LED-APA102-2020,236.525,-107.2,180,top
D162,APA102-2020,LED-APA102-2020,240.525,-107.2,180,top
D163,APA102-2020,LED-APA102-2020,244.525,-107.2,180,top
D164,APA102-2020,LED-APA102-2020,248.525,-107.2,180,top
D165,APA102-2020,LED-APA102-2020,252.525,-107.2,180,top
D166,APA102-2020,LED-APA102-2020,256.525,-107.2,180,top
D167,APA102-2020,LED-APA102-2020,260.525,-107.2,180,top
D168,APA102-2020,LED-APA102-2020,264.525,-107.2,180,top
D169,APA102-2020,LED-APA102-2020,268.525,-107.2,180,top
D170,APA102-2020,LED-APA102-2020,272.525,-107.2,180,top
D171,APA102-2020,LED-APA102-2020,276.525,-107.2,180,top
D172,APA102-2020,LED-APA102-2020,280.525,-107.2,180,top
D173,APA102-2020,LED-APA102-2020,284.525,-107.2,180,top
D174,APA102-2020,LED-APA102-2020,288.525,-107.2,180,top
D175,APA102-2020,LED-APA102-2020,292.525,-107.2,180,top
D176,APA102-2020,LED-APA102-2020,296.525,-107.2,180,top
D177,APA102-2020,LED-APA102-2020,300.525,-107.2,180,top
D178,APA102-2020,LED-APA102-2020,304.525,-107.2,180,top
D179,APA102-2020,LED-APA102-2020,308.525,-107.2,180,top
D180,APA102-2020,LED-APA102-2020,312.525,-107.2,180,top
D181,APA102-2020,LED-APA102-2020,316.525,-107.2,180,top
D182,APA102-2020,LED-APA102-2020,320.525,-107.2,180,top
D183,APA102-2020,LED-APA102-2020,324.525,-107.2,180,top
D184,APA102-2020,LED-APA102-2020,328.525,-107.2,180,top
D185,APA102-2020,LED-APA102-2020,332.525,-107.2,180,top
D186,APA102-2020,LED-APA102-2020,336.525,-107.2,180,top
D187,APA102-2020,LED-APA102-2020,340.525,-107.2,180,top
D188,APA102-2020,LED-APA102-2020,344.525,-107.2,180,top
D189,APA102-2020,LED-APA102-2020,348.525,-107.2,180,top
D190,APA102-2020,LED-APA102-2020,352.525,-107.2,180,top
D191,APA102-2020,LED-APA102-2020,356.525,-107.2,180,top
D192,APA102-2020,LED-APA102-2020,360.525,-107.2,180,top
D193,APA102-2020,LED-APA102-2020,364.525,-107.2,180,top
D194,APA102-2020,LED-APA102-2020,368.525,-107.2,180,top
D195,APA102-2020,LED-APA102-2020,372.525,-107.2,180,top
D196,APA102-2020,LED-APA102-2020,376.525,-107.2,180,top
D197,APA102-2020,LED-APA102-2020,380.525,-107.2,180,top
D198,APA102-2020,LED-APA102-2020,384.525,-107.2,180,top
D199,APA102-2020,LED-APA102-2020,388.525,-107.2,180,top
D200,APA102-2020,LED-APA102-2020,392.525,-107.2,180,top
D201,APA102-2020,LED-APA102-2020,396.525,-107.2,180,top
D202,APA102-2020,LED-APA102-2020,400.525,-107.2,180,top
D203,APA102-2020,LED-APA102-2020,404.525,-107.2,180,top
D204,APA102-2020,LED-APA102-2020,408.525,-107.2,180,top
D205,APA102-2020,LED-APA102-2020,412.525,-107.2,180,top
D206,APA102-2020,LED-APA102-2020,416.525,-107.2,180,top
D207,APA102-2020,LED-APA102-2020,420.525,-107.2,180,top
D208,APA102-2020,LED-APA102-2020,424.525,-107.2,180,top
D209,APA102-2020,LED-APA102-2020,428.525,-107.2,180,top
D210,APA102-2020,LED-APA102-2020,432.525,-107.2,180,top
D211,APA102-2020,LED-APA102-2020,156.525,-111.2,180,top
D212,APA102-2020,LED-APA102-2020,160.525,-111.2,180,top
D213,APA102-2020,LED-APA102-2020,164.525,-111.2,180,top
D214,APA102-2020,LED-APA102-2020,168.525,-111.2,180,top
D215,APA102-2020,LED-APA102-2020,172.525,-111.2,180,top
D216,APA102-2020,LED-APA102-2020,176.525,-111.2,180,top
D217,APA102-2020,LED-APA102-2020,180.525,-111.2,180,top
D218,APA102-2020,LED-APA102-2020,184.525,-111.2,180,top
D219,APA102-2020,LED-APA102-2020,188.525,-111.2,180,top
D220,APA102-2020,LED-APA102-2020,192.525,-111.2,180,top
D221,APA102-2020,LED-APA102-2020,196.525,-111.2,180,top
D222,APA102-2020,LED-APA102-2020,200.525,-111.2,180,top
D223,APA102-2020,LED-APA102-2020,204.525,-111.2,180,top
D224,APA102-2020,LED-APA102-2020,208.525,-111.2,180,top
D225,APA102-2020,LED-APA102-2020,212.525,-111.2,180,top
D226,APA102-2020,LED-APA102-2020,216.525,-111.2,180,top
D227,APA102-2020,LED-APA102-2020,220.525,-111.2,180,top
D228,APA102-2020,LED-APA102-2020,224.525,-111.2,180,top
D229,APA102-2020,LED-APA102-2020,228.525,-111.2,180,top
D230,APA102-2020,LED-APA102-2020,232.525,-111.2,180,top
D231,APA102-2020,LED-APA102-2020,236.525,-111.2,180,top
D232,APA102-2020,LED-APA102-2020,240.525,-111.2,180,top
D233,APA102-2020,LED-APA102-2020,244.525,-111.2,180,top
D234,APA102-2020,LED-APA102-2020,248.525,-111.2,180,top
D235,APA102-2020,LED-APA102-2020,252.525,-111.2,180,top
D236,APA102-2020,LED-APA102-2020,256.525,-111.2,180,top
D237,APA102-2020,LED-APA102-2020,260.525,-111.2,180,top
D238,APA102-2020,LED-APA102-2020,264.525,-111.2,180,top
D239,APA102-2020,LED-APA102-2020,268.525,-111.2,180,top
D240,APA102-2020,LED-APA102-2020,272.525,-111.2,180,top
D241,APA102-2020,LED-APA102-2020,276.525,-111.2,180,top
D242,APA102-2020,LED-APA102-2020,280.525,-111.2,180,top
D243,APA102-2020,LED-APA102-2020,284.525,-111.2,180,top
D244,APA102-2020,LED-APA102-2020,288.525,-111.2,180,top
D245,APA102-2020,LED-APA102-2020,292.525,-111.2,180,top
D246,APA102-2020,LED-APA102-2020,296.525,-111.2,180,top
D247,APA102-2020,LED-APA102-2020,300.525,-111.2,180,top
D248,APA102-2020,LED-APA102-2020,304.525,-111.2,180,top
D249,APA102-2020,LED-APA102-2020,308.525,-111.2,180,top
D250,APA102-2020,LED-APA102-2020,312.525,-111.2,180,top
D251,APA102-2020,LED-APA102-2020,316.525,-111.2,180,top
D252,APA102-2020,LED-APA102-2020,320.525,-111.2,180,top
D253,APA102-2020,LED-APA102-2020,324.525,-111.2,180,top
D254,APA102-2020,LED-APA102-2020,328.525,-111.2,180,top
D255,APA102-2020,LED-APA102-2020,332.525,-111.2,180,top
D256,APA102-2020,LED-APA102-2020,336.525,-111.2,180,top
D257,APA102-2020,LED-APA102-2020,340.525,-111.2,180,top
D258,APA102-2020,LED-APA102-2020,344.525,-111.2,180,top
D259,APA102-2020,LED-APA102-2020,348.525,-111.2,180,top
D260,APA102-2020,LED-APA102-2020,352.525,-111.2,180,top
D261,APA102-2020,LED-APA102-2020,356.525,-111.2,180,top
D262,APA102-2020,LED-APA102-2020,360.525,-111.2,180,top
D263,APA102-2020,LED-APA102-2020,364.525,-111.2,180,top
D264,APA102-2020,LED-APA102-2020,368.525,-111.2,180,top
D265,APA102-2020,LED-APA102-2020,372.525,-111.2,180,top
D266,APA102-2020,LED-APA102-2020,376.525,-111.2,180,top
D267,APA102-2020,LED-APA102-2020,380.525,-111.2,180,top
D268,APA102-2020,LED-APA102-2020,384.525,-111.2,180,top
D269,APA102-2020,LED-APA102-2020,388.525,-111.2,180,top
D270,APA102-2020,LED-APA102-2020,392.525,-111.2,180,top
D271,APA102-2020,LED-APA102-2020,396.525,-111.2,180,top
D272,APA102-2020,LED-APA102-2020,400.525,-111.2,180,top
D273,APA102-2020,LED-APA102-2020,404.525,-111.2,180,top
D274,APA102-2020,LED-APA102-2020,408.525,-111.2,180,top
D275,APA102-2020,LED-APA102-2020,412.525,-111.2,180,top
D276,APA102-2020,LED-APA102-2020,416.525,-111.2,180,top
D277,APA102-2020,LED-APA102-2020,420.525,-111.2,180,top
D278,APA102-2020,LED-APA102-2020,424.525,-111.2,180,top
D279,APA102-2020,LED-APA102-2020,428.525,-111.2,180,top
D280,APA102-2020,LED-APA102-2020,432.525,-111.2,180,top
D281,APA102-2020,LED-APA102-2020,156.525,-115.2,180,top
D282,APA102-2020,LED-APA102-2020,160.525,-115.2,180,top
D283,APA102-2020,LED-APA102-2020,164.525,-115.2,180,top
D284,APA102-2020,LED-APA102-2020,168.525,-115.2,180,top
D285,APA102-2020,LED-APA102-2020,172.525,-115.2,180,top
D286,APA102-2020,LED-APA102-2020,176.525,-115.2,180,top
D287,APA102-2020,LED-APA102-2020,180.525,-115.2,180,top
D288,APA102-2020,LED-APA102-2020,184.525,-115.2,180,top
D289,APA102-2020,LED-APA102-2020,188.525,-115.2,180,top
D290,APA102-2020,LED-APA102-2020,192.525,-115.2,180,top
D291,APA102-2020,LED-APA102-2020,196.525,-115.2,180,top
D292,APA102-2020,LED-APA102-2020,200.525,-115.2,180,top
D293,APA102-2020,LED-APA102-2020,204.525,-115.2,180,top
D294,APA102-2020,LED-APA102-2020,208.525,-115.2,180,top
D295,APA102-2020,LED-APA102-2020,212.525,-115.2,180,top
D296,APA102-2020,LED-APA102-2020,216.525,-115.2,180,top
D297,APA102-2020,LED-APA102-2020,220.525,-115.2,180,top
D298,APA102-2020,LED-APA102-2020,224.525,-115.2,180,top
D299,APA102-2020,LED-APA102-2020,228.525,-115.2,180,top
D300,APA102-2020,LED-APA102-2020,232.525,-115.2,180,top
D301,APA102-2020,LED-APA102-2020,236.525,-115.2,180,top
D302,APA102-2020,LED-APA102-2020,240.525,-115.2,180,top
D303,APA102-2020,LED-APA102-2020,244.525,-115.2,180,top
D304,APA102-2020,LED-APA102-2020,248.525,-115.2,180,top
D305,APA102-2020,LED-APA102-2020,252.525,-115.2,180,top
D306,APA102-2020,LED-APA102-2020,256.525,-115.2,180,top
D307,APA102-2020,LED-APA102-2020,260.525,-115.2,180,top
D308,APA102-2020,LED-APA102-2020,264.525,-115.2,180,top
D309,APA102-2020,LED-APA102-2020,268.525,-115.2,180,top
D310,APA102-2020,LED-APA102-2020,272.525,-115.2,180,top
D311,APA102-2020,LED-APA102-2020,276.525,-115.2,180,top
D312,APA102-2020,LED-APA102-2020,280.525,-115.2,180,top
D313,APA102-2020,LED-APA102-2020,284.525,-115.2,180,top
D314,APA102-2020,LED-APA102-2020,288.525,-115.2,180,top
D315,APA102-2020,LED-APA102-2020,292.525,-115.2,180,top
D316,APA102-2020,LED-APA102-2020,296.525,-115.2,180,top
D317,APA102-2020,LED-APA102-2020,300.525,-115.2,180,top
D318,APA102-2020,LED-APA102-2020,304.525,-115.2,180,top
D319,APA102-2020,LED-APA102-2020,308.525,-115.2,180,top
D320,APA102-2020,LED-APA102-2020,312.525,-115.2,180,top
D321,APA102-2020,LED-APA102-2020,316.525,-115.2,180,top
D322,APA102-2020,LED-APA102-2020,320.525,-115.2,180,top
D323,APA102-2020,LED-APA102-2020,324.525,-115.2,180,top
D324,APA102-2020,LED-APA102-2020,328.525,-115.2,180,top
D325,APA102-2020,LED-APA102-2020,332.525,-115.2,180,top
D326,APA102-2020,LED-APA102-2020,336.525,-115.2,180,top
D327,APA102-2020,LED-APA102-2020,340.525,-115.2,180,top
D328,APA102-2020,LED-APA102-2020,344.525,-115.2,180,top
D329,APA102-2020,LED-APA102-2020,348.525,-115.2,180,top
D330,APA102-2020,LED-APA102-2020,352.525,-115.2,180,top
D331,APA102-2020,LED-APA102-2020,356.525,-115.2,180,top
D332,APA102-2020,LED-APA102-2020,360.525,-115.2,180,top
D333,APA102-2020,LED-APA102-2020,364.525,-115.2,180,top
D334,APA102-2020,LED-APA102-2020,368.525,-115.2,180,top
D335,APA102-2020,LED-APA102-2020,372.525,-115.2,180,top
D336,APA102-2020,LED-APA102-2020,376.525,-115.2,180,top
D337,APA102-2020,LED-APA102-2020,380.525,-115.2,180,top
D338,APA102-2020,LED-APA102-2020,384.525,-115.2,180,top
D339,APA102-2020,LED-APA102-2020,388.525,-115.2,180,top
D340,APA102-2020,LED-APA102-2020,392.525,-115.2,180,top
D341,APA102-2020,LED-APA102-2020,396.525,-115.2,180,top
D342,APA102-2020,LED-APA102-2020,400.525,-115.2,180,top
D343,APA102-2020,LED-APA102-2020,404.525,-115.2,180,top
D344,APA102-2020,LED-APA102-2020,408.525,-115.2,180,top
D345,APA102-2020,LED-APA102-2020,412.525,-115.2,180,top
D346,APA102-2020,LED-APA102-2020,416.525,-115.2,180,top
D347,APA102-2020,LED-APA102-2020,420.525,-115.2,180,top
D348,APA102-2020,LED-APA102-2020,424.525,-115.2,180,top
D349,APA102-2020,LED-APA102-2020,428.525,-115.2,180,top
D350,APA102-2020,LED-APA102-2020,432.525,-115.2,180,top
D351,APA102-2020,LED-APA102-2020,156.525,-119.2,180,top
D352,APA102-2020,LED-APA102-2020,160.525,-119.2,180,top
D353,APA102-2020,LED-APA102-2020,164.525,-119.2,180,top
D354,APA102-2020,LED-APA102-2020,168.525,-119.2,180,top
D355,APA102-2020,LED-APA102-2020,172.525,-119.2,180,top
D356,APA102-2020,LED-APA102-2020,176.525,-119.2,180,top
D357,APA102-2020,LED-APA102-2020,180.525,-119.2,180,top
D358,APA102-2020,LED-APA102-2020,184.525,-119.2,180,top
D359,APA102-2020,LED-APA102-2020,188.525,-119.2,180,top
D360,APA102-2020,LED-APA102-2020,192.525,-119.2,180,top
D361,APA102-2020,LED-APA102-2020,196.525,-119.2,180,top
D362,APA102-2020,LED-APA102-2020,200.525,-119.2,180,top
D363,APA102-2020,LED-APA102-2020,204.525,-119.2,180,top
D364,APA102-2020,LED-APA102-2020,208.525,-119.2,180,top
D365,APA102-2020,LED-APA102-2020,212.525,-119.2,180,top
D366,APA102-2020,LED-APA102-2020,216.525,-119.2,180,top
D367,APA102-2020,LED-APA102-2020,220.525,-119.2,180,top
D368,APA102-2020,LED-APA102-2020,224.525,-119.2,180,top
D369,APA102-2020,LED-APA102-2020,228.525,-119.2,180,top
D370,APA102-2020,LED-APA102-2020,232.525,-119.2,180,top
D371,APA102-2020,LED-APA102-2020,236.525,-119.2,180,top
D372,APA102-2020,LED-APA102-2020,240.525,-119.2,180,top
D373,APA102-2020,LED-APA102-2020,244.525,-119.2,180,top
D374,APA102-2020,LED-APA102-2020,248.525,-119.2,180,top
D375,APA102-2020,LED-APA102-2020,252.525,-119.2,180,top
D376,APA102-2020,LED-APA102-2020,256.525,-119.2,180,top
D377,APA102-2020,LED-APA102-2020,260.525,-119.2,180,top
D378,APA102-2020,LED-APA102-2020,264.525,-119.2,180,top
D379,APA102-2020,LED-APA102-2020,268.525,-119.2,180,top
D380,APA102-2020,LED-APA102-2020,272.525,-119.2,180,top
D381,APA102-2020,LED-APA102-2020,276.525,-119.2,180,top
D382,APA102-2020,LED-APA102-2020,280.525,-119.2,180,top
D383,APA102-2020,LED-APA102-2020,284.525,-119.2,180,top
D384,APA102-2020,LED-APA102-2020,288.525,-119.2,180,top
D385,APA102-2020,LED-APA102-2020,292.525,-119.2,180,top
D386,APA102-2020,LED-APA102-2020,296.525,-119.2,180,top
D387,APA102-2020,LED-APA102-2020,300.525,-119.2,180,top
D388,APA102-2020,LED-APA102-2020,304.525,-119.2,180,top
D389,APA102-2020,LED-APA102-2020,308.525,-119.2,180,top
D390,APA102-2020,LED-APA102-2020,312.525,-119.2,180,top
D391,APA102-2020,LED-APA102-2020,316.525,-119.2,180,top
D392,APA102-2020,LED-APA102-2020,320.525,-119.2,180,top
D393,APA102-2020,LED-APA102-2020,324.525,-119.2,180,top
D394,APA102-2020,LED-APA102-2020,328.525,-119.2,180,top
D395,APA102-2020,LED-APA102-2020,332.525,-119.2,180,top
D396,APA102-2020,LED-APA102-2020,336.525,-119.2,180,top
D397,APA102-2020,LED-APA102-2020,340.525,-119.2,180,top
D398,APA102-2020,LED-APA102-2020,344.525,-119.2,180,top
D399,APA102-2020,LED-APA102-2020,348.525,-119.2,180,top
D400,APA102-2020,LED-APA102-2020,352.525,-119.2,180,top
D401,APA102-2020,LED-APA102-2020,356.525,-119.2,180,top
D402,APA102-2020,LED-APA102-2020,360.525,-119.2,180,top
D403,APA102-2020,LED-APA102-2020,364.525,-119.2,180,top
D404,APA102-2020,LED-APA102-2020,368.525,-119.2,180,top
D405,APA102-2020,LED-APA102-2020,372.525,-119.2,180,top
D406,APA102-2020,LED-APA102-2020,376.525,-119.2,180,top
D407,APA102-2020,LED-APA102-2020,380.525,-119.2,180,top
D408,APA102-2020,LED-APA102-2020,384.525,-119.2,180,top
D409,APA102-2020,LED-APA102-2020,388.525,-119.2,180,top
D410,APA102-2020,LED-APA102-2020,392.525,-119.2,180,top
D411,APA102-2020,LED-APA102-2020,396.525,-119.2,180,top
D412,APA102-2020,LED-APA102-2020,400.525,-119.2,180,top
D413,APA102-2020,LED-APA102-2020,404.525,-119.2,180,top
D414,APA102-2020,LED-APA102-2020,408.525,-119.2,180,top
D415,APA102-2020,LED-APA102-2020,412.525,-119.2,180,top
D416,APA102-2020,LED-APA102-2020,416.525,-119.2,180,top
D417,APA102-2020,LED-APA102-2020,420.525,-119.2,180,top
D418,APA102-2020,LED-APA102-2020,424.525,-119.2,180,top
D419,APA102-2020,LED-APA102-2020,428.525,-119.2,180,top
D420,APA102-2020,LED-APA102-2020,432.525,-119.2,180,top
D421,APA102-2020,LED-APA102-2020,156.525,-123.2,180,top
D422,APA102-2020,LED-APA102-2020,160.525,-123.2,180,top
D423,APA102-2020,LED-APA102-2020,164.525,-123.2,180,top
D424,APA102-2020,LED-APA102-2020,168.525,-123.2,180,top
D425,APA102-2020,LED-APA102-2020,172.525,-123.2,180,top
D426,APA102-2020,LED-APA102-2020,176.525,-123.2,180,top
D427,APA102-2020,LED-APA102-2020,180.525,-123.2,180,top
D428,APA102-2020,LED-APA102-2020,184.525,-123.2,180,top
D429,APA102-2020,LED-APA102-2020,188.525,-123.2,180,top
D430,APA102-2020,LED-APA102-2020,192.525,-123.2,180,top
D431,APA102-2020,LED-APA102-2020,196.525,-123.2,180,top
D432,APA102-2020,LED-APA102-2020,200.525,-123.2,180,top
D433,APA102-2020,LED-APA102-2020,204.525,-123.2,180,top
D434,APA102-2020,LED-APA102-2020,208.525,-123.2,180,top
D435,APA102-2020,LED-APA102-2020,212.525,-123.2,180,top
D436,APA102-2020,LED-APA102-2020,216.525,-123.2,180,top
D437,APA102-2020,LED-APA102-2020,220.525,-123.2,180,top
D438,APA102-2020,LED-APA102-2020,224.525,-123.2,180,top
D439,APA102-2020,LED-APA102-2020,228.525,-123.2,180,top
D440,APA102-2020,LED-APA102-2020,232.525,-123.2,180,top
D441,APA102-2020,LED-APA102-2020,236.525,-123.2,180,top
D442,APA102-2020,LED-APA102-2020,240.525,-123.2,180,top
D443,APA102-2020,LED-APA102-2020,244.525,-123.2,180,top
D444,APA102-2020,LED-APA102-2020,248.525,-123.2,180,top
D445,APA102-2020,LED-APA102-2020,252.525,-123.2,180,top
D446,APA102-2020,LED-APA102-2020,256.525,-123.2,180,top
D447,APA102-2020,LED-APA102-2020,260.525,-123.2,180,top
D448,APA102-2020,LED-APA102-2020,264.525,-123.2,180,top
D449,APA102-2020,LED-APA102-2020,268.525,-123.2,180,top
D450,APA102-2020,LED-APA102-2020,272.525,-123.2,180,top
D451,APA102-2020,LED-APA102-2020,276.525,-123.2,180,top
D452,APA102-2020,LED-APA102-2020,280.525,-123.2,180,top
D453,APA102-2020,LED-APA102-2020,284.525,-123.2,180,top
D454,APA102-2020,LED-APA102-2020,288.525,-123.2,180,top
D455,APA102-2020,LED-APA102-2020,292.525,-123.2,180,top
D456,APA102-2020,LED-APA102-2020,296.525,-123.2,180,top
D457,APA102-2020,LED-APA102-2020,300.525,-123.2,180,top
D458,APA102-2020,LED-APA102-2020,304.525,-123.2,180,top
D459,APA102-2020,LED-APA102-2020,308.525,-123.2,180,top
D460,APA102-2020,LED-APA102-2020,312.525,-123.2,180,top
D461,APA102-2020,LED-APA102-2020,316.525,-123.2,180,top
D462,APA102-2020,LED-APA102-2020,320.525,-123.2,180,top
D463,APA102-2020,LED-APA102-2020,324.525,-123.2,180,top
D464,APA102-2020,LED-APA102-2020,328.525,-123.2,180,top
D465,APA102-2020,LED-APA102-2020,332.525,-123.2,180,top
D466,APA102-2020,LED-APA102-2020,336.525,-123.2,180,top
D467,APA102-2020,LED-APA102-2020,340.525,-123.2,180,top
D468,APA102-2020,LED-APA102-2020,344.525,-123.2,180,top
D469,APA102-2020,LED-APA102-2020,348.525,-123.2,180,top
D470,APA102-2020,LED-APA102-2020,352.525,-123.2,180,top
D471,APA102-2020,LED-APA102-2020,356.525,-123.2,180,top
D472,APA102-2020,LED-APA102-2020,360.525,-123.2,180,top
D473,APA102-2020,LED-APA102-2020,364.525,-123.2,180,top
D474,APA102-2020,LED-APA102-2020,368.525,-123.2,180,top
D475,APA102-2020,LED-APA102-2020,372.525,-123.2,180,top
D476,APA102-2020,LED-APA102-2020,376.525,-123.2,180,top
D477,APA102-2020,LED-APA102-2020,380.525,-123.2,180,top
D478,APA102-2020,LED-APA102-2020,384.525,-123.2,180,top
D479,APA102-2020,LED-APA102-2020,388.525,-123.2,180,top
D480,APA102-2020,LED-APA102-2020,392.525,-123.2,180,top
D481,APA102-2020,LED-APA102-2020,396.525,-123.2,180,top
D482,APA102-2020,LED-APA102-2020,400.525,-123.2,180,top
D483,APA102-2020,LED-APA102-2020,404.525,-123.2,180,top
D484,APA102-2020,LED-APA102-2020,408.525,-123.2,180,top
D485,APA102-2020,LED-APA102-2020,412.525,-123.2,180,top
D486,APA102-2020,LED-APA102-2020,416.525,-123.2,180,top
D487,APA102-2020,LED-APA102-2020,420.525,-123.2,180,top
D488,APA102-2020,LED-APA102-2020,424.525,-123.2,180,top
D489,APA102-2020,LED-APA102-2020,428.525,-123.2,180,top
D490,APA102-2020,LED-APA102-2020,432.525,-123.2,180,top
D491,APA102-2020,LED-APA102-2020,156.525,-127.2,180,top
D492,APA102-2020,LED-APA102-2020,160.525,-127.2,180,top
D493,APA102-2020,LED-APA102-2020,164.525,-127.2,180,top
D494,APA102-2020,LED-APA102-2020,168.525,-127.2,180,top
D495,APA102-2020,LED-APA102-2020,172.525,-127.2,180,top
D496,APA102-2020,LED-APA102-2020,176.525,-127.2,180,top
D497,APA102-2020,LED-APA102-2020,180.525,-127.2,180,top
D498,APA102-2020,LED-APA102-2020,184.525,-127.2,180,top
D499,APA102-2020,LED-APA102-2020,188.525,-127.2,180,top
D500,APA102-2020,LED-APA102-2020,192.525,-127.2,180,top
D501,APA102-2020,LED-APA102-2020,196.525,-127.2,180,top
D502,APA102-2020,LED-APA102-2020,200.525,-127.2,180,top
D503,APA102-2020,LED-APA102-2020,204.525,-127.2,180,top
D504,APA102-2020,LED-APA102-2020,208.525,-127.2,180,top
D505,APA102-2020,LED-APA102-2020,212.525,-127.2,180,top
D506,APA102-2020,LED-APA102-2020,216.525,-127.2,180,top
D507,APA102-2020,LED-APA102-2020,220.525,-127.2,180,top
D508,APA102-2020,LED-APA102-2020,224.525,-127.2,180,top
D509,APA102-2020,LED-APA102-2020,228.525,-127.2,180,top
D510,APA102-2020,LED-APA102-2020,232.525,-127.2,180,top
D511,APA102-2020,LED-APA102-2020,236.525,-127.2,180,top
D512,APA102-2020,LED-APA102-2020,240.525,-127.2,180,top
D513,APA102-2020,LED-APA102-2020,244.525,-127.2,180,top
D514,APA102-2020,LED-APA102-2020,248.525,-127.2,180,top
D515,APA102-2020,LED-APA102-2020,252.525,-127.2,180,top
D516,APA102-2020,LED-APA102-2020,256.525,-127.2,180,top
D517,APA102-2020,LED-APA102-2020,260.525,-127.2,180,top
D518,APA102-2020,LED-APA102-2020,264.525,-127.2,180,top
D519,APA102-2020,LED-APA102-2020,268.525,-127.2,180,top
D520,APA102-2020,LED-APA102-2020,272.525,-127.2,180,top
D521,APA102-2020,LED-APA102-2020,276.525,-127.2,180,top
D522,APA102-2020,LED-APA102-2020,280.525,-127.2,180,top
D523,APA102-2020,LED-APA102-2020,284.525,-127.2,180,top
D524,APA102-2020,LED-APA102-2020,288.525,-127.2,180,top
D525,APA102-2020,LED-APA102-2020,292.525,-127.2,180,top
D526,APA102-2020,LED-APA102-2020,296.525,-127.2,180,top
D527,APA102-2020,LED-APA102-2020,300.525,-127.2,180,top
D528,APA102-2020,LED-APA102-2020,304.525,-127.2,180,top
D529,APA102-2020,LED-APA102-2020,308.525,-127.2,180,top
D530,APA102-2020,LED-APA102-2020,312.525,-127.2,180,top
D531,APA102-2020,LED-APA102-2020,316.525,-127.2,180,top
D532,APA102-2020,LED-APA102-2020,320.525,-127.2,180,top
D533,APA102-2020,LED-APA102-2020,324.525,-127.2,180,top
D534,APA102-2020,LED-APA102-2020,328.525,-127.2,180,top
D535,APA102-2020,LED-APA102-2020,332.525,-127.2,180,top
D536,APA102-2020,LED-APA102-2020,336.525,-127.2,180,top
D537,APA102-2020,LED-APA102-2020,340.525,-127.2,180,top
D538,APA102-2020,LED-APA102-2020,344.525,-127.2,180,top
D539,APA102-2020,LED-APA102-2020,348.525,-127.2,180,top
D540,APA102-2020,LED-APA102-2020,352.525,-127.2,180,top
D541,APA102-2020,LED-APA102-2020,356.525,-127.2,180,top
D542,APA102-2020,LED-APA102-2020,360.525,-127.2,180,top
D543,APA102-2020,LED-APA102-2020,364.525,-127.2,180,top
D544,APA102-2020,LED-APA102-2020,368.525,-127.2,180,top
D545,APA102-2020,LED-APA102-2020,372.525,-127.2,180,top
D546,APA102-2020,LED-APA102-2020,376.525,-127.2,180,top
D547,APA102-2020,LED-APA102-2020,380.525,-127.2,180,top
D548,APA102-2020,LED-APA102-2020,384.525,-127.2,180,top
D549,APA102-2020,LED-APA102-2020,388.525,-127.2,180,top
D550,APA102-2020,LED-APA102-2020,392.525,-127.2,180,top
D551,APA102-2020,LED-APA102-2020,396.525,-127.2,180,top
D552,APA102-2020,LED-APA102-2020,400.525,-127.2,180,top
D553,APA102-2020,LED-APA102-2020,404.525,-127.2,180,top
D554,APA102-2020,LED-APA102-2020,408.525,-127.2,180,top
D555,APA102-2020,LED-APA102-2020,412.525,-127.2,180,top
D556,APA102-2020,LED-APA102-2020,416.525,-127.2,180,top
D557,APA102-2020,LED-APA102-2020,420.525,-127.2,180,top
D558,APA102-2020,LED-APA102-2020,424.525,-127.2,180,top
D559,APA102-2020,LED-APA102-2020,428.525,-127.2,180,top
D560,APA102-2020,LED-APA102-2020,432.525,-127.2,180,top
D561,APA102-2020,LED-APA102-2020,156.525,-131.2,180,top
D562,APA102-2020,LED-APA102-2020,160.525,-131.2,180,top
D563,APA102-2020,LED-APA102-2020,164.525,-131.2,180,top
D564,APA102-2020,LED-APA102-2020,168.525,-131.2,180,top
D565,APA102-2020,LED-APA102-2020,172.525,-131.2,180,top
D566,APA102-2020,LED-APA102-2020,176.525,-131.2,180,top
D567,APA102-2020,LED-APA102-2020,180.525,-131.2,180,top
D568,APA102-2020,LED-APA102-2020,184.525,-131.2,180,top
D569,APA102-2020,LED-APA102-2020,188.525,-131.2,180,top
D570,APA102-2020,LED-APA102-2020,192.525,-131.2,180,top
D571,APA102-2020,LED-APA102-2020,196.525,-131.2,180,top
D572,APA102-2020,LED-APA102-2020,200.525,-131.2,180,top
D573,APA102-2020,LED-APA102-2020,204.525,-131.2,180,top
D574,APA102-2020,LED-APA102-2020,208.525,-131.2,180,top
D575,APA102-2020,LED-APA102-2020,212.525,-131.2,180,top
D576,APA102-2020,LED-APA102-2020,216.525,-131.2,180,top
D577,APA102-2020,LED-APA102-2020,220.525,-131.2,180,top
D578,APA102-2020,LED-APA102-2020,224.525,-131.2,180,top
D579,APA102-2020,LED-APA102-2020,228.525,-131.2,180,top
D580,APA102-2020,LED-APA102-2020,232.525,-131.2,180,top
D581,APA102-2020,LED-APA102-2020,236.525,-131.2,180,top
D582,APA102-2020,LED-APA102-2020,240.525,-131.2,180,top
D583,APA102-2020,LED-APA102-2020,244.525,-131.2,180,top
D584,APA102-2020,LED-APA102-2020,248.525,-131.2,180,top
D585,APA102-2020,LED-APA102-2020,252.525,-131.2,180,top
D586,APA102-2020,LED-APA102-2020,256.525,-131.2,180,top
D587,APA102-2020,LED-APA102-2020,260.525,-131.2,180,top
D588,APA102-2020,LED-APA102-2020,264.525,-131.2,180,top
D589,APA102-2020,LED-APA102-2020,268.525,-131.2,180,top
D590,APA102-2020,LED-APA102-2020,272.525,-131.2,180,top
D591,APA102-2020,LED-APA102-2020,276.525,-131.2,180,top
D592,APA102-2020,LED-APA102-2020,280.525,-131.2,180,top
D593,APA102-2020,LED-APA102-2020,284.525,-131.2,180,top
D594,APA102-2020,LED-APA102-2020,288.525,-131.2,180,top
D595,APA102-2020,LED-APA102-2020,292.525,-131.2,180,top
D596,APA102-2020,LED-APA102-2020,296.525,-131.2,180,top
D597,APA102-2020,LED-APA102-2020,300.525,-131.2,180,top
D598,APA102-2020,LED-APA102-2020,304.525,-131.2,180,top
D599,APA102-2020,LED-APA102-2020,308.525,-131.2,180,top
D600,APA102-2020,LED-APA102-2020,312.525,-131.2,180,top
D601,APA102-2020,LED-APA102-2020,316.525,-131.2,180,top
D602,APA102-2020,LED-APA102-2020,320.525,-131.2,180,top
D603,APA102-2020,LED-APA102-2020,324.525,-131.2,180,top
D604,APA102-2020,LED-APA102-2020,328.525,-131.2,180,top
D605,APA102-2020,LED-APA102-2020,332.525,-131.2,180,top
D606,APA102-2020,LED-APA102-2020,336.525,-131.2,180,top
D607,APA102-2020,LED-APA102-2020,340.525,-131.2,180,top
D608,APA102-2020,LED-APA102-2020,344.525,-131.2,180,top
D609,APA102-2020,LED-APA102-2020,348.525,-131.2,180,top
D610,APA102-2020,LED-APA102-2020,352.525,-131.2,180,top
D611,APA102-2020,LED-APA102-2020,356.525,-131.2,180,top
D612,APA102-2020,LED-APA102-2020,360.525,-131.2,180,top
D613,APA102-2020,LED-APA102-2020,364.525,-131.2,180,top
D614,APA102-2020,LED-APA102-2020,368.525,-131.2,180,top
D615,APA102-2020,LED-APA102-2020,372.525,-131.2,180,top
D616,APA102-2020,LED-APA102-2020,376.525,-131.2,180,top
D617,APA102-2020,LED-APA102-2020,380.525,-131.2,180,top
D618,APA102-2020,LED-APA102-2020,384.525,-131.2,180,top
D619,APA102-2020,LED-APA102-2020,388.525,-131.2,180,top
D620,APA102-2020,LED-APA102-2020,392.525,-131.2,180,top
D621,APA102-2020,LED-APA102-2020,396.525,-131.2,180,top
D622,APA102-2020,LED-APA102-2020,400.525,-131.2,180,top
D623,APA102-2020,LED-APA102-2020,404.525,-131.2,180,top
D624,APA102-2020,LED-APA102-2020,408.525,-131.2,180,top
D625,APA102-2020,LED-APA102-2020,412.525,-131.2,180,top
D626,APA102-2020,LED-APA102-2020,416.525,-131.2,180,top
D627,APA102-2020,LED-APA102-2020,420.525,-131.2,180,top
D628,APA102-2020,LED-APA102-2020,424.525,-131.2,180,top
D629,APA102-2020,LED-APA102-2020,428.525,-131.2,180,top
D630,APA102-2020,LED-APA102-2020,432.525,-131.2,180,top
D631,APA102-2020,LED-APA102-2020,156.525,-135.2,180,top
D632,APA102-2020,LED-APA102-2020,160.525,-135.2,180,top
D633,APA102-2020,LED-APA102-2020,164.525,-135.2,180,top
D634,APA102-2020,LED-APA102-2020,168.525,-135.2,180,top
D635,APA102-2020,LED-APA102-2020,172.525,-135.2,180,top
D636,APA102-2020,LED-APA102-2020,176.525,-135.2,180,top
D637,APA102-2020,LED-APA102-2020,180.525,-135.2,180,top
D638,APA102-2020,LED-APA102-2020,184.525,-135.2,180,top
D639,APA102-2020,LED-APA102-2020,188.525,-135.2,180,top
D640,APA102-2020,LED-APA102-2020,192.525,-135.2,180,top
D641,APA102-2020,LED-APA102-2020,196.525,-135.2,180,top
D642,APA102-2020,LED-APA102-2020,200.525,-135.2,180,top
D643,APA102-2020,LED-APA102-2020,204.525,-135.2,180,top
D644,APA102-2020,LED-APA102-2020,208.525,-135.2,180,top
D645,APA102-2020,LED-APA102-2020,212.525,-135.2,180,top
D646,APA102-2020,LED-APA102-2020,216.525,-135.2,180,top
D647,APA102-2020,LED-APA102-2020,220.525,-135.2,180,top
D648,APA102-2020,LED-APA102-2020,224.525,-135.2,180,top
D649,APA102-2020,LED-APA102-2020,228.525,-135.2,180,top
D650,APA102-2020,LED-APA102-2020,232.525,-135.2,180,top
D651,APA102-2020,LED-APA102-2020,236.525,-135.2,180,top
D652,APA102-2020,LED-APA102-2020,240.525,-135.2,180,top
D653,APA102-2020,LED-APA102-2020,244.525,-135.2,180,top
D654,APA102-2020,LED-APA102-2020,248.525,-135.2,180,top
D655,APA102-2020,LED-APA102-2020,252.525,-135.2,180,top
D656,APA102-2020,LED-APA102-2020,256.525,-135.2,180,top
D657,APA102-2020,LED-APA102-2020,260.525,-135.2,180,top
D658,APA102-2020,LED-APA102-2020,264.525,-135.2,180,top
D659,APA102-2020,LED-APA102-2020,268.525,-135.2,180,top
D660,APA102-2020,LED-APA102-2020,272.525,-135.2,180,top
D661,APA102-2020,LED-APA102-2020,276.525,-135.2,180,top
D662,APA102-2020,LED-APA102-2020,280.525,-135.2,180,top
D663,APA102-2020,LED-APA102-2020,284.525,-135.2,180,top
D664,APA102-2020,LED-APA102-2020,288.525,-135.2,180,top
D665,APA102-2020,LED-APA102-2020,292.525,-135.2,180,top
D666,APA102-2020,LED-APA102-2020,296.525,-135.2,180,top
D667,APA102-2020,LED-APA102-2020,300.525,-135.2,180,top
D668,APA102-2020,LED-APA102-2020,304.525,-135.2,180,top
D669,APA102-2020,LED-APA102-2020,308.525,-135.2,180,top
D670,APA102-2020,LED-APA102-2020,312.525,-135.2,180,top
D671,APA102-2020,LED-APA102-2020,316.525,-135.2,180,top
D672,APA102-2020,LED-APA102-2020,320.525,-135.2,180,top
D673,APA102-2020,LED-APA102-2020,324.525,-135.2,180,top
D674,APA102-2020,LED-APA102-2020,328.525,-135.2,180,top
D675,APA102-2020,LED-APA102-2020,332.525,-135.2,180,top
D676,APA102-2020,LED-APA102-2020,336.525,-135.2,180,top
D677,APA102-2020,LED-APA102-2020,340.525,-135.2,180,top
D678,APA102-2020,LED-APA102-2020,344.525,-135.2,180,top
D679,APA102-2020,LED-APA102-2020,348.525,-135.2,180,top
D680,APA102-2020,LED-APA102-2020,352.525,-135.2,180,top
D681,APA102-2020,LED-APA102-2020,356.525,-135.2,180,top
D682,APA102-2020,LED-APA102-2020,360.525,-135.2,180,top
D683,APA102-2020,LED-APA102-2020,364.525,-135.2,180,top
D684,APA102-2020,LED-APA102-2020,368.525,-135.2,180,top
D685,APA102-2020,LED-APA102-2020,372.525,-135.2,180,top
D686,APA102-2020,LED-APA102-2020,376.525,-135.2,180,top
D687,APA102-2020,LED-APA102-2020,380.525,-135.2,180,top
D688,APA102-2020,LED-APA102-2020,384.525,-135.2,180,top
D689,APA102-2020,LED-APA102-2020,388.525,-135.2,180,top
D690,APA102-2020,LED-APA102-2020,392.525,-135.2,180,top
D691,APA102-2020,LED-APA102-2020,396.525,-135.2,180,top
D692,APA102-2020,LED-APA102-2020,400.525,-135.2,180,top
D693,APA102-2020,LED-APA102-2020,404.525,-135.2,180,top
D694,APA102-2020,LED-APA102-2020,408.525,-135.2,180,top
D695,APA102-2020,LED-APA102-2020,412.525,-135.2,180,top
D696,APA102-2020,LED-APA102-2020,416.525,-135.2,180,top
D697,APA102-2020,LED-APA102-2020,420.525,-135.2,180,top
D698,APA102-2020,LED-APA102-2020,424.525,-135.2,180,top
D699,APA102-2020,LED-APA102-2020,428.525,-135.2,180,top
D700,APA102-2020,LED-APA102-2020,432.525,-135.2,180,top
D701,APA102-2020,LED-APA102-2020,156.525,-139.2,180,top
D702,APA102-2020,LED-APA102-2020,160.525,-139.2,180,top
D703,APA102-2020,LED-APA102-2020,164.525,-139.2,180,top
D704,APA102-2020,LED-APA102-2020,168.525,-139.2,180,top
D705,APA102-2020,LED-APA102-2020,172.525,-139.2,180,top
D706,APA102-2020,LED-APA102-2020,176.525,-139.2,180,top
D707,APA102-2020,LED-APA102-2020,180.525,-139.2,180,top
D708,APA102-2020,LED-APA102-2020,184.525,-139.2,180,top
D709,APA102-2020,LED-APA102-2020,188.525,-139.2,180,top
D710,APA102-2020,LED-APA102-2020,192.525,-139.2,180,top
D711,APA102-2020,LED-APA102-2020,196.525,-139.2,180,top
D712,APA102-2020,LED-APA102-2020,200.525,-139.2,180,top
D713,APA102-2020,LED-APA102-2020,204.525,-139.2,180,top
D714,APA102-2020,LED-APA102-2020,208.525,-139.2,180,top
D715,APA102-2020,LED-APA102-2020,212.525,-139.2,180,top
D716,APA102-2020,LED-APA102-2020,216.525,-139.2,180,top
D717,APA102-2020,LED-APA102-2020,220.525,-139.2,180,top
D718,APA102-2020,LED-APA102-2020,224.525,-139.2,180,top
D719,APA102-2020,LED-APA102-2020,228.525,-139.2,180,top
D720,APA102-2020,LED-APA102-2020,232.525,-139.2,180,top
D721,APA102-2020,LED-APA102-2020,236.525,-139.2,180,top
D722,APA102-2020,LED-APA102-2020,240.525,-139.2,180,top
D723,APA102-2020,LED-APA102-2020,244.525,-139.2,180,top
D724,APA102-2020,LED-APA102-2020,248.525,-139.2,180,top
D725,APA102-2020,LED-APA102-2020,252.525,-139.2,180,top
D726,APA102-2020,LED-APA102-2020,256.525,-139.2,180,top
D727,APA102-2020,LED-APA102-2020,260.525,-139.2,180,top
D728,APA102-2020,LED-APA102-2020,264.525,-139.2,180,top
D729,APA102-2020,LED-APA102-2020,268.525,-139.2,180,top
D730,APA102-2020,LED-APA102-2020,272.525,-139.2,180,top
D731,APA102-2020,LED-APA102-2020,276.525,-139.2,180,top
D732,APA102-2020,LED-APA102-2020,280.525,-139.2,180,top
D733,APA102-2020,LED-APA102-2020,284.525,-139.2,180,top
D734,APA102-2020,LED-APA102-2020,288.525,-139.2,180,top
D735,APA102-2020,LED-APA102-2020,292.525,-139.2,180,top
D736,APA102-2020,LED-APA102-2020,296.525,-139.2,180,top
D737,APA102-2020,LED-APA102-2020,300.525,-139.2,180,top
D738,APA102-2020,LED-APA102-2020,304.525,-139.2,180,top
D739,APA102-2020,LED-APA102-2020,308.525,-139.2,180,top
D740,APA102-2020,LED-APA102-2020,312.525,-139.2,180,top
D741,APA102-2020,LED-APA102-2020,316.525,-139.2,180,top
D742,APA102-2020,LED-APA102-2020,320.525,-139.2,180,top
D743,APA102-2020,LED-APA102-2020,324.525,-139.2,180,top
D744,APA102-2020,LED-APA102-2020,328.525,-139.2,180,top
D745,APA102-2020,LED-APA102-2020,332.525,-139.2,180,top
D746,APA102-2020,LED-APA102-2020,336.525,-139.2,180,top
D747,APA102-2020,LED-APA102-2020,340.525,-139.2,180,top
D748,APA102-2020,LED-APA102-2020,344.525,-139.2,180,top
D749,APA102-2020,LED-APA102-2020,348.525,-139.2,180,top
D750,APA102-2020,LED-APA102-2020,352.525,-139.2,180,top
D751,APA102-2020,LED-APA102-2020,356.525,-139.2,180,top
D752,APA102-2020,LED-APA102-2020,360.525,-139.2,180,top
D753,APA102-2020,LED-APA102-2020,364.525,-139.2,180,top
D754,APA102-2020,LED-APA102-2020,368.525,-139.2,180,top
D755,APA102-2020,LED-APA102-2020,372.525,-139.2,180,top
D756,APA102-2020,LED-APA102-2020,376.525,-139.2,180,top
D757,APA102-2020,LED-APA102-2020,380.525,-139.2,180,top
D758,APA102-2020,LED-APA102-2020,384.525,-139.2,180,top
D759,APA102-2020,LED-APA102-2020,388.525,-139.2,180,top
D760,APA102-2020,LED-APA102-2020,392.525,-139.2,180,top
D761,APA102-2020,LED-APA102-2020,396.525,-139.2,180,top
D762,APA102-2020,LED-APA102-2020,400.525,-139.2,180,top
D763,APA102-2020,LED-APA102-2020,404.525,-139.2,180,top
D764,APA102-2020,LED-APA102-2020,408.525,-139.2,180,top
D765,APA102-2020,LED-APA102-2020,412.525,-139.2,180,top
D766,APA102-2020,LED-APA102-2020,416.525,-139.2,180,top
D767,APA102-2020,LED-APA102-2020,420.525,-139.2,180,top
D768,APA102-2020,LED-APA102-2020,424.525,-139.2,180,top
D769,APA102-2020,LED-APA102-2020,428.525,-139.2,180,top
D770,APA102-2020,LED-APA102-2020,432.525,-139.2,180,top
D771,APA102-2020,LED-APA102-2020,156.525,-143.2,180,top
D772,APA102-2020,LED-APA102-2020,160.525,-143.2,180,top
D773,APA102-2020,LED-APA102-2020,164.525,-143.2,180,top
D774,APA102-2020,LED-APA102-2020,168.525,-143.2,180,top
D775,APA102-2020,LED-APA102-2020,172.525,-143.2,180,top
D776,APA102-2020,LED-APA102-2020,176.525,-143.2,180,top
D777,APA102-2020,LED-APA102-2020,180.525,-143.2,180,top
D778,APA102-2020,LED-APA102-2020,184.525,-143.2,180,top
D779,APA102-2020,LED-APA102-2020,188.525,-143.2,180,top
D780,APA102-2020,LED-APA102-2020,192.525,-143.2,180,top
D781,APA102-2020,LED-APA102-2020,196.525,-143.2,180,top
D782,APA102-2020,LED-APA102-2020,200.525,-143.2,180,top
D783,APA102-2020,LED-APA102-2020,204.525,-143.2,180,top
D784,APA102-2020,LED-APA102-2020,208.525,-143.2,180,top
D785,APA102-2020,LED-APA102-2020,212.525,-143.2,180,top
D786,APA102-2020,LED-APA102-2020,216.525,-143.2,180,top
D787,APA102-2020,LED-APA102-2020,220.525,-143.2,180,top
D788,APA102-2020,LED-APA102-2020,224.525,-143.2,180,top
D789,APA102-2020,LED-APA102-2020,228.525,-143.2,180,top
D790,APA102-2020,LED-APA102-2020,232.525,-143.2,180,top
D791,APA102-2020,LED-APA102-2020,236.525,-143.2,180,top
D792,APA102-2020,LED-APA102-2020,240.525,-143.2,180,top
D793,APA102-2020,LED-APA102-2020,244.525,-143.2,180,top
D794,APA102-2020,LED-APA102-2020,248.525,-143.2,180,top
D795,APA102-2020,LED-APA102-2020,252.525,-143.2,180,top
D796,APA102-2020,LED-APA102-2020,256.525,-143.2,180,top
D797,APA102-2020,LED-APA102-2020,260.525,-143.2,180,top
D798,APA102-2020,LED-APA102-2020,264.525,-143.2,180,top
D799,APA102-2020,LED-APA102-2020,268.525,-143.2,180,top
D800,APA102-2020,LED-APA102-2020,272.525,-143.2,180,top
D801,APA102-2020,LED-APA102-2020,276.525,-143.2,180,top
D802,APA102-2020,LED-APA102-2020,280.525,-143.2,180,top
D803,APA102-2020,LED-APA102-2020,284.525,-143.2,180,top
D804,APA102-2020,LED-APA102-2020,288.525,-143.2,180,top
D805,APA102-2020,LED-APA102-2020,292.525,-143.2,180,top
D806,APA102-2020,LED-APA102-2020,296.525,-143.2,180,top
D807,APA102-2020,LED-APA102-2020,300.525,-143.2,180,top
D808,APA102-2020,LED-APA102-2020,304.525,-143.2,180,top
D809,APA102-2020,LED-APA102-2020,308.525,-143.2,180,top
D810,APA102-2020,LED-APA102-2020,312.525,-143.2,180,top
D811,APA102-2020,LED-APA102-2020,316.525,-143.2,180,top
D812,APA102-2020,LED-APA102-2020,320.525,-143.2,180,top
D813,APA102-2020,LED-APA102-2020,324.525,-143.2,180,top
D814,APA102-2020,LED-APA102-2020,328.525,-143.2,180,top
D815,APA102-2020,LED-APA102-2020,332.525,-143.2,180,top
D816,APA102-2020,LED-APA102-2020,336.525,-143.2,180,top
D817,APA102-2020,LED-APA102-2020,340.525,-143.2,180,top
D818,APA102-2020,LED-APA102-2020,344.525,-143.2,180,top
D819,APA102-2020,LED-APA102-2020,348.525,-143.2,180,top
D820,APA102-2020,LED-APA102-2020,352.525,-143.2,180,top
D821,APA102-2020,LED-APA102-2020,356.525,-143.2,180,top
D822,APA102-2020,LED-APA102-2020,360.525,-143.2,180,top
D823,APA102-2020,LED-APA102-2020,364.525,-143.2,180,top
D824,APA102-2020,LED-APA102-2020,368.525,-143.2,180,top
D825,APA102-2020,LED-APA102-2020,372.525,-143.2,180,top
D826,APA102-2020,LED-APA102-2020,376.525,-143.2,180,top
D827,APA102-2020,LED-APA102-2020,380.525,-143.2,180,top
D828,APA102-2020,LED-APA102-2020,384.525,-143.2,180,top
D829,APA102-2020,LED-APA102-2020,388.525,-143.2,180,top
D830,APA102-2020,LED-APA102-2020,392.525,-143.2,180,top
D831,APA102-2020,LED-APA102-2020,396.525,-143.2,180,top
D832,APA102-2020,LED-APA102-2020,400.525,-143.2,180,top
D833,APA102-2020,LED-APA102-2020,404.525,-143.2,180,top
D834,APA102-2020,LED-APA102-2020,408.525,-143.2,180,top
D835,APA102-2020,LED-APA102-2020,412.525,-143.2,180,top
D836,APA102-2020,LED-APA102-2020,416.525,-143.2,180,top
D837,APA102-2020,LED-APA102-2020,420.525,-143.2,180,top
D838,APA102-2020,LED-APA102-2020,424.525,-143.2,180,top
D839,APA102-2020,LED-APA102-2020,428.525,-143.2,180,top
D840,APA102-2020,LED-APA102-2020,432.525,-143.2,180,top
D841,APA102-2020,LED-APA102-2020,156.525,-147.2,180,top
D842,APA102-2020,LED-APA102-2020,160.525,-147.2,180,top
D843,APA102-2020,LED-APA102-2020,164.525,-147.2,180,top
D844,APA102-2020,LED-APA102-2020,168.525,-147.2,180,top
D845,APA102-2020,LED-APA102-2020,172.525,-147.2,180,top
D846,APA102-2020,LED-APA102-2020,176.525,-147.2,180,top
D847,APA102-2020,LED-APA102-2020,180.525,-147.2,180,top
D848,APA102-2020,LED-APA102-2020,184.525,-147.2,180,top
D849,APA102-2020,LED-APA102-2020,188.525,-147.2,180,top
D850,APA102-2020,LED-APA102-2020,192.525,-147.2,180,top
D851,APA102-2020,LED-APA102-2020,196.525,-147.2,180,top
D852,APA102-2020,LED-APA102-2020,200.525,-147.2,180,top
D853,APA102-2020,LED-APA102-2020,204.525,-147.2,180,top
D854,APA102-2020,LED-APA102-2020,208.525,-147.2,180,top
D855,APA102-2020,LED-APA102-2020,212.525,-147.2,180,top
D856,APA102-2020,LED-APA102-2020,216.525,-147.2,180,top
D857,APA102-2020,LED-APA102-2020,220.525,-147.2,180,top
D858,APA102-2020,LED-APA102-2020,224.525,-147.2,180,top
D859,APA102-2020,LED-APA102-2020,228.525,-147.2,180,top
D860,APA102-2020,LED-APA102-2020,232.525,-147.2,180,top
D861,APA102-2020,LED-APA102-2020,236.525,-147.2,180,top
D862,APA102-2020,LED-APA102-2020,240.525,-147.2,180,top
D863,APA102-2020,LED-APA102-2020,244.525,-147.2,180,top
D864,APA102-2020,LED-APA102-2020,248.525,-147.2,180,top
D865,APA102-2020,LED-APA102-2020,252.525,-147.2,180,top
D866,APA102-2020,LED-APA102-2020,256.525,-147.2,180,top
D867,APA102-2020,LED-APA102-2020,260.525,-147.2,180,top
D868,APA102-2020,LED-APA102-2020,264.525,-147.2,180,top
D869,APA102-2020,LED-APA102-2020,268.525,-147.2,180,top
D870,APA102-2020,LED-APA102-2020,272.525,-147.2,180,top
D871,APA102-2020,LED-APA102-2020,276.525,-147.2,180,top
D872,APA102-2020,LED-APA102-2020,280.525,-147.2,180,top
D873,APA102-2020,LED-APA102-2020,284.525,-147.2,180,top
D874,APA102-2020,LED-APA102-2020,288.525,-147.2,180,top
D875,APA102-2020,LED-APA102-2020,292.525,-147.2,180,top
D876,APA102-2020,LED-APA102-2020,296.525,-147.2,180,top
D877,APA102-2020,LED-APA102-2020,300.525,-147.2,180,top
D878,APA102-2020,LED-APA102-2020,304.525,-147.2,180,top
D879,APA102-2020,LED-APA102-2020,308.525,-147.2,180,top
D880,APA102-2020,LED-APA102-2020,312.525,-147.2,180,top
D881,APA102-2020,LED-APA102-2020,316.525,-147.2,180,top
D882,APA102-2020,LED-APA102-2020,320.525,-147.2,180,top
D883,APA102-2020,LED-APA102-2020,324.525,-147.2,180,top
D884,APA102-2020,LED-APA102-2020,328.525,-147.2,180,top
D885,APA102-2020,LED-APA102-2020,332.525,-147.2,180,top
D886,APA102-2020,LED-APA102-2020,336.525,-147.2,180,top
D887,APA102-2020,LED-APA102-2020,340.525,-147.2,180,top
D888,APA102-2020,LED-APA102-2020,344.525,-147.2,180,top
D889,APA102-2020,LED-APA102-2020,348.525,-147.2,180,top
D890,APA102-2020,LED-APA102-2020,352.525,-147.2,180,top
D891,APA102-2020,LED-APA102-2020,356.525,-147.2,180,top
D892,APA102-2020,LED-APA102-2020,360.525,-147.2,180,top
D893,APA102-2020,LED-APA102-2020,364.525,-147.2,180,top
D894,APA102-2020,LED-APA102-2020,368.525,-147.2,180,top
D895,APA102-2020,LED-APA102-2020,372.525,-147.2,180,top
D896,APA102-2020,LED-APA102-2020,376.525,-147.2,180,top
D897,APA102-2020,LED-APA102-2020,380.525,-147.2,180,top
D898,APA102-2020,LED-APA102-2020,384.525,-147.2,180,top
D899,APA102-2020,LED-APA102-2020,388.525,-147.2,180,top
D900,APA102-2020,LED-APA102-2020,392.525,-147.2,180,top
D901,APA102-2020,LED-APA102-2020,396.525,-147.2,180,top
D902,APA102-2020,LED-APA102-2020,400.525,-147.2,180,top
D903,APA102-2020,LED-APA102-2020,404.525,-147.2,180,top
D904,APA102-2020,LED-APA102-2020,408.525,-147.2,180,top
D905,APA102-2020,LED-APA102-2020,412.525,-147.2,180,top
D906,APA102-2020,LED-APA102-2020,416.525,-147.2,180,top
D907,APA102-2020,LED-APA102-2020,420.525,-147.2,180,top
D908,APA102-2020,LED-APA102-2020,424.525,-147.2,180,top
D909,APA102-2020,LED-APA102-2020,428.525,-147.2,180,top
D910,APA102-2020,LED-APA102-2020,432.525,-147.2,180,top
D911,APA102-2020,LED-APA102-2020,156.525,-151.2,180,top
D912,APA102-2020,LED-APA102-2020,160.525,-151.2,180,top
D913,APA102-2020,LED-APA102-2020,164.525,-151.2,180,top
D914,APA102-2020,LED-APA102-2020,168.525,-151.2,180,top
D915,APA102-2020,LED-APA102-2020,172.525,-151.2,180,top
D916,APA102-2020,LED-APA102-2020,176.525,-151.2,180,top
D917,APA102-2020,LED-APA102-2020,180.525,-151.2,180,top
D918,APA102-2020,LED-APA102-2020,184.525,-151.2,180,top
D919,APA102-2020,LED-APA102-2020,188.525,-151.2,180,top
D920,APA102-2020,LED-APA102-2020,192.525,-151.2,180,top
D921,APA102-2020,LED-APA102-2020,196.525,-151.2,180,top
D922,APA102-2020,LED-APA102-2020,200.525,-151.2,180,top
D923,APA102-2020,LED-APA102-2020,204.525,-151.2,180,top
D924,APA102-2020,LED-APA102-2020,208.525,-151.2,180,top
D925,APA102-2020,LED-APA102-2020,212.525,-151.2,180,top
D926,APA102-2020,LED-APA102-2020,216.525,-151.2,180,top
D927,APA102-2020,LED-APA102-2020,220.525,-151.2,180,top
D928,APA102-2020,LED-APA102-2020,224.525,-151.2,180,top
D929,APA102-2020,LED-APA102-2020,228.525,-151.2,180,top
D930,APA102-2020,LED-APA102-2020,232.525,-151.2,180,top
D931,APA102-2020,LED-APA102-2020,236.525,-151.2,180,top
D932,APA102-2020,LED-APA102-2020,240.525,-151.2,180,top
D933,APA102-2020,LED-APA102-2020,244.525,-151.2,180,top
D934,APA102-2020,LED-APA102-2020,248.525,-151.2,180,top
D935,APA102-2020,LED-APA102-2020,252.525,-151.2,180,top
D936,APA102-2020,LED-APA102-2020,256.525,-151.2,180,top
D937,APA102-2020,LED-APA102-2020,260.525,-151.2,180,top
D938,APA102-2020,LED-APA102-2020,264.525,-151.2,180,top
D939,APA102-2020,LED-APA102-2020,268.525,-151.2,180,top
D940,APA102-2020,LED-APA102-2020,272.525,-151.2,180,top
D941,APA102-2020,LED-APA102-2020,276.525,-151.2,180,top
D942,APA102-2020,LED-APA102-2020,280.525,-151.2,180,top
D943,APA102-2020,LED-APA102-2020,284.525,-151.2,180,top
D944,APA102-2020,LED-APA102-2020,288.525,-151.2,180,top
D945,APA102-2020,LED-APA102-2020,292.525,-151.2,180,top
D946,APA102-2020,LED-APA102-2020,296.525,-151.2,180,top
D947,APA102-2020,LED-APA102-2020,300.525,-151.2,180,top
D948,APA102-2020,LED-APA102-2020,304.525,-151.2,180,top
D949,APA102-2020,LED-APA102-2020,308.525,-151.2,180,top
D950,APA102-2020,LED-APA102-2020,312.525,-151.2,180,top
D951,APA102-2020,LED-APA102-2020,316.525,-151.2,180,top
D952,APA102-2020,LED-APA102-2020,320.525,-151.2,180,top
D953,APA102-2020,LED-APA102-2020,324.525,-151.2,180,top
D954,APA102-2020,LED-APA102-2020,328.525,-151.2,180,top
D955,APA102-2020,LED-APA102-2020,332.525,-151.2,180,top
D956,APA102-2020,LED-APA102-2020,336.525,-151.2,180,top
D957,APA102-2020,LED-APA102-2020,340.525,-151.2,180,top
D958,APA102-2020,LED-APA102-2020,344.525,-151.2,180,top
D959,APA102-2020,LED-APA102-2020,348.525,-151.2,180,top
D960,APA102-2020,LED-APA102-2020,352.525,-151.2,180,top
D961,APA102-2020,LED-APA102-2020,356.525,-151.2,180,top
D962,APA102-2020,LED-APA102-2020,360.525,-151.2,180,top
D963,APA102-2020,LED-APA102-2020,364.525,-151.2,180,top
D964,APA102-2020,LED-APA102-2020,368.525,-151.2,180,top
D965,APA102-2020,LED-APA102-2020,372.525,-151.2,180,top
D966,APA102-2020,LED-APA102-2020,376.525,-151.2,180,top
D967,APA102-2020,LED-APA102-2020,380.525,-151.2,180,top
D968,APA102-2020,LED-APA102-2020,384.525,-151.2,180,top
D969,APA102-2020,LED-APA102-2020,388.525,-151.2,180,top
D970,APA102-2020,LED-APA102-2020,392.525,-151.2,180,top
D971,APA102-2020,LED-APA102-2020,396.525,-151.2,180,top
D972,APA102-2020,LED-APA102-2020,400.525,-151.2,180,top
D973,APA102-2020,LED-APA102-2020,404.525,-151.2,180,top
D974,APA102-2020,LED-APA102-2020,408.525,-151.2,180,top
D975,APA102-2020,LED-APA102-2020,412.525,-151.2,180,top
D976,APA102-2020,LED-APA102-2020,416.525,-151.2,180,top
D977,APA102-2020,LED-APA102-2020,420.525,-151.2,180,top
D978,APA102-2020,LED-APA102-2020,424.525,-151.2,180,top
D979,APA102-2020,LED-APA102-2020,428.525,-151.2,180,top
D980,APA102-2020,LED-APA102-2020,432.525,-151.2,180,top
D981,APA102-2020,LED-APA102-2020,156.525,-155.2,180,top
D982,APA102-2020,LED-APA102-2020,160.525,-155.2,180,top
D983,APA102-2020,LED-APA102-2020,164.525,-155.2,180,top
D984,APA102-2020,LED-APA102-2020,168.525,-155.2,180,top
D985,APA102-2020,LED-APA102-2020,172.525,-155.2,180,top
D986,APA102-2020,LED-APA102-2020,176.525,-155.2,180,top
D987,APA102-2020,LED-APA102-2020,180.525,-155.2,180,top
D988,APA102-2020,LED-APA102-2020,184.525,-155.2,180,top
D989,APA102-2020,LED-APA102-2020,188.525,-155.2,180,top
D990,APA102-2020,LED-APA102-2020,192.525,-155.2,180,top
D991,APA102-2020,LED-APA102-2020,196.525,-155.2,180,top
D992,APA102-2020,LED-APA102-2020,200.525,-155.2,180,top
D993,APA102-2020,LED-APA102-2020,204.525,-155.2,180,top
D994,APA102-2020,LED-APA102-2020,208.525,-155.2,180,top
D995,APA102-2020,LED-APA102-2020,212.525,-155.2,180,top
D996,APA102-2020,LED-APA102-2020,216.525,-155.2,180,top
D997,APA102-2020,LED-APA102-2020,220.525,-155.2,180,top
D998,APA102-2020,LED-APA102-2020,224.525,-155.2,180,top
D999,APA102-2020,LED-APA102-2020,228.525,-155.2,180,top
D1000,APA102-2020,LED-APA102-2020,232.525,-155.2,180,top
D1001,APA102-2020,LED-APA102-2020,236.525,-155.2,180,top
D1002,APA102-2020,LED-APA102-2020,240.525,-155.2,180,top
D1003,APA102-2020,LED-APA102-2020,244.525,-155.2,180,top
D1004,APA102-2020,LED-APA102-2020,248.525,-155.2,180,top
D1005,APA102-2020,LED-APA102-2020,252.525,-155.2,180,top
D1006,APA102-2020,LED-APA102-2020,256.525,-155.2,180,top
D1007,APA102-2020,LED-APA102-2020,260.525,-155.2,180,top
D1008,APA102-2020,LED-APA102-2020,264.525,-155.2,180,top
D1009,APA102-2020,LED-APA102-2020,268.525,-155.2,180,top
D1010,APA102-2020,LED-APA102-2020,272.525,-155.2,180,top
D1011,APA102-2020,LED-APA102-2020,276.525,-155.2,180,top
D1012,APA102-2020,LED-APA102-2020,280.525,-155.2,180,top
D1013,APA102-2020,LED-APA102-2020,284.525,-155.2,180,top
D1014,APA102-2020,LED-APA102-2020,288.525,-155.2,180,top
D1015,APA102-2020,LED-APA102-2020,292.525,-155.2,180,top
D1016,APA102-2020,LED-APA102-2020,296.525,-155.2,180,top
D1017,APA102-2020,LED-APA102-2020,300.525,-155.2,180,top
D1018,APA102-2020,LED-APA102-2020,304.525,-155.2,180,top
D1019,APA102-2020,LED-APA102-2020,308.525,-155.2,180,top
D1020,APA102-2020,LED-APA102-2020,312.525,-155.2,180,top
D1021,APA102-2020,LED-APA102-2020,316.525,-155.2,180,top
D1022,APA102-2020,LED-APA102-2020,320.525,-155.2,180,top
D1023,APA102-2020,LED-APA102-2020,324.525,-155.2,180,top
D1024,APA102-2020,LED-APA102-2020,328.525,-155.2,180,top
D1025,APA102-2020,LED-APA102-2020,332.525,-155.2,180,top
D1026,APA102-2020,LED-APA102-2020,336.525,-155.2,180,top
D1027,APA102-2020,LED-APA102-2020,340.525,-155.2,180,top
D1028,APA102-2020,LED-APA102-2020,344.525,-155.2,180,top
D1029,APA102-2020,LED-APA102-2020,348.525,-155.2,180,top
D1030,APA102-2020,LED-APA102-2020,352.525,-155.2,180,top
D1031,APA102-2020,LED-APA102-2020,356.525,-155.2,180,top
D1032,APA102-2020,LED-APA102-2020,360.525,-155.2,180,top
D1033,APA102-2020,LED-APA102-2020,364.525,-155.2,180,top
D1034,APA102-2020,LED-APA102-2020,368.525,-155.2,180,top
D1035,APA102-2020,LED-APA102-2020,372.525,-155.2,180,top
D1036,APA102-2020,LED-APA102-2020,376.525,-155.2,180,top
D1037,APA102-2020,LED-APA102-2020,380.525,-155.2,180,top
D1038,APA102-2020,LED-APA102-2020,384.525,-155.2,180,top
D1039,APA102-2020,LED-APA102-2020,388.525,-155.2,180,top
D1040,APA102-2020,LED-APA102-2020,392.525,-155.2,180,top
D1041,APA102-2020,LED-APA102-2020,396.525,-155.2,180,top
D1042,APA102-2020,LED-APA102-2020,400.525,-155.2,180,top
D1043,APA102-2020,LED-APA102-2020,404.525,-155.2,180,top
D1044,APA102-2020,LED-APA102-2020,408.525,-155.2,180,top
D1045,APA102-2020,LED-APA102-2020,412.525,-155.2,180,top
D1046,APA102-2020,LED-APA102-2020,416.525,-155.2,180,top
D1047,APA102-2020,LED-APA102-2020,420.525,-155.2,180,top
D1048,APA102-2020,LED-APA102-2020,424.525,-155.2,180,top
D1049,APA102-2020,LED-APA102-2020,428.525,-155.2,180,top
D1050,APA102-2020,LED-APA102-2020,432.525,-155.2,180,top
D1051,APA102-2020,LED-APA102-2020,156.525,-159.2,180,top
D1052,APA102-2020,LED-APA102-2020,160.525,-159.2,180,top
D1053,APA102-2020,LED-APA102-2020,164.525,-159.2,180,top
D1054,APA102-2020,LED-APA102-2020,168.525,-159.2,180,top
D1055,APA102-2020,LED-APA102-2020,172.525,-159.2,180,top
D1056,APA102-2020,LED-APA102-2020,176.525,-159.2,180,top
D1057,APA102-2020,LED-APA102-2020,180.525,-159.2,180,top
D1058,APA102-2020,LED-APA102-2020,184.525,-159.2,180,top
D1059,APA102-2020,LED-APA102-2020,188.525,-159.2,180,top
D1060,APA102-2020,LED-APA102-2020,192.525,-159.2,180,top
D1061,APA102-2020,LED-APA102-2020,196.525,-159.2,180,top
D1062,APA102-2020,LED-APA102-2020,200.525,-159.2,180,top
D1063,APA102-2020,LED-APA102-2020,204.525,-159.2,180,top
D1064,APA102-2020,LED-APA102-2020,208.525,-159.2,180,top
D1065,APA102-2020,LED-APA102-2020,212.525,-159.2,180,top
D1066,APA102-2020,LED-APA102-2020,216.525,-159.2,180,top
D1067,APA102-2020,LED-APA102-2020,220.525,-159.2,180,top
D1068,APA102-2020,LED-APA102-2020,224.525,-159.2,180,top
D1069,APA102-2020,LED-APA102-2020,228.525,-159.2,180,top
D1070,APA102-2020,LED-APA102-2020,232.525,-159.2,180,top
D1071,APA102-2020,LED-APA102-2020,236.525,-159.2,180,top
D1072,APA102-2020,LED-APA102-2020,240.525,-159.2,180,top
D1073,APA102-2020,LED-APA102-2020,244.525,-159.2,180,top
D1074,APA102-2020,LED-APA102-2020,248.525,-159.2,180,top
D1075,APA102-2020,LED-APA102-2020,252.525,-159.2,180,top
D1076,APA102-2020,LED-APA102-2020,256.525,-159.2,180,top
D1077,APA102-2020,LED-APA102-2020,260.525,-159.2,180,top
D1078,APA102-2020,LED-APA102-2020,264.525,-159.2,180,top
D1079,APA102-2020,LED-APA102-2020,268.525,-159.2,180,top
D1080,APA102-2020,LED-APA102-2020,272.525,-159.2,180,top
D1081,APA102-2020,LED-APA102-2020,276.525,-159.2,180,top
D1082,APA102-2020,LED-APA102-2020,280.525,-159.2,180,top
D1083,APA102-2020,LED-APA102-2020,284.525,-159.2,180,top
D1084,APA102-2020,LED-APA102-2020,288.525,-159.2,180,top
D1085,APA102-2020,LED-APA102-2020,292.525,-159.2,180,top
D1086,APA102-2020,LED-APA102-2020,296.525,-159.2,180,top
D1087,APA102-2020,LED-APA102-2020,300.525,-159.2,180,top
D1088,APA102-2020,LED-APA102-2020,304.525,-159.2,180,top
D1089,APA102-2020,LED-APA102-2020,308.525,-159.2,180,top
D1090,APA102-2020,LED-APA102-2020,312.525,-159.2,180,top
D1091,APA102-2020,LED-APA102-2020,316.525,-159.2,180,top
D1092,APA102-2020,LED-APA102-2020,320.525,-159.2,180,top
D1093,APA102-2020,LED-APA102-2020,324.525,-159.2,180,top
D1094,APA102-2020,LED-APA102-2020,328.525,-159.2,180,top
D1095,APA102-2020,LED-APA102-2020,332.525,-159.2,180,top
D1096,APA102-2020,LED-APA102-2020,336.525,-159.2,180,top
D1097,APA102-2020,LED-APA102-2020,340.525,-159.2,180,top
D1098,APA102-2020,LED-APA102-2020,344.525,-159.2,180,top
D1099,APA102-2020,LED-APA102-2020,348.525,-159.2,180,top
D1100,APA102-2020,LED-APA102-2020,352.525,-159.2,180,top
D1101,APA102-2020,LED-APA102-2020,356.525,-159.2,180,top
D1102,APA102-2020,LED-APA102-2020,360.525,-159.2,180,top
D1103,APA102-2020,LED-APA102-2020,364.525,-159.2,180,top
D1104,APA102-2020,LED-APA102-2020,368.525,-159.2,180,top
D1105,APA102-2020,LED-APA102-2020,372.525,-159.2,180,top
D1106,APA102-2020,LED-APA102-2020,376.525,-159.2,180,top
D1107,APA102-2020,LED-APA102-2020,380.525,-159.2,180,top
D1108,APA102-2020,LED-APA102-2020,384.525,-159.2,180,top
D1109,APA102-2020,LED-APA102-2020,388.525,-159.2,180,top
D1110,APA102-2020,LED-APA102-2020,392.525,-159.2,180,top
D1111,APA102-2020,LED-APA102-2020,396.525,-159.2,180,top
D1112,APA102-2020,LED-APA102-2020,400.525,-159.2,180,top
D1113,APA102-2020,LED-APA102-2020,404.525,-159.2,180,top
D1114,APA102-2020,LED-APA102-2020,408.525,-159.2,180,top
D1115,APA102-2020,LED-APA102-2020,412.525,-159.2,180,top
D1116,APA102-2020,LED-APA102-2020,416.525,-159.2,180,top
D1117,APA102-2020,LED-APA102-2020,420.525,-159.2,180,top
D1118,APA102-2020,LED-APA102-2020,424.525,-159.2,180,top
D1119,APA102-2020,LED-APA102-2020,428.525,-159.2,180,top
D1120,APA102-2020,LED-APA102-2020,432.525,-159.2,180,top
D1121,APA102-2020,LED-APA102-2020,156.525,-163.2,180,top
D1122,APA102-2020,LED-APA102-2020,160.525,-163.2,180,top
D1123,APA102-2020,LED-APA102-2020,164.525,-163.2,180,top
D1124,APA102-2020,LED-APA102-2020,168.525,-163.2,180,top
D1125,APA102-2020,LED-APA102-2020,172.525,-163.2,180,top
D1126,APA102-2020,LED-APA102-2020,176.525,-163.2,180,top
D1127,APA102-2020,LED-APA102-2020,180.525,-163.2,180,top
D1128,APA102-2020,LED-APA102-2020,184.525,-163.2,180,top
D1129,APA102-2020,LED-APA102-2020,188.525,-163.2,180,top
D1130,APA102-2020,LED-APA102-2020,192.525,-163.2,180,top
D1131,APA102-2020,LED-APA102-2020,196.525,-163.2,180,top
D1132,APA102-2020,LED-APA102-2020,200.525,-163.2,180,top
D1133,APA102-2020,LED-APA102-2020,204.525,-163.2,180,top
D1134,APA102-2020,LED-APA102-2020,208.525,-163.2,180,top
D1135,APA102-2020,LED-APA102-2020,212.525,-163.2,180,top
D1136,APA102-2020,LED-APA102-2020,216.525,-163.2,180,top
D1137,APA102-2020,LED-APA102-2020,220.525,-163.2,180,top
D1138,APA102-2020,LED-APA102-2020,224.525,-163.2,180,top
D1139,APA102-2020,LED-APA102-2020,228.525,-163.2,180,top
D1140,APA102-2020,LED-APA102-2020,232.525,-163.2,180,top
D1141,APA102-2020,LED-APA102-2020,236.525,-163.2,180,top
D1142,APA102-2020,LED-APA102-2020,240.525,-163.2,180,top
D1143,APA102-2020,LED-APA102-2020,244.525,-163.2,180,top
D1144,APA102-2020,LED-APA102-2020,248.525,-163.2,180,top
D1145,APA102-2020,LED-APA102-2020,252.525,-163.2,180,top
D1146,APA102-2020,LED-APA102-2020,256.525,-163.2,180,top
D1147,APA102-2020,LED-APA102-2020,260.525,-163.2,180,top
D1148,APA102-2020,LED-APA102-2020,264.525,-163.2,180,top
D1149,APA102-2020,LED-APA102-2020,268.525,-163.2,180,top
D1150,APA102-2020,LED-APA102-2020,272.525,-163.2,180,top
D1151,APA102-2020,LED-APA102-2020,276.525,-163.2,180,top
D1152,APA102-2020,LED-APA102-2020,280.525,-163.2,180,top
D1153,APA102-2020,LED-APA102-2020,284.525,-163.2,180,top
D1154,APA102-2020,LED-APA102-2020,288.525,-163.2,180,top
D1155,APA102-2020,LED-APA102-2020,292.525,-163.2,180,top
D1156,APA102-2020,LED-APA102-2020,296.525,-163.2,180,top
D1157,APA102-2020,LED-APA102-2020,300.525,-163.2,180,top
D1158,APA102-2020,LED-APA102-2020,304.525,-163.2,180,top
D1159,APA102-2020,LED-APA102-2020,308.525,-163.2,180,top
D1160,APA102-2020,LED-APA102-2020,312.525,-163.2,180,top
D1161,APA102-2020,LED-APA102-2020,316.525,-163.2,180,top
D1162,APA102-2020,LED-APA102-2020,320.525,-163.2,180,top
D1163,APA102-2020,LED-APA102-2020,324.525,-163.2,180,top
D1164,APA102-2020,LED-APA102-2020,328.525,-163.2,180,top
D1165,APA102-2020,LED-APA102-2020,332.525,-163.2,180,top
D1166,APA102-2020,LED-APA102-2020,336.525,-163.2,180,top
D1167,APA102-2020,LED-APA102-2020,340.525,-163.2,180,top
D1168,APA102-2020,LED-APA102-2020,344.525,-163.2,180,top
D1169,APA102-2020,LED-APA102-2020,348.525,-163.2,180,top
D1170,APA102-2020,LED-APA102-2020,352.525,-163.2,180,top
D1171,APA102-2020,LED-APA102-2020,356.525,-163.2,180,top
D1172,APA102-2020,LED-APA102-2020,360.525,-163.2,180,top
D1173,APA102-2020,LED-APA102-2020,364.525,-163.2,180,top
D1174,APA102-2020,LED-APA102-2020,368.525,-163.2,180,top
D1175,APA102-2020,LED-APA102-2020,372.525,-163.2,180,top
D1176,APA102-2020,LED-APA102-2020,376.525,-163.2,180,top
D1177,APA102-2020,LED-APA102-2020,380.525,-163.2,180,top
D1178,APA102-2020,LED-APA102-2020,384.525,-163.2,180,top
D1179,APA102-2020,LED-APA102-2020,388.525,-163.2,180,top
D1180,APA102-2020,LED-APA102-2020,392.525,-163.2,180,top
D1181,APA102-2020,LED-APA102-2020,396.525,-163.2,180,top
D1182,APA102-2020,LED-APA102-2020,400.525,-163.2,180,top
D1183,APA102-2020,LED-APA102-2020,404.525,-163.2,180,top
D1184,APA102-2020,LED-APA102-2020,408.525,-163.2,180,top
D1185,APA102-2020,LED-APA102-2020,412.525,-163.2,180,top
D1186,APA102-2020,LED-APA102-2020,416.525,-163.2,180,top
D1187,APA102-2020,LED-APA102-2020,420.525,-163.2,180,top
D1188,APA102-2020,LED-APA102-2020,424.525,-163.2,180,top
D1189,APA102-2020,LED-APA102-2020,428.525,-163.2,180,top
D1190,APA102-2020,LED-APA102-2020,432.525,-163.2,180,top
D1191,APA102-2020,LED-APA102-2020,156.525,-167.2,180,top
D1192,APA102-2020,LED-APA102-2020,160.525,-167.2,180,top
D1193,APA102-2020,LED-APA102-2020,164.525,-167.2,180,top
D1194,APA102-2020,LED-APA102-2020,168.525,-167.2,180,top
D1195,APA102-2020,LED-APA102-2020,172.525,-167.2,180,top
D1196,APA102-2020,LED-APA102-2020,176.525,-167.2,180,top
D1197,APA102-2020,LED-APA102-2020,180.525,-167.2,180,top
D1198,APA102-2020,LED-APA102-2020,184.525,-167.2,180,top
D1199,APA102-2020,LED-APA102-2020,188.525,-167.2,180,top
D1200,APA102-2020,LED-APA102-2020,192.525,-167.2,180,top
D1201,APA102-2020,LED-APA102-2020,196.525,-167.2,180,top
D1202,APA102-2020,LED-APA102-2020,200.525,-167.2,180,top
D1203,APA102-2020,LED-APA102-2020,204.525,-167.2,180,top
D1204,APA102-2020,LED-APA102-2020,208.525,-167.2,180,top
D1205,APA102-2020,LED-APA102-2020,212.525,-167.2,180,top
D1206,APA102-2020,LED-APA102-2020,216.525,-167.2,180,top
D1207,APA102-2020,LED-APA102-2020,220.525,-167.2,180,top
D1208,APA102-2020,LED-APA102-2020,224.525,-167.2,180,top
D1209,APA102-2020,LED-APA102-2020,228.525,-167.2,180,top
D1210,APA102-2020,LED-APA102-2020,232.525,-167.2,180,top
D1211,APA102-2020,LED-APA102-2020,236.525,-167.2,180,top
D1212,APA102-2020,LED-APA102-2020,240.525,-167.2,180,top
D1213,APA102-2020,LED-APA102-2020,244.525,-167.2,180,top
D1214,APA102-2020,LED-APA102-2020,248.525,-167.2,180,top
D1215,APA102-2020,LED-APA102-2020,252.525,-167.2,180,top
D1216,APA102-2020,LED-APA102-2020,256.525,-167.2,180,top
D1217,APA102-2020,LED-APA102-2020,260.525,-167.2,180,top
D1218,APA102-2020,LED-APA102-2020,264.525,-167.2,180,top
D1219,APA102-2020,LED-APA102-2020,268.525,-167.2,180,top
D1220,APA102-2020,LED-APA102-2020,272.525,-167.2,180,top
D1221,APA102-2020,LED-APA102-2020,276.525,-167.2,180,top
D1222,APA102-2020,LED-APA102-2020,280.525,-167.2,180,top
D1223,APA102-2020,LED-APA102-2020,284.525,-167.2,180,top
D1224,APA102-2020,LED-APA102-2020,288.525,-167.2,180,top
D1225,APA102-2020,LED-APA102-2020,292.525,-167.2,180,top
D1226,APA102-2020,LED-APA102-2020,296.525,-167.2,180,top
D1227,APA102-2020,LED-APA102-2020,300.525,-167.2,180,top
D1228,APA102-2020,LED-APA102-2020,304.525,-167.2,180,top
D1229,APA102-2020,LED-APA102-2020,308.525,-167.2,180,top
D1230,APA102-2020,LED-APA102-2020,312.525,-167.2,180,top
D1231,APA102-2020,LED-APA102-2020,316.525,-167.2,180,top
D1232,APA102-2020,LED-APA102-2020,320.525,-167.2,180,top
D1233,APA102-2020,LED-APA102-2020,324.525,-167.2,180,top
D1234,APA102-2020,LED-APA102-2020,328.525,-167.2,180,top
D1235,APA102-2020,LED-APA102-2020,332.525,-167.2,180,top
D1236,APA102-2020,LED-APA102-2020,336.525,-167.2,180,top
D1237,APA102-2020,LED-APA102-2020,340.525,-167.2,180,top
D1238,APA102-2020,LED-APA102-2020,344.525,-167.2,180,top
D1239,APA102-2020,LED-APA102-2020,348.525,-167.2,180,top
D1240,APA102-2020,LED-APA102-2020,352.525,-167.2,180,top
D1241,APA102-2020,LED-APA102-2020,356.525,-167.2,180,top
D1242,APA102-2020,LED-APA102-2020,360.525,-167.2,180,top
D1243,APA102-2020,LED-APA102-2020,364.525,-167.2,180,top
D1244,APA102-2020,LED-APA102-2020,368.525,-167.2,180,top
D1245,APA102-2020,LED-APA102-2020,372.525,-167.2,180,top
D1246,APA102-2020,LED-APA102-2020,376.525,-167.2,180,top
D1247,APA102-2020,LED-APA102-2020,380.525,-167.2,180,top
D1248,APA102-2020,LED-APA102-2020,384.525,-167.2,180,top
D1249,APA102-2020,LED-APA102-2020,388.525,-167.2,180,top
D1250,APA102-2020,LED-APA102-2020,392.525,-167.2,180,top
D1251,APA102-2020,LED-APA102-2020,396.525,-167.2,180,top
D1252,APA102-2020,LED-APA102-2020,400.525,-167.2,180,top
D1253,APA102-2020,LED-APA102-2020,404.525,-167.2,180,top
D1254,APA102-2020,LED-APA102-2020,408.525,-167.2,180,top
D1255,APA102-2020,LED-APA102-2020,412.525,-167.2,180,top
D1256,APA102-2020,LED-APA102-2020,416.525,-167.2,180,top
D1257,APA102-2020,LED-APA102-2020,420.525,-167.2,180,top
D1258,APA102-2020,LED-APA102-2020,424.525,-167.2,180,top
D1259,APA102-2020,LED-APA102-2020,428.525,-167.2,180,top
D1260,APA102-2020,LED-APA102-2020,432.525,-167.2,180,top
D1261,APA102-2020,LED-APA102-2020,156.525,-171.2,180,top
D1262,APA102-2020,LED-APA102-2020,160.525,-171.2,180,top
D1263,APA102-2020,LED-APA102-2020,164.525,-171.2,180,top
D1264,APA102-2020,LED-APA102-2020,168.525,-171.2,180,top
D1265,APA102-2020,LED-APA102-2020,172.525,-171.2,180,top
D1266,APA102-2020,LED-APA102-2020,176.525,-171.2,180,top
D1267,APA102-2020,LED-APA102-2020,180.525,-171.2,180,top
D1268,APA102-2020,LED-APA102-2020,184.525,-171.2,180,top
D1269,APA102-2020,LED-APA102-2020,188.525,-171.2,180,top
D1270,APA102-2020,LED-APA102-2020,192.525,-171.2,180,top
D1271,APA102-2020,LED-APA102-2020,196.525,-171.2,180,top
D1272,APA102-2020,LED-APA102-2020,200.525,-171.2,180,top
D1273,APA102-2020,LED-APA102-2020,204.525,-171.2,180,top
D1274,APA102-2020,LED-APA102-2020,208.525,-171.2,180,top
D1275,APA102-2020,LED-APA102-2020,212.525,-171.2,180,top
D1276,APA102-2020,LED-APA102-2020,216.525,-171.2,180,top
D1277,APA102-2020,LED-APA102-2020,220.525,-171.2,180,top
D1278,APA102-2020,LED-APA102-2020,224.525,-171.2,180,top
D1279,APA102-2020,LED-APA102-2020,228.525,-171.2,180,top
D1280,APA102-2020,LED-APA102-2020,232.525,-171.2,180,top
D1281,APA102-2020,LED-APA102-2020,236.525,-171.2,180,top
D1282,APA102-2020,LED-APA102-2020,240.525,-171.2,180,top
D1283,APA102-2020,LED-APA102-2020,244.525,-171.2,180,top
D1284,APA102-2020,LED-APA102-2020,248.525,-171.2,180,top
D1285,APA102-2020,LED-APA102-2020,252.525,-171.2,180,top
D1286,APA102-2020,LED-APA102-2020,256.525,-171.2,180,top
D1287,APA102-2020,LED-APA102-2020,260.525,-171.2,180,top
D1288,APA102-2020,LED-APA102-2020,264.525,-171.2,180,top
D1289,APA102-2020,LED-APA102-2020,268.525,-171.2,180,top
D1290,APA102-2020,LED-APA102-2020,272.525,-171.2,180,top
D1291,APA102-2020,LED-APA102-2020,276.525,-171.2,180,top
D1292,APA102-2020,LED-APA102-2020,280.525,-171.2,180,top
D1293,APA102-2020,LED-APA102-2020,284.525,-171.2,180,top
D1294,APA102-2020,LED-APA102-2020,288.525,-171.2,180,top
D1295,APA102-2020,LED-APA102-2020,292.525,-171.2,180,top
D1296,APA102-2020,LED-APA102-2020,296.525,-171.2,180,top
D1297,APA102-2020,LED-APA102-2020,300.525,-171.2,180,top
D1298,APA102-2020,LED-APA102-2020,304.525,-171.2,180,top
D1299,APA102-2020,LED-APA102-2020,308.525,-171.2,180,top
D1300,APA102-2020,LED-APA102-2020,312.525,-171.2,180,top
D1301,APA102-2020,LED-APA102-2020,316.525,-171.2,180,top
D1302,APA102-2020,LED-APA102-2020,320.525,-171.2,180,top
D1303,APA102-2020,LED-APA102-2020,324.525,-171.2,180,top
D1304,APA102-2020,LED-APA102-2020,328.525,-171.2,180,top
D1305,APA102-2020,LED-APA102-2020,332.525,-171.2,180,top
D1306,APA102-2020,LED-APA102-2020,336.525,-171.2,180,top
D1307,APA102-2020,LED-APA102-2020,340.525,-171.2,180,top
D1308,APA102-2020,LED-APA102-2020,344.525,-171.2,180,top
D1309,APA102-2020,LED-APA102-2020,348.525,-171.2,180,top
D1310,APA102-2020,LED-APA102-2020,352.525,-171.2,180,top
D1311,APA102-2020,LED-APA102-2020,356.525,-171.2,180,top
D1312,APA102-2020,LED-APA102-2020,360.525,-171.2,180,top
D1313,APA102-2020,LED-APA102-2020,364.525,-171.2,180,top
D1314,APA102-2020,LED-APA102-2020,368.525,-171.2,180,top
D1315,APA102-2020,LED-APA102-2020,372.525,-171.2,180,top
D1316,APA102-2020,LED-APA102-2020,376.525,-171.2,180,top
D1317,APA102-2020,LED-APA102-2020,380.525,-171.2,180,top
D1318,APA102-2020,LED-APA102-2020,384.525,-171.2,180,top
D1319,APA102-2020,LED-APA102-2020,388.525,-171.2,180,top
D1320,APA102-2020,LED-APA102-2020,392.525,-171.2,180,top
D1321,APA102-2020,LED-APA102-2020,396.525,-171.2,180,top
D1322,APA102-2020,LED-APA102-2020,400.525,-171.2,180,top
D1323,APA102-2020,LED-APA102-2020,404.525,-171.2,180,top
D1324,APA102-2020,LED-APA102-2020,408.525,-171.2,180,top
D1325,APA102-2020,LED-APA102-2020,412.525,-171.2,180,top
D1326,APA102-2020,LED-APA102-2020,416.525,-171.2,180,top
D1327,APA102-2020,LED-APA102-2020,420.525,-171.2,180,top
D1328,APA102-2020,LED-APA102-2020,424.525,-171.2,180,top
D1329,APA102-2020,LED-APA102-2020,428.525,-171.2,180,top
D1330,APA102-2020,LED-APA102-2020,432.525,-171.2,180,top
D1331,APA102-2020,LED-APA102-2020,156.525,-175.2,180,top
D1332,APA102-2020,LED-APA102-2020,160.525,-175.2,180,top
D1333,APA102-2020,LED-APA102-2020,164.525,-175.2,180,top
D1334,APA102-2020,LED-APA102-2020,168.525,-175.2,180,top
D1335,APA102-2020,LED-APA102-2020,172.525,-175.2,180,top
D1336,APA102-2020,LED-APA102-2020,176.525,-175.2,180,top
D1337,APA102-2020,LED-APA102-2020,180.525,-175.2,180,top
D1338,APA102-2020,LED-APA102-2020,184.525,-175.2,180,top
D1339,APA102-2020,LED-APA102-2020,188.525,-175.2,180,top
D1340,APA102-2020,LED-APA102-2020,192.525,-175.2,180,top
D1341,APA102-2020,LED-APA102-2020,196.525,-175.2,180,top
D1342,APA102-2020,LED-APA102-2020,200.525,-175.2,180,top
D1343,APA102-2020,LED-APA102-2020,204.525,-175.2,180,top
D1344,APA102-2020,LED-APA102-2020,208.525,-175.2,180,top
D1345,APA102-2020,LED-APA102-2020,212.525,-175.2,180,top
D1346,APA102-2020,LED-APA102-2020,216.525,-175.2,180,top
D1347,APA102-2020,LED-APA102-2020,220.525,-175.2,180,top
D1348,APA102-2020,LED-APA102-2020,224.525,-175.2,180,top
D1349,APA102-2020,LED-APA102-2020,228.525,-175.2,180,top
D1350,APA102-2020,LED-APA102-2020,232.525,-175.2,180,top
D1351,APA102-2020,LED-APA102-2020,236.525,-175.2,180,top
D1352,APA102-2020,LED-APA102-2020,240.525,-175.2,180,top
D1353,APA102-2020,LED-APA102-2020,244.525,-175.2,180,top
D1354,APA102-2020,LED-APA102-2020,248.525,-175.2,180,top
D1355,APA102-2020,LED-APA102-2020,252.525,-175.2,180,top
D1356,APA102-2020,LED-APA102-2020,256.525,-175.2,180,top
D1357,APA102-2020,LED-APA102-2020,260.525,-175.2,180,top
D1358,APA102-2020,LED-APA102-2020,264.525,-175.2,180,top
D1359,APA102-2020,LED-APA102-2020,268.525,-175.2,180,top
D1360,APA102-2020,LED-APA102-2020,272.525,-175.2,180,top
D1361,APA102-2020,LED-APA102-2020,276.525,-175.2,180,top
D1362,APA102-2020,LED-APA102-2020,280.525,-175.2,180,top
D1363,APA102-2020,LED-APA102-2020,284.525,-175.2,180,top
D1364,APA102-2020,LED-APA102-2020,288.525,-175.2,180,top
D1365,APA102-2020,LED-APA102-2020,292.525,-175.2,180,top
D1366,APA102-2020,LED-APA102-2020,296.525,-175.2,180,top
D1367,APA102-2020,LED-APA102-2020,300.525,-175.2,180,top
D1368,APA102-2020,LED-APA102-2020,304.525,-175.2,180,top
D1369,APA102-2020,LED-APA102-2020,308.525,-175.2,180,top
D1370,APA102-2020,LED-APA102-2020,312.525,-175.2,180,top
D1371,APA102-2020,LED-APA102-2020,316.525,-175.2,180,top
D1372,APA102-2020,LED-APA102-2020,320.525,-175.2,180,top
D1373,APA102-2020,LED-APA102-2020,324.525,-175.2,180,top
D1374,APA102-2020,LED-APA102-2020,328.525,-175.2,180,top
D1375,APA102-2020,LED-APA102-2020,332.525,-175.2,180,top
D1376,APA102-2020,LED-APA102-2020,336.525,-175.2,180,top
D1377,APA102-2020,LED-APA102-2020,340.525,-175.2,180,top
D1378,APA102-2020,LED-APA102-2020,344.525,-175.2,180,top
D1379,APA102-2020,LED-APA102-2020,348.525,-175.2,180,top
D1380,APA102-2020,LED-APA102-2020,352.525,-175.2,180,top
D1381,APA102-2020,LED-APA102-2020,356.525,-175.2,180,top
D1382,APA102-2020,LED-APA102-2020,360.525,-175.2,180,top
D1383,APA102-2020,LED-APA102-2020,364.525,-175.2,180,top
D1384,APA102-2020,LED-APA102-2020,368.525,-175.2,180,top
D1385,APA102-2020,LED-APA102-2020,372.525,-175.2,180,top
D1386,APA102-2020,LED-APA102-2020,376.525,-175.2,180,top
D1387,APA102-2020,LED-APA102-2020,380.525,-175.2,180,top
D1388,APA102-2020,LED-APA102-2020,384.525,-175.2,180,top
D1389,APA102-2020,LED-APA102-2020,388.525,-175.2,180,top
D1390,APA102-2020,LED-APA102-2020,392.525,-175.2,180,top
D1391,APA102-2020,LED-APA102-2020,396.525,-175.2,180,top
D1392,APA102-2020,LED-APA102-2020,400.525,-175.2,180,top
D1393,APA102-2020,LED-APA102-2020,404.525,-175.2,180,top
D1394,APA102-2020,LED-APA102-2020,408.525,-175.2,180,top
D1395,APA102-2020,LED-APA102-2020,412.525,-175.2,180,top
D1396,APA102-2020,LED-APA102-2020,416.525,-175.2,180,top
D1397,APA102-2020,LED-APA102-2020,420.525,-175.2,180,top
D1398,APA102-2020,LED-APA102-2020,424.525,-175.2,180,top
D1399,APA102-2020,LED-APA102-2020,428.525,-175.2,180,top
D1400,APA102-2020,LED-APA102-2020,432.525,-175.2,180,top
D1401,APA102-2020,LED-APA102-2020,156.525,-179.2,180,top
D1402,APA102-2020,LED-APA102-2020,160.525,-179.2,180,top
D1403,APA102-2020,LED-APA102-2020,164.525,-179.2,180,top
D1404,APA102-2020,LED-APA102-2020,168.525,-179.2,180,top
D1405,APA102-2020,LED-APA102-2020,172.525,-179.2,180,top
D1406,APA102-2020,LED-APA102-2020,176.525,-179.2,180,top
D1407,APA102-2020,LED-APA102-2020,180.525,-179.2,180,top
D1408,APA102-2020,LED-APA102-2020,184.525,-179.2,180,top
D1409,APA102-2020,LED-APA102-2020,188.525,-179.2,180,top
D1410,APA102-2020,LED-APA102-2020,192.525,-179.2,180,top
D1411,APA102-2020,LED-APA102-2020,196.525,-179.2,180,top
D1412,APA102-2020,LED-APA102-2020,200.525,-179.2,180,top
D1413,APA102-2020,LED-APA102-2020,204.525,-179.2,180,top
D1414,APA102-2020,LED-APA102-2020,208.525,-179.2,180,top
D1415,APA102-2020,LED-APA102-2020,212.525,-179.2,180,top
D1416,APA102-2020,LED-APA102-2020,216.525,-179.2,180,top
D1417,APA102-2020,LED-APA102-2020,220.525,-179.2,180,top
D1418,APA102-2020,LED-APA102-2020,224.525,-179.2,180,top
D1419,APA102-2020,LED-APA102-2020,228.525,-179.2,180,top
D1420,APA102-2020,LED-APA102-2020,232.525,-179.2,180,top
D1421,APA102-2020,LED-APA102-2020,236.525,-179.2,180,top
D1422,APA102-2020,LED-APA102-2020,240.525,-179.2,180,top
D1423,APA102-2020,LED-APA102-2020,244.525,-179.2,180,top
D1424,APA102-2020,LED-APA102-2020,248.525,-179.2,180,top
D1425,APA102-2020,LED-APA102-2020,252.525,-179.2,180,top
D1426,APA102-2020,LED-APA102-2020,256.525,-179.2,180,top
D1427,APA102-2020,LED-APA102-2020,260.525,-179.2,180,top
D1428,APA102-2020,LED-APA102-2020,264.525,-179.2,180,top
D1429,APA102-2020,LED-APA102-2020,268.525,-179.2,180,top
D1430,APA102-2020,LED-APA102-2020,272.525,-179.2,180,top
D1431,APA102-2020,LED-APA102-2020,276.525,-179.2,180,top
D1432,APA102-2020,LED-APA102-2020,280.525,-179.2,180,top
D1433,APA102-2020,LED-APA102-2020,284.525,-179.2,180,top
D1434,APA102-2020,LED-APA102-2020,288.525,-179.2,180,top
D1435,APA102-2020,LED-APA102-2020,292.525,-179.2,180,top
D1436,APA102-2020,LED-APA102-2020,296.525,-179.2,180,top
D1437,APA102-2020,LED-APA102-2020,300.525,-179.2,180,top
D1438,APA102-2020,LED-APA102-2020,304.525,-179.2,180,top
D1439,APA102-2020,LED-APA102-2020,308.525,-179.2,180,top
D1440,APA102-2020,LED-APA102-2020,312.525,-179.2,180,top
D1441,APA102-2020,LED-APA102-2020,316.525,-179.2,180,top
D1442,APA102-2020,LED-APA102-2020,320.525,-179.2,180,top
D1443,APA102-2020,LED-APA102-2020,324.525,-179.2,180,top
D1444,APA102-2020,LED-APA102-2020,328.525,-179.2,180,top
D1445,APA102-2020,LED-APA102-2020,332.525,-179.2,180,top
D1446,APA102-2020,LED-APA102-2020,336.525,-179.2,180,top
D1447,APA102-2020,LED-APA102-2020,340.525,-179.2,180,top
D1448,APA102-2020,LED-APA102-2020,344.525,-179.2,180,top
D1449,APA102-2020,LED-APA102-2020,348.525,-179.2,180,top
D1450,APA102-2020,LED-APA102-2020,352.525,-179.2,180,top
D1451,APA102-2020,LED-APA102-2020,356.525,-179.2,180,top
D1452,APA102-2020,LED-APA102-2020,360.525,-179.2,180,top
D1453,APA102-2020,LED-APA102-2020,364.525,-179.2,180,top
D1454,APA102-2020,LED-APA102-2020,368.525,-179.2,180,top
D1455,APA102-2020,LED-APA102-2020,372.525,-179.2,180,top
D1456,APA102-2020,LED-APA102-2020,376.525,-179.2,180,top
D1457,APA102-2020,LED-APA102-2020,380.525,-179.2,180,top
D1458,APA102-2020,LED-APA102-2020,384.525,-179.2,180,top
D1459,APA102-2020,LED-APA102-2020,388.525,-179.2,180,top
D1460,APA102-2020,LED-APA102-2020,392.525,-179.2,180,top
D1461,APA102-2020,LED-APA102-2020,396.525,-179.2,180,top
D1462,APA102-2020,LED-APA102-2020,400.525,-179.2,180,top
D1463,APA102-2020,LED-APA102-2020,404.525,-179.2,180,top
D1464,APA102-2020,LED-APA102-2020,408.525,-179.2,180,top
D1465,APA102-2020,LED-APA102-2020,412.525,-179.2,180,top
D1466,APA102-2020,LED-APA102-2020,416.525,-179.2,180,top
D1467,APA102-2020,LED-APA102-2020,420.525,-179.2,180,top
D1468,APA102-2020,LED-APA102-2020,424.525,-179.2,180,top
D1469,APA102-2020,LED-APA102-2020,428.525,-179.2,180,top
D1470,APA102-2020,LED-APA102-2020,432.525,-179.2,180,top
D1471,APA102-2020,LED-APA102-2020,156.525,-183.2,180,top
D1472,APA102-2020,LED-APA102-2020,160.525,-183.2,180,top
D1473,APA102-2020,LED-APA102-2020,164.525,-183.2,180,top
D1474,APA102-2020,LED-APA102-2020,168.525,-183.2,180,top
D1475,APA102-2020,LED-APA102-2020,172.525,-183.2,180,top
D1476,APA102-2020,LED-APA102-2020,176.525,-183.2,180,top
D1477,APA102-2020,LED-APA102-2020,180.525,-183.2,180,top
D1478,APA102-2020,LED-APA102-2020,184.525,-183.2,180,top
D1479,APA102-2020,LED-APA102-2020,188.525,-183.2,180,top
D1480,APA102-2020,LED-APA102-2020,192.525,-183.2,180,top
D1481,APA102-2020,LED-APA102-2020,196.525,-183.2,180,top
D1482,APA102-2020,LED-APA102-2020,200.525,-183.2,180,top
D1483,APA102-2020,LED-APA102-2020,204.525,-183.2,180,top
D1484,APA102-2020,LED-APA102-2020,208.525,-183.2,180,top
D1485,APA102-2020,LED-APA102-2020,212.525,-183.2,180,top
D1486,APA102-2020,LED-APA102-2020,216.525,-183.2,180,top
D1487,APA102-2020,LED-APA102-2020,220.525,-183.2,180,top
D1488,APA102-2020,LED-APA102-2020,224.525,-183.2,180,top
D1489,APA102-2020,LED-APA102-2020,228.525,-183.2,180,top
D1490,APA102-2020,LED-APA102-2020,232.525,-183.2,180,top
D1491,APA102-2020,LED-APA102-2020,236.525,-183.2,180,top
D1492,APA102-2020,LED-APA102-2020,240.525,-183.2,180,top
D1493,APA102-2020,LED-APA102-2020,244.525,-183.2,180,top
D1494,APA102-2020,LED-APA102-2020,248.525,-183.2,180,top
D1495,APA102-2020,LED-APA102-2020,252.525,-183.2,180,top
D1496,APA102-2020,LED-APA102-2020,256.525,-183.2,180,top
D1497,APA102-2020,LED-APA102-2020,260.525,-183.2,180,top
D1498,APA102-2020,LED-APA102-2020,264.525,-183.2,180,top
D1499,APA102-2020,LED-APA102-2020,268.525,-183.2,180,top
D1500,APA102-2020,LED-APA102-2020,272.525,-183.2,180,top
D1501,APA102-2020,LED-APA102-2020,276.525,-183.2,180,top
D1502,APA102-2020,LED-APA102-2020,280.525,-183.2,180,top
D1503,APA102-2020,LED-APA102-2020,284.525,-183.2,180,top
D1504,APA102-2020,LED-APA102-2020,288.525,-183.2,180,top
D1505,APA102-2020,LED-APA102-2020,292.525,-183.2,180,top
D1506,APA102-2020,LED-APA102-2020,296.525,-183.2,180,top
D1507,APA102-2020,LED-APA102-2020,300.525,-183.2,180,top
D1508,APA102-2020,LED-APA102-2020,304.525,-183.2,180,top
D1509,APA102-2020,LED-APA102-2020,308.525,-183.2,180,top
D1510,APA102-2020,LED-APA102-2020,312.525,-183.2,180,top
D1511,APA102-2020,LED-APA102-2020,316.525,-183.2,180,top
D1512,APA102-2020,LED-APA102-2020,320.525,-183.2,180,top
D1513,APA102-2020,LED-APA102-2020,324.525,-183.2,180,top
D1514,APA102-2020,LED-APA102-2020,328.525,-183.2,180,top
D1515,APA102-2020,LED-APA102-2020,332.525,-183.2,180,top
D1516,APA102-2020,LED-APA102-2020,336.525,-183.2,180,top
D1517,APA102-2020,LED-APA102-2020,340.525,-183.2,180,top
D1518,APA102-2020,LED-APA102-2020,344.525,-183.2,180,top
D1519,APA102-2020,LED-APA102-2020,348.525,-183.2,180,top
D1520,APA102-2020,LED-APA102-2020,352.525,-183.2,180,top
D1521,APA102-2020,LED-APA102-2020,356.525,-183.2,180,top
D1522,APA102-2020,LED-APA102-2020,360.525,-183.2,180,top
D1523,APA102-2020,LED-APA102-2020,364.525,-183.2,180,top
D1524,APA102-2020,LED-APA102-2020,368.525,-183.2,180,top
D1525,APA102-2020,LED-APA102-2020,372.525,-183.2,180,top
D1526,APA102-2020,LED-APA102-2020,376.525,-183.2,180,top
D1527,APA102-2020,LED-APA102-2020,380.525,-183.2,180,top
D1528,APA102-2020,LED-APA102-2020,384.525,-183.2,180,top
D1529,APA102-2020,LED-APA102-2020,388.525,-183.2,180,top
D1530,APA102-2020,LED-APA102-2020,392.525,-183.2,180,top
D1531,APA102-2020,LED-APA102-2020,396.525,-183.2,180,top
D1532,APA102-2020,LED-APA102-2020,400.525,-183.2,180,top
D1533,APA102-2020,LED-APA102-2020,404.525,-183.2,180,top
D1534,APA102-2020,LED-APA102-2020,408.525,-183.2,180,top
D1535,APA102-2020,LED-APA102-2020,412.525,-183.2,180,top
D1536,APA102-2020,LED-APA102-2020,416.525,-183.2,180,top
D1537,APA102-2020,LED-APA102-2020,420.525,-183.2,180,top
D1538,APA102-2020,LED-APA102-2020,424.525,-183.2,180,top
D1539,APA102-2020,LED-APA102-2020,428.525,-183.2,180,top
D1540,APA102-2020,LED-APA102-2020,432.525,-183.2,180,top
D1541,APA102-2020,LED-APA102-2020,156.525,-187.2,180,top
D1542,APA102-2020,LED-APA102-2020,160.525,-187.2,180,top
D1543,APA102-2020,LED-APA102-2020,164.525,-187.2,180,top
D1544,APA102-2020,LED-APA102-2020,168.525,-187.2,180,top
D1545,APA102-2020,LED-APA102-2020,172.525,-187.2,180,top
D1546,APA102-2020,LED-APA102-2020,176.525,-187.2,180,top
D1547,APA102-2020,LED-APA102-2020,180.525,-187.2,180,top
D1548,APA102-2020,LED-APA102-2020,184.525,-187.2,180,top
D1549,APA102-2020,LED-APA102-2020,188.525,-187.2,180,top
D1550,APA102-2020,LED-APA102-2020,192.525,-187.2,180,top
D1551,APA102-2020,LED-APA102-2020,196.525,-187.2,180,top
D1552,APA102-2020,LED-APA102-2020,200.525,-187.2,180,top
D1553,APA102-2020,LED-APA102-2020,204.525,-187.2,180,top
D1554,APA102-2020,LED-APA102-2020,208.525,-187.2,180,top
D1555,APA102-2020,LED-APA102-2020,212.525,-187.2,180,top
D1556,APA102-2020,LED-APA102-2020,216.525,-187.2,180,top
D1557,APA102-2020,LED-APA102-2020,220.525,-187.2,180,top
D1558,APA102-2020,LED-APA102-2020,224.525,-187.2,180,top
D1559,APA102-2020,LED-APA102-2020,228.525,-187.2,180,top
D1560,APA102-2020,LED-APA102-2020,232.525,-187.2,180,top
D1561,APA102-2020,LED-APA102-2020,236.525,-187.2,180,top
D1562,APA102-2020,LED-APA102-2020,240.525,-187.2,180,top
D1563,APA102-2020,LED-APA102-2020,244.525,-187.2,180,top
D1564,APA102-2020,LED-APA102-2020,248.525,-187.2,180,top
D1565,APA102-2020,LED-APA102-2020,252.525,-187.2,180,top
D1566,APA102-2020,LED-APA102-2020,256.525,-187.2,180,top
D1567,APA102-2020,LED-APA102-2020,260.525,-187.2,180,top
D1568,APA102-2020,LED-APA102-2020,264.525,-187.2,180,top
D1569,APA102-2020,LED-APA102-2020,268.525,-187.2,180,top
D1570,APA102-2020,LED-APA102-2020,272.525,-187.2,180,top
D1571,APA102-2020,LED-APA102-2020,276.525,-187.2,180,top
D1572,APA102-2020,LED-APA102-2020,280.525,-187.2,180,top
D1573,APA102-2020,LED-APA102-2020,284.525,-187.2,180,top
D1574,APA102-2020,LED-APA102-2020,288.525,-187.2,180,top
D1575,APA102-2020,LED-APA102-2020,292.525,-187.2,180,top
D1576,APA102-2020,LED-APA102-2020,296.525,-187.2,180,top
D1577,APA102-2020,LED-APA102-2020,300.525,-187.2,180,top
D1578,APA102-2020,LED-APA102-2020,304.525,-187.2,180,top
D1579,APA102-2020,LED-APA102-2020,308.525,-187.2,180,top
D1580,APA102-2020,LED-APA102-2020,312.525,-187.2,180,top
D1581,APA102-2020,LED-APA102-2020,316.525,-187.2,180,top
D1582,APA102-2020,LED-APA102-2020,320.525,-187.2,180,top
D1583,APA102-2020,LED-APA102-2020,324.525,-187.2,180,top
D1584,APA102-2020,LED-APA102-2020,328.525,-187.2,180,top
D1585,APA102-2020,LED-APA102-2020,332.525,-187.2,180,top
D1586,APA102-2020,LED-APA102-2020,336.525,-187.2,180,top
D1587,APA102-2020,LED-APA102-2020,340.525,-187.2,180,top
D1588,APA102-2020,LED-APA102-2020,344.525,-187.2,180,top
D1589,APA102-2020,LED-APA102-2020,348.525,-187.2,180,top
D1590,APA102-2020,LED-APA102-2020,352.525,-187.2,180,top
D1591,APA102-2020,LED-APA102-2020,356.525,-187.2,180,top
D1592,APA102-2020,LED-APA102-2020,360.525,-187.2,180,top
D1593,APA102-2020,LED-APA102-2020,364.525,-187.2,180,top
D1594,APA102-2020,LED-APA102-2020,368.525,-187.2,180,top
D1595,APA102-2020,LED-APA102-2020,372.525,-187.2,180,top
D1596,APA102-2020,LED-APA102-2020,376.525,-187.2,180,top
D1597,APA102-2020,LED-APA102-2020,380.525,-187.2,180,top
D1598,APA102-2020,LED-APA102-2020,384.525,-187.2,180,top
D1599,APA102-2020,LED-APA102-2020,388.525,-187.2,180,top
D1600,APA102-2020,LED-APA102-2020,392.525,-187.2,180,top
D1601,APA102-2020,LED-APA102-2020,396.525,-187.2,180,top
D1602,APA102-2020,LED-APA102-2020,400.525,-187.2,180,top
D1603,APA102-2020,LED-APA102-2020,404.525,-187.2,180,top
D1604,APA102-2020,LED-APA102-2020,408.525,-187.2,180,top
D1605,APA102-2020,LED-APA102-2020,412.525,-187.2,180,top
D1606,APA102-2020,LED-APA102-2020,416.525,-187.2,180,top
D1607,APA102-2020,LED-APA102-2020,420.525,-187.2,180,top
D1608,APA102-2020,LED-APA102-2020,424.525,-187.2,180,top
D1609,APA102-2020,LED-APA102-2020,428.525,-187.2,180,top
D1610,APA102-2020,LED-APA102-2020,432.525,-187.2,180,top
D1611,APA102-2020,LED-APA102-2020,156.525,-191.2,180,top
D1612,APA102-2020,LED-APA102-2020,160.525,-191.2,180,top
D1613,APA102-2020,LED-APA102-2020,164.525,-191.2,180,top
D1614,APA102-2020,LED-APA102-2020,168.525,-191.2,180,top
D1615,APA102-2020,LED-APA102-2020,172.525,-191.2,180,top
D1616,APA102-2020,LED-APA102-2020,176.525,-191.2,180,top
D1617,APA102-2020,LED-APA102-2020,180.525,-191.2,180,top
D1618,APA102-2020,LED-APA102-2020,184.525,-191.2,180,top
D1619,APA102-2020,LED-APA102-2020,188.525,-191.2,180,top
D1620,APA102-2020,LED-APA102-2020,192.525,-191.2,180,top
D1621,APA102-2020,LED-APA102-2020,196.525,-191.2,180,top
D1622,APA102-2020,LED-APA102-2020,200.525,-191.2,180,top
D1623,APA102-2020,LED-APA102-2020,204.525,-191.2,180,top
D1624,APA102-2020,LED-APA102-2020,208.525,-191.2,180,top
D1625,APA102-2020,LED-APA102-2020,212.525,-191.2,180,top
D1626,APA102-2020,LED-APA102-2020,216.525,-191.2,180,top
D1627,APA102-2020,LED-APA102-2020,220.525,-191.2,180,top
D1628,APA102-2020,LED-APA102-2020,224.525,-191.2,180,top
D1629,APA102-2020,LED-APA102-2020,228.525,-191.2,180,top
D1630,APA102-2020,LED-APA102-2020,232.525,-191.2,180,top
D1631,APA102-2020,LED-APA102-2020,236.525,-191.2,180,top
D1632,APA102-2020,LED-APA102-2020,240.525,-191.2,180,top
D1633,APA102-2020,LED-APA102-2020,244.525,-191.2,180,top
D1634,APA102-2020,LED-APA102-2020,248.525,-191.2,180,top
D1635,APA102-2020,LED-APA102-2020,252.525,-191.2,180,top
D1636,APA102-2020,LED-APA102-2020,256.525,-191.2,180,top
D1637,APA102-2020,LED-APA102-2020,260.525,-191.2,180,top
D1638,APA102-2020,LED-APA102-2020,264.525,-191.2,180,top
D1639,APA102-2020,LED-APA102-2020,268.525,-191.2,180,top
D1640,APA102-2020,LED-APA102-2020,272.525,-191.2,180,top
D1641,APA102-2020,LED-APA102-2020,276.525,-191.2,180,top
D1642,APA102-2020,LED-APA102-2020,280.525,-191.2,180,top
D1643,APA102-2020,LED-APA102-2020,284.525,-191.2,180,top
D1644,APA102-2020,LED-APA102-2020,288.525,-191.2,180,top
D1645,APA102-2020,LED-APA102-2020,292.525,-191.2,180,top
D1646,APA102-2020,LED-APA102-2020,296.525,-191.2,180,top
D1647,APA102-2020,LED-APA102-2020,300.525,-191.2,180,top
D1648,APA102-2020,LED-APA102-2020,304.525,-191.2,180,top
D1649,APA102-2020,LED-APA102-2020,308.525,-191.2,180,top
D1650,APA102-2020,LED-APA102-2020,312.525,-191.2,180,top
D1651,APA102-2020,LED-APA102-2020,316.525,-191.2,180,top
D1652,APA102-2020,LED-APA102-2020,320.525,-191.2,180,top
D1653,APA102-2020,LED-APA102-2020,324.525,-191.2,180,top
D1654,APA102-2020,LED-APA102-2020,328.525,-191.2,180,top
D1655,APA102-2020,LED-APA102-2020,332.525,-191.2,180,top
D1656,APA102-2020,LED-APA102-2020,336.525,-191.2,180,top
D1657,APA102-2020,LED-APA102-2020,340.525,-191.2,180,top
D1658,APA102-2020,LED-APA102-2020,344.525,-191.2,180,top
D1659,APA102-2020,LED-APA102-2020,348.525,-191.2,180,top
D1660,APA102-2020,LED-APA102-2020,352.525,-191.2,180,top
D1661,APA102-2020,LED-APA102-2020,356.525,-191.2,180,top
D1662,APA102-2020,LED-APA102-2020,360.525,-191.2,180,top
D1663,APA102-2020,LED-APA102-2020,364.525,-191.2,180,top
D1664,APA102-2020,LED-APA102-2020,368.525,-191.2,180,top
D1665,APA102-2020,LED-APA102-2020,372.525,-191.2,180,top
D1666,APA102-2020,LED-APA102-2020,376.525,-191.2,180,top
D1667,APA102-2020,LED-APA102-2020,380.525,-191.2,180,top
D1668,APA102-2020,LED-APA102-2020,384.525,-191.2,180,top
D1669,APA102-2020,LED-APA102-2020,388.525,-191.2,180,top
D1670,APA102-2020,LED-APA102-2020,392.525,-191.2,180,top
D1671,APA102-2020,LED-APA102-2020,396.525,-191.2,180,top
D1672,APA102-2020,LED-APA102-2020,400.525,-191.2,180,top
D1673,APA102-2020,LED-APA102-2020,404.525,-191.2,180,top
D1674,APA102-2020,LED-APA102-2020,408.525,-191.2,180,top
D1675,APA102-2020,LED-APA102-2020,412.525,-191.2,180,top
D1676,APA102-2020,LED-APA102-2020,416.525,-191.2,180,top
D1677,APA102-2020,LED-APA102-2020,420.525,-191.2,180,top
D1678,APA102-2020,LED-APA102-2020,424.525,-191.2,180,top
D1679,APA102-2020,LED-APA102-2020,428.525,-191.2,180,top
D1680,APA102-2020,LED-APA102-2020,432.525,-191.2,180,top
D1681,APA102-2020,LED-APA102-2020,156.525,-195.2,180,top
D1682,APA102-2020,LED-APA102-2020,160.525,-195.2,180,top
D1683,APA102-2020,LED-APA102-2020,164.525,-195.2,180,top
D1684,APA102-2020,LED-APA102-2020,168.525,-195.2,180,top
D1685,APA102-2020,LED-APA102-2020,172.525,-195.2,180,top
D1686,APA102-2020,LED-APA102-2020,176.525,-195.2,180,top
D1687,APA102-2020,LED-APA102-2020,180.525,-195.2,180,top
D1688,APA102-2020,LED-APA102-2020,184.525,-195.2,180,top
D1689,APA102-2020,LED-APA102-2020,188.525,-195.2,180,top
D1690,APA102-2020,LED-APA102-2020,192.525,-195.2,180,top
D1691,APA102-2020,LED-APA102-2020,196.525,-195.2,180,top
D1692,APA102-2020,LED-APA102-2020,200.525,-195.2,180,top
D1693,APA102-2020,LED-APA102-2020,204.525,-195.2,180,top
D1694,APA102-2020,LED-APA102-2020,208.525,-195.2,180,top
D1695,APA102-2020,LED-APA102-2020,212.525,-195.2,180,top
D1696,APA102-2020,LED-APA102-2020,216.525,-195.2,180,top
D1697,APA102-2020,LED-APA102-2020,220.525,-195.2,180,top
D1698,APA102-2020,LED-APA102-2020,224.525,-195.2,180,top
D1699,APA102-2020,LED-APA102-2020,228.525,-195.2,180,top
D1700,APA102-2020,LED-APA102-2020,232.525,-195.2,180,top
D1701,APA102-2020,LED-APA102-2020,236.525,-195.2,180,top
D1702,APA102-2020,LED-APA102-2020,240.525,-195.2,180,top
D1703,APA102-2020,LED-APA102-2020,244.525,-195.2,180,top
D1704,APA102-2020,LED-APA102-2020,248.525,-195.2,180,top
D1705,APA102-2020,LED-APA102-2020,252.525,-195.2,180,top
D1706,APA102-2020,LED-APA102-2020,256.525,-195.2,180,top
D1707,APA102-2020,LED-APA102-2020,260.525,-195.2,180,top
D1708,APA102-2020,LED-APA102-2020,264.525,-195.2,180,top
D1709,APA102-2020,LED-APA102-2020,268.525,-195.2,180,top
D1710,APA102-2020,LED-APA102-2020,272.525,-195.2,180,top
D1711,APA102-2020,LED-APA102-2020,276.525,-195.2,180,top
D1712,APA102-2020,LED-APA102-2020,280.525,-195.2,180,top
D1713,APA102-2020,LED-APA102-2020,284.525,-195.2,180,top
D1714,APA102-2020,LED-APA102-2020,288.525,-195.2,180,top
D1715,APA102-2020,LED-APA102-2020,292.525,-195.2,180,top
D1716,APA102-2020,LED-APA102-2020,296.525,-195.2,180,top
D1717,APA102-2020,LED-APA102-2020,300.525,-195.2,180,top
D1718,APA102-2020,LED-APA102-2020,304.525,-195.2,180,top
D1719,APA102-2020,LED-APA102-2020,308.525,-195.2,180,top
D1720,APA102-2020,LED-APA102-2020,312.525,-195.2,180,top
D1721,APA102-2020,LED-APA102-2020,316.525,-195.2,180,top
D1722,APA102-2020,LED-APA102-2020,320.525,-195.2,180,top
D1723,APA102-2020,LED-APA102-2020,324.525,-195.2,180,top
D1724,APA102-2020,LED-APA102-2020,328.525,-195.2,180,top
D1725,APA102-2020,LED-APA102-2020,332.525,-195.2,180,top
D1726,APA102-2020,LED-APA102-2020,336.525,-195.2,180,top
D1727,APA102-2020,LED-APA102-2020,340.525,-195.2,180,top
D1728,APA102-2020,LED-APA102-2020,344.525,-195.2,180,top
D1729,APA102-2020,LED-APA102-2020,348.525,-195.2,180,top
D1730,APA102-2020,LED-APA102-2020,352.525,-195.2,180,top
D1731,APA102-2020,LED-APA102-2020,356.525,-195.2,180,top
D1732,APA102-2020,LED-APA102-2020,360.525,-195.2,180,top
D1733,APA102-2020,LED-APA102-2020,364.525,-195.2,180,top
D1734,APA102-2020,LED-APA102-2020,368.525,-195.2,180,top
D1735,APA102-2020,LED-APA102-2020,372.525,-195.2,180,top
D1736,APA102-2020,LED-APA102-2020,376.525,-195.2,180,top
D1737,APA102-2020,LED-APA102-2020,380.525,-195.2,180,top
D1738,APA102-2020,LED-APA102-2020,384.525,-195.2,180,top
D1739,APA102-2020,LED-APA102-2020,388.525,-195.2,180,top
D1740,APA102-2020,LED-APA102-2020,392.525,-195.2,180,top
D1741,APA102-2020,LED-APA102-2020,396.525,-195.2,180,top
D1742,APA102-2020,LED-APA102-2020,400.525,-195.2,180,top
D1743,APA102-2020,LED-APA102-2020,404.525,-195.2,180,top
D1744,APA102-2020,LED-APA102-2020,408.525,-195.2,180,top
D1745,APA102-2020,LED-APA102-2020,412.525,-195.2,180,top
D1746,APA102-2020,LED-APA102-2020,416.525,-195.2,180,top
D1747,APA102-2020,LED-APA102-2020,420.525,-195.2,180,top
D1748,APA102-2020,LED-APA102-2020,424.525,-195.2,180,top
D1749,APA102-2020,LED-APA102-2020,428.525,-195.2,180,top
D1750,APA102-2020,LED-APA102-2020,432.525,-195.2,180,top
D1751,APA102-2020,LED-APA102-2020,156.525,-199.2,180,top
D1752,APA102-2020,LED-APA102-2020,160.525,-199.2,180,top
D1753,APA102-2020,LED-APA102-2020,164.525,-199.2,180,top
D1754,APA102-2020,LED-APA102-2020,168.525,-199.2,180,top
D1755,APA102-2020,LED-APA102-2020,172.525,-199.2,180,top
D1756,APA102-2020,LED-APA102-2020,176.525,-199.2,180,top
D1757,APA102-2020,LED-APA102-2020,180.525,-199.2,180,top
D1758,APA102-2020,LED-APA102-2020,184.525,-199.2,180,top
D1759,APA102-2020,LED-APA102-2020,188.525,-199.2,180,top
D1760,APA102-2020,LED-APA102-2020,192.525,-199.2,180,top
D1761,APA102-2020,LED-APA102-2020,196.525,-199.2,180,top
D1762,APA102-2020,LED-APA102-2020,200.525,-199.2,180,top
D1763,APA102-2020,LED-APA102-2020,204.525,-199.2,180,top
D1764,APA102-2020,LED-APA102-2020,208.525,-199.2,180,top
D1765,APA102-2020,LED-APA102-2020,212.525,-199.2,180,top
D1766,APA102-2020,LED-APA102-2020,216.525,-199.2,180,top
D1767,APA102-2020,LED-APA102-2020,220.525,-199.2,180,top
D1768,APA102-2020,LED-APA102-2020,224.525,-199.2,180,top
D1769,APA102-2020,LED-APA102-2020,228.525,-199.2,180,top
D1770,APA102-2020,LED-APA102-2020,232.525,-199.2,180,top
D1771,APA102-2020,LED-APA102-2020,236.525,-199.2,180,top
D1772,APA102-2020,LED-APA102-2020,240.525,-199.2,180,top
D1773,APA102-2020,LED-APA102-2020,244.525,-199.2,180,top
D1774,APA102-2020,LED-APA102-2020,248.525,-199.2,180,top
D1775,APA102-2020,LED-APA102-2020,252.525,-199.2,180,top
D1776,APA102-2020,LED-APA102-2020,256.525,-199.2,180,top
D1777,APA102-2020,LED-APA102-2020,260.525,-199.2,180,top
D1778,APA102-2020,LED-APA102-2020,264.525,-199.2,180,top
D1779,APA102-2020,LED-APA102-2020,268.525,-199.2,180,top
D1780,APA102-2020,LED-APA102-2020,272.525,-199.2,180,top
D1781,APA102-2020,LED-APA102-2020,276.525,-199.2,180,top
D1782,APA102-2020,LED-APA102-2020,280.525,-199.2,180,top
D1783,APA102-2020,LED-APA102-2020,284.525,-199.2,180,top
D1784,APA102-2020,LED-APA102-2020,288.525,-199.2,180,top
D1785,APA102-2020,LED-APA102-2020,292.525,-199.2,180,top
D1786,APA102-2020,LED-APA102-2020,296.525,-199.2,180,top
D1787,APA102-2020,LED-APA102-2020,300.525,-199.2,180,top
D1788,APA102-2020,LED-APA102-2020,304.525,-199.2,180,top
D1789,APA102-2020,LED-APA102-2020,308.525,-199.2,180,top
D1790,APA102-2020,LED-APA102-2020,312.525,-199.2,180,top
D1791,APA102-2020,LED-APA102-2020,316.525,-199.2,180,top
D1792,APA102-2020,LED-APA102-2020,320.525,-199.2,180,top
D1793,APA102-2020,LED-APA102-2020,324.525,-199.2,180,top
D1794,APA102-2020,LED-APA102-2020,328.525,-199.2,180,top
D1795,APA102-2020,LED-APA102-2020,332.525,-199.2,180,top
D1796,APA102-2020,LED-APA102-2020,336.525,-199.2,180,top
D1797,APA102-2020,LED-APA102-2020,340.525,-199.2,180,top
D1798,APA102-2020,LED-APA102-2020,344.525,-199.2,180,top
D1799,APA102-2020,LED-APA102-2020,348.525,-199.2,180,top
D1800,APA102-2020,LED-APA102-2020,352.525,-199.2,180,top
D1801,APA102-2020,LED-APA102-2020,356.525,-199.2,180,top
D1802,APA102-2020,LED-APA102-2020,360.525,-199.2,180,top
D1803,APA102-2020,LED-APA102-2020,364.525,-199.2,180,top
D1804,APA102-2020,LED-APA102-2020,368.525,-199.2,180,top
D1805,APA102-2020,LED-APA102-2020,372.525,-199.2,180,top
D1806,APA102-2020,LED-APA102-2020,376.525,-199.2,180,top
D1807,APA102-2020,LED-APA102-2020,380.525,-199.2,180,top
D1808,APA102-2020,LED-APA102-2020,384.525,-199.2,180,top
D1809,APA102-2020,LED-APA102-2020,388.525,-199.2,180,top
D1810,APA102-2020,LED-APA102-2020,392.525,-199.2,180,top
D1811,APA102-2020,LED-APA102-2020,396.525,-199.2,180,top
D1812,APA102-2020,LED-APA102-2020,400.525,-199.2,180,top
D1813,APA102-2020,LED-APA102-2020,404.525,-199.2,180,top
D1814,APA102-2020,LED-APA102-2020,408.525,-199.2,180,top
D1815,APA102-2020,LED-APA102-2020,412.525,-199.2,180,top
D1816,APA102-2020,LED-APA102-2020,416.525,-199.2,180,top
D1817,APA102-2020,LED-APA102-2020,420.525,-199.2,180,top
D1818,APA102-2020,LED-APA102-2020,424.525,-199.2,180,top
D1819,APA102-2020,LED-APA102-2020,428.525,-199.2,180,top
D1820,APA102-2020,LED-APA102-2020,432.525,-199.2,180,top
D1821,APA102-2020,LED-APA102-2020,156.525,-203.2,180,top
D1822,APA102-2020,LED-APA102-2020,160.525,-203.2,180,top
D1823,APA102-2020,LED-APA102-2020,164.525,-203.2,180,top
D1824,APA102-2020,LED-APA102-2020,168.525,-203.2,180,top
D1825,APA102-2020,LED-APA102-2020,172.525,-203.2,180,top
D1826,APA102-2020,LED-APA102-2020,176.525,-203.2,180,top
D1827,APA102-2020,LED-APA102-2020,180.525,-203.2,180,top
D1828,APA102-2020,LED-APA102-2020,184.525,-203.2,180,top
D1829,APA102-2020,LED-APA102-2020,188.525,-203.2,180,top
D1830,APA102-2020,LED-APA102-2020,192.525,-203.2,180,top
D1831,APA102-2020,LED-APA102-2020,196.525,-203.2,180,top
D1832,APA102-2020,LED-APA102-2020,200.525,-203.2,180,top
D1833,APA102-2020,LED-APA102-2020,204.525,-203.2,180,top
D1834,APA102-2020,LED-APA102-2020,208.525,-203.2,180,top
D1835,APA102-2020,LED-APA102-2020,212.525,-203.2,180,top
D1836,APA102-2020,LED-APA102-2020,216.525,-203.2,180,top
D1837,APA102-2020,LED-APA102-2020,220.525,-203.2,180,top
D1838,APA102-2020,LED-APA102-2020,224.525,-203.2,180,top
D1839,APA102-2020,LED-APA102-2020,228.525,-203.2,180,top
D1840,APA102-2020,LED-APA102-2020,232.525,-203.2,180,top
D1841,APA102-2020,LED-APA102-2020,236.525,-203.2,180,top
D1842,APA102-2020,LED-APA102-2020,240.525,-203.2,180,top
D1843,APA102-2020,LED-APA102-2020,244.525,-203.2,180,top
D1844,APA102-2020,LED-APA102-2020,248.525,-203.2,180,top
D1845,APA102-2020,LED-APA102-2020,252.525,-203.2,180,top
D1846,APA102-2020,LED-APA102-2020,256.525,-203.2,180,top
D1847,APA102-2020,LED-APA102-2020,260.525,-203.2,180,top
D1848,APA102-2020,LED-APA102-2020,264.525,-203.2,180,top
D1849,APA102-2020,LED-APA102-2020,268.525,-203.2,180,top
D1850,APA102-2020,LED-APA102-2020,272.525,-203.2,180,top
D1851,APA102-2020,LED-APA102-2020,276.525,-203.2,180,top
D1852,APA102-2020,LED-APA102-2020,280.525,-203.2,180,top
D1853,APA102-2020,LED-APA102-2020,284.525,-203.2,180,top
D1854,APA102-2020,LED-APA102-2020,288.525,-203.2,180,top
D1855,APA102-2020,LED-APA102-2020,292.525,-203.2,180,top
D1856,APA102-2020,LED-APA102-2020,296.525,-203.2,180,top
D1857,APA102-2020,LED-APA102-2020,300.525,-203.2,180,top
D1858,APA102-2020,LED-APA102-2020,304.525,-203.2,180,top
D1859,APA102-2020,LED-APA102-2020,308.525,-203.2,180,top
D1860,APA102-2020,LED-APA102-2020,312.525,-203.2,180,top
D1861,APA102-2020,LED-APA102-2020,316.525,-203.2,180,top
D1862,APA102-2020,LED-APA102-2020,320.525,-203.2,180,top
D1863,APA102-2020,LED-APA102-2020,324.525,-203.2,180,top
D1864,APA102-2020,LED-APA102-2020,328.525,-203.2,180,top
D1865,APA102-2020,LED-APA102-2020,332.525,-203.2,180,top
D1866,APA102-2020,LED-APA102-2020,336.525,-203.2,180,top
D1867,APA102-2020,LED-APA102-2020,340.525,-203.2,180,top
D1868,APA102-2020,LED-APA102-2020,344.525,-203.2,180,top
D1869,APA102-2020,LED-APA102-2020,348.525,-203.2,180,top
D1870,APA102-2020,LED-APA102-2020,352.525,-203.2,180,top
D1871,APA102-2020,LED-APA102-2020,356.525,-203.2,180,top
D1872,APA102-2020,LED-APA102-2020,360.525,-203.2,180,top
D1873,APA102-2020,LED-APA102-2020,364.525,-203.2,180,top
D1874,APA102-2020,LED-APA102-2020,368.525,-203.2,180,top
D1875,APA102-2020,LED-APA102-2020,372.525,-203.2,180,top
D1876,APA102-2020,LED-APA102-2020,376.525,-203.2,180,top
D1877,APA102-2020,LED-APA102-2020,380.525,-203.2,180,top
D1878,APA102-2020,LED-APA102-2020,384.525,-203.2,180,top
D1879,APA102-2020,LED-APA102-2020,388.525,-203.2,180,top
D1880,APA102-2020,LED-APA102-2020,392.525,-203.2,180,top
D1881,APA102-2020,LED-APA102-2020,396.525,-203.2,180,top
D1882,APA102-2020,LED-APA102-2020,400.525,-203.2,180,top
D1883,APA102-2020,LED-APA102-2020,404.525,-203.2,180,top
D1884,APA102-2020,LED-APA102-2020,408.525,-203.2,180,top
D1885,APA102-2020,LED-APA102-2020,412.525,-203.2,180,top
D1886,APA102-2020,LED-APA102-2020,416.525,-203.2,180,top
D1887,APA102-2020,LED-APA102-2020,420.525,-203.2,180,top
D1888,APA102-2020,LED-APA102-2020,424.525,-203.2,180,top
D1889,APA102-2020,LED-APA102-2020,428.525,-203.2,180,top
D1890,APA102-2020,LED-APA102-2020,432.525,-203.2,180,top
D1891,APA102-2020,LED-APA102-2020,156.525,-207.2,180,top
D1892,APA102-2020,LED-APA102-2020,160.525,-207.2,180,top
D1893,APA102-2020,LED-APA102-2020,164.525,-207.2,180,top
D1894,APA102-2020,LED-APA102-2020,168.525,-207.2,180,top
D1895,APA102-2020,LED-APA102-2020,172.525,-207.2,180,top
D1896,APA102-2020,LED-APA102-2020,176.525,-207.2,180,top
D1897,APA102-2020,LED-APA102-2020,180.525,-207.2,180,top
D1898,APA102-2020,LED-APA102-2020,184.525,-207.2,180,top
D1899,APA102-2020,LED-APA102-2020,188.525,-207.2,180,top
D1900,APA102-2020,LED-APA102-2020,192.525,-207.2,180,top
D1901,APA102-2020,LED-APA102-2020,196.525,-207.2,180,top
D1902,APA102-2020,LED-APA102-2020,200.525,-207.2,180,top
D1903,APA102-2020,LED-APA102-2020,204.525,-207.2,180,top
D1904,APA102-2020,LED-APA102-2020,208.525,-207.2,180,top
D1905,APA102-2020,LED-APA102-2020,212.525,-207.2,180,top
D1906,APA102-2020,LED-APA102-2020,216.525,-207.2,180,top
D1907,APA102-2020,LED-APA102-2020,220.525,-207.2,180,top
D1908,APA102-2020,LED-APA102-2020,224.525,-207.2,180,top
D1909,APA102-2020,LED-APA102-2020,228.525,-207.2,180,top
D1910,APA102-2020,LED-APA102-2020,232.525,-207.2,180,top
D1911,APA102-2020,LED-APA102-2020,236.525,-207.2,180,top
D1912,APA102-2020,LED-APA102-2020,240.525,-207.2,180,top
D1913,APA102-2020,LED-APA102-2020,244.525,-207.2,180,top
D1914,APA102-2020,LED-APA102-2020,248.525,-207.2,180,top
D1915,APA102-2020,LED-APA102-2020,252.525,-207.2,180,top
D1916,APA102-2020,LED-APA102-2020,256.525,-207.2,180,top
D1917,APA102-2020,LED-APA102-2020,260.525,-207.2,180,top
D1918,APA102-2020,LED-APA102-2020,264.525,-207.2,180,top
D1919,APA102-2020,LED-APA102-2020,268.525,-207.2,180,top
D1920,APA102-2020,LED-APA102-2020,272.525,-207.2,180,top
D1921,APA102-2020,LED-APA102-2020,276.525,-207.2,180,top
D1922,APA102-2020,LED-APA102-2020,280.525,-207.2,180,top
D1923,APA102-2020,LED-APA102-2020,284.525,-207.2,180,top
D1924,APA102-2020,LED-APA102-2020,288.525,-207.2,180,top
D1925,APA102-2020,LED-APA102-2020,292.525,-207.2,180,top
D1926,APA102-2020,LED-APA102-2020,296.525,-207.2,180,top
D1927,APA102-2020,LED-APA102-2020,300.525,-207.2,180,top
D1928,APA102-2020,LED-APA102-2020,304.525,-207.2,180,top
D1929,APA102-2020,LED-APA102-2020,308.525,-207.2,180,top
D1930,APA102-2020,LED-APA102-2020,312.525,-207.2,180,top
D1931,APA102-2020,LED-APA102-2020,316.525,-207.2,180,top
D1932,APA102-2020,LED-APA102-2020,320.525,-207.2,180,top
D1933,APA102-2020,LED-APA102-2020,324.525,-207.2,180,top
D1934,APA102-2020,LED-APA102-2020,328.525,-207.2,180,top
D1935,APA102-2020,LED-APA102-2020,332.525,-207.2,180,top
D1936,APA102-2020,LED-APA102-2020,336.525,-207.2,180,top
D1937,APA102-2020,LED-APA102-2020,340.525,-207.2,180,top
D1938,APA102-2020,LED-APA102-2020,344.525,-207.2,180,top
D1939,APA102-2020,LED-APA102-2020,348.525,-207.2,180,top
D1940,APA102-2020,LED-APA102-2020,352.525,-207.2,180,top
D1941,APA102-2020,LED-APA102-2020,356.525,-207.2,180,top
D1942,APA102-2020,LED-APA102-2020,360.525,-207.2,180,top
D1943,APA102-2020,LED-APA102-2020,364.525,-207.2,180,top
D1944,APA102-2020,LED-APA102-2020,368.525,-207.2,180,top
D1945,APA102-2020,LED-APA102-2020,372.525,-207.2,180,top
D1946,APA102-2020,LED-APA102-2020,376.525,-207.2,180,top
D1947,APA102-2020,LED-APA102-2020,380.525,-207.2,180,top
D1948,APA102-2020,LED-APA102-2020,384.525,-207.2,180,top
D1949,APA102-2020,LED-APA102-2020,388.525,-207.2,180,top
D1950,APA102-2020,LED-APA102-2020,392.525,-207.2,180,top
D1951,APA102-2020,LED-APA102-2020,396.525,-207.2,180,top
D1952,APA102-2020,LED-APA102-2020,400.525,-207.2,180,top
D1953,APA102-2020,LED-APA102-2020,404.525,-207.2,180,top
D1954,APA102-2020,LED-APA102-2020,408.525,-207.2,180,top
D1955,APA102-2020,LED-APA102-2020,412.525,-207.2,180,top
D1956,APA102-2020,LED-APA102-2020,416.525,-207.2,180,top
D1957,APA102-2020,LED-APA102-2020,420.525,-207.2,180,top
D1958,APA102-2020,LED-APA102-2020,424.525,-207.2,180,top
D1959,APA102-2020,LED-APA102-2020,428.525,-207.2,180,top
D1960,APA102-2020,LED-APA102-2020,432.525,-207.2,180,top
D1961,APA102-2020,LED-APA102-2020,156.525,-211.2,180,top
D1962,APA102-2020,LED-APA102-2020,160.525,-211.2,180,top
D1963,APA102-2020,LED-APA102-2020,164.525,-211.2,180,top
D1964,APA102-2020,LED-APA102-2020,168.525,-211.2,180,top
D1965,APA102-2020,LED-APA102-2020,172.525,-211.2,180,top
D1966,APA102-2020,LED-APA102-2020,176.525,-211.2,180,top
D1967,APA102-2020,LED-APA102-2020,180.525,-211.2,180,top
D1968,APA102-2020,LED-APA102-2020,184.525,-211.2,180,top
D1969,APA102-2020,LED-APA102-2020,188.525,-211.2,180,top
D1970,APA102-2020,LED-APA102-2020,192.525,-211.2,180,top
D1971,APA102-2020,LED-APA102-2020,196.525,-211.2,180,top
D1972,APA102-2020,LED-APA102-2020,200.525,-211.2,180,top
D1973,APA102-2020,LED-APA102-2020,204.525,-211.2,180,top
D1974,APA102-2020,LED-APA102-2020,208.525,-211.2,180,top
D1975,APA102-2020,LED-APA102-2020,212.525,-211.2,180,top
D1976,APA102-2020,LED-APA102-2020,216.525,-211.2,180,top
D1977,APA102-2020,LED-APA102-2020,220.525,-211.2,180,top
D1978,APA102-2020,LED-APA102-2020,224.525,-211.2,180,top
D1979,APA102-2020,LED-APA102-2020,228.525,-211.2,180,top
D1980,APA102-2020,LED-APA102-2020,232.525,-211.2,180,top
D1981,APA102-2020,LED-APA102-2020,236.525,-211.2,180,top
D1982,APA102-2020,LED-APA102-2020,240.525,-211.2,180,top
D1983,APA102-2020,LED-APA102-2020,244.525,-211.2,180,top
D1984,APA102-2020,LED-APA102-2020,248.525,-211.2,180,top
D1985,APA102-2020,LED-APA102-2020,252.525,-211.2,180,top
D1986,APA102-2020,LED-APA102-2020,256.525,-211.2,180,top
D1987,APA102-2020,LED-APA102-2020,260.525,-211.2,180,top
D1988,APA102-2020,LED-APA102-2020,264.525,-211.2,180,top
D1989,APA102-2020,LED-APA102-2020,268.525,-211.2,180,top
D1990,APA102-2020,LED-APA102-2020,272.525,-211.2,180,top
D1991,APA102-2020,LED-APA102-2020,276.525,-211.2,180,top
D1992,APA102-2020,LED-APA102-2020,280.525,-211.2,180,top
D1993,APA102-2020,LED-APA102-2020,284.525,-211.2,180,top
D1994,APA102-2020,LED-APA102-2020,288.525,-211.2,180,top
D1995,APA102-2020,LED-APA102-2020,292.525,-211.2,180,top
D1996,APA102-2020,LED-APA102-2020,296.525,-211.2,180,top
D1997,APA102-2020,LED-APA102-2020,300.525,-211.2,180,top
D1998,APA102-2020,LED-APA102-2020,304.525,-211.2,180,top
D1999,APA102-2020,LED-APA102-2020,308.525,-211.2,180,top
D2000,APA102-2020,LED-APA102-2020,312.525,-211.2,180,top
D2001,APA102-2020,LED-APA102-2020,316.525,-211.2,180,top
D2002,APA102-2020,LED-APA102-2020,320.525,-211.2,180,top
D2003,APA102-2020,LED-APA102-2020,324.525,-211.2,180,top
D2004,APA102-2020,LED-APA102-2020,328.525,-211.2,180,top
D2005,APA102-2020,LED-APA102-2020,332.525,-211.2,180,top
D2006,APA102-2020,LED-APA102-2020,336.525,-211.2,180,top
D2007,APA102-2020,LED-APA102-2020,340.525,-211.2,180,top
D2008,APA102-2020,LED-APA102-2020,344.525,-211.2,180,top
D2009,APA102-2020,LED-APA102-2020,348.525,-211.2,180,top
D2010,APA102-2020,LED-APA102-2020,352.525,-211.2,180,top
D2011,APA102-2020,LED-APA102-2020,356.525,-211.2,180,top
D2012,APA102-2020,LED-APA102-2020,360.525,-211.2,180,top
D2013,APA102-2020,LED-APA102-2020,364.525,-211.2,180,top
D2014,APA102-2020,LED-APA102-2020,368.525,-211.2,180,top
D2015,APA102-2020,LED-APA102-2020,372.525,-211.2,180,top
D2016,APA102-2020,LED-APA102-2020,376.525,-211.2,180,top
D2017,APA102-2020,LED-APA102-2020,380.525,-211.2,180,top
D2018,APA102-2020,LED-APA102-2020,384.525,-211.2,180,top
D2019,APA102-2020,LED-APA102-2020,388.525,-211.2,180,top
D2020,APA102-2020,LED-APA102-2020,392.525,-211.2,180,top
D2021,APA102-2020,LED-APA102-2020,396.525,-211.2,180,top
D2022,APA102-2020,LED-APA102-2020,400.525,-211.2,180,top
D2023,APA102-2020,LED-APA102-2020,404.525,-211.2,180,top
D2024,APA102-2020,LED-APA102-2020,408.525,-211.2,180,top
D2025,APA102-2020,LED-APA102-2020,412.525,-211.2,180,top
D2026,APA102-2020,LED-APA102-2020,416.525,-211.2,180,top
D2027,APA102-2020,LED-APA102-2020,420.525,-211.2,180,top
D2028,APA102-2020,LED-APA102-2020,424.525,-211.2,180,top
D2029,APA102-2020,LED-APA102-2020,428.525,-211.2,180,top
D2030,APA102-2020,LED-APA102-2020,432.525,-211.2,180,top
D2031,APA102-2020,LED-APA102-2020,156.525,-215.2,180,top
D2032,APA102-2020,LED-APA102-2020,160.525,-215.2,180,top
D2033,APA102-2020,LED-APA102-2020,164.525,-215.2,180,top
D2034,APA102-2020,LED-APA102-2020,168.525,-215.2,180,top
D2035,APA102-2020,LED-APA102-2020,172.525,-215.2,180,top
D2036,APA102-2020,LED-APA102-2020,176.525,-215.2,180,top
D2037,APA102-2020,LED-APA102-2020,180.525,-215.2,180,top
D2038,APA102-2020,LED-APA102-2020,184.525,-215.2,180,top
D2039,APA102-2020,LED-APA102-2020,188.525,-215.2,180,top
D2040,APA102-2020,LED-APA102-2020,192.525,-215.2,180,top
D2041,APA102-2020,LED-APA102-2020,196.525,-215.2,180,top
D2042,APA102-2020,LED-APA102-2020,200.525,-215.2,180,top
D2043,APA102-2020,LED-APA102-2020,204.525,-215.2,180,top
D2044,APA102-2020,LED-APA102-2020,208.525,-215.2,180,top
D2045,APA102-2020,LED-APA102-2020,212.525,-215.2,180,top
D2046,APA102-2020,LED-APA102-2020,216.525,-215.2,180,top
D2047,APA102-2020,LED-APA102-2020,220.525,-215.2,180,top
D2048,APA102-2020,LED-APA102-2020,224.525,-215.2,180,top
D2049,APA102-2020,LED-APA102-2020,228.525,-215.2,180,top
D2050,APA102-2020,LED-APA102-2020,232.525,-215.2,180,top
D2051,APA102-2020,LED-APA102-2020,236.525,-215.2,180,top
D2052,APA102-2020,LED-APA102-2020,240.525,-215.2,180,top
D2053,APA102-2020,LED-APA102-2020,244.525,-215.2,180,top
D2054,APA102-2020,LED-APA102-2020,248.525,-215.2,180,top
D2055,APA102-2020,LED-APA102-2020,252.525,-215.2,180,top
D2056,APA102-2020,LED-APA102-2020,256.525,-215.2,180,top
D2057,APA102-2020,LED-APA102-2020,260.525,-215.2,180,top
D2058,APA102-2020,LED-APA102-2020,264.525,-215.2,180,top
D2059,APA102-2020,LED-APA102-2020,268.525,-215.2,180,top
D2060,APA102-2020,LED-APA102-2020,272.525,-215.2,180,top
D2061,APA102-2020,LED-APA102-2020,276.525,-215.2,180,top
D2062,APA102-2020,LED-APA102-2020,280.525,-215.2,180,top
D2063,APA102-2020,LED-APA102-2020,284.525,-215.2,180,top
D2064,APA102-2020,LED-APA102-2020,288.525,-215.2,180,top
D2065,APA102-2020,LED-APA102-2020,292.525,-215.2,180,top
D2066,APA102-2020,LED-APA102-2020,296.525,-215.2,180,top
D2067,APA102-2020,LED-APA102-2020,300.525,-215.2,180,top
D2068,APA102-2020,LED-APA102-2020,304.525,-215.2,180,top
D2069,APA102-2020,LED-APA102-2020,308.525,-215.2,180,top
D2070,APA102-2020,LED-APA102-2020,312.525,-215.2,180,top
D2071,APA102-2020,LED-APA102-2020,316.525,-215.2,180,top
D2072,APA102-2020,LED-APA102-2020,320.525,-215.2,180,top
D2073,APA102-2020,LED-APA102-2020,324.525,-215.2,180,top
D2074,APA102-2020,LED-APA102-2020,328.525,-215.2,180,top
D2075,APA102-2020,LED-APA102-2020,332.525,-215.2,180,top
D2076,APA102-2020,LED-APA102-2020,336.525,-215.2,180,top
D2077,APA102-2020,LED-APA102-2020,340.525,-215.2,180,top
D2078,APA102-2020,LED-APA102-2020,344.525,-215.2,180,top
D2079,APA102-2020,LED-APA102-2020,348.525,-215.2,180,top
D2080,APA102-2020,LED-APA102-2020,352.525,-215.2,180,top
D2081,APA102-2020,LED-APA102-2020,356.525,-215.2,180,top
D2082,APA102-2020,LED-APA102-2020,360.525,-215.2,180,top
D2083,APA102-2020,LED-APA102-2020,364.525,-215.2,180,top
D2084,APA102-2020,LED-APA102-2020,368.525,-215.2,180,top
D2085,APA102-2020,LED-APA102-2020,372.525,-215.2,180,top
D2086,APA102-2020,LED-APA102-2020,376.525,-215.2,180,top
D2087,APA102-2020,LED-APA102-2020,380.525,-215.2,180,top
D2088,APA102-2020,LED-APA102-2020,384.525,-215.2,180,top
D2089,APA102-2020,LED-APA102-2020,388.525,-215.2,180,top
D2090,APA102-2020,LED-APA102-2020,392.525,-215.2,180,top
D2091,APA102-2020,LED-APA102-2020,396.525,-215.2,180,top
D2092,APA102-2020,LED-APA102-2020,400.525,-215.2,180,top
D2093,APA102-2020,LED-APA102-2020,404.525,-215.2,180,top
D2094,APA102-2020,LED-APA102-2020,408.525,-215.2,180,top
D2095,APA102-2020,LED-APA102-2020,412.525,-215.2,180,top
D2096,APA102-2020,LED-APA102-2020,416.525,-215.2,180,top
D2097,APA102-2020,LED-APA102-2020,420.525,-215.2,180,top
D2098,APA102-2020,LED-APA102-2020,424.525,-215.2,180,top
D2099,APA102-2020,LED-APA102-2020,428.525,-215.2,180,top
D2100,APA102-2020,LED-APA102-2020,432.525,-215.2,180,top
D2101,APA102-2020,LED-APA102-2020,156.525,-219.2,180,top
D2102,APA102-2020,LED-APA102-2020,160.525,-219.2,180,top
D2103,APA102-2020,LED-APA102-2020,164.525,-219.2,180,top
D2104,APA102-2020,LED-APA102-2020,168.525,-219.2,180,top
D2105,APA102-2020,LED-APA102-2020,172.525,-219.2,180,top
D2106,APA102-2020,LED-APA102-2020,176.525,-219.2,180,top
D2107,APA102-2020,LED-APA102-2020,180.525,-219.2,180,top
D2108,APA102-2020,LED-APA102-2020,184.525,-219.2,180,top
D2109,APA102-2020,LED-APA102-2020,188.525,-219.2,180,top
D2110,APA102-2020,LED-APA102-2020,192.525,-219.2,180,top
D2111,APA102-2020,LED-APA102-2020,196.525,-219.2,180,top
D2112,APA102-2020,LED-APA102-2020,200.525,-219.2,180,top
D2113,APA102-2020,LED-APA102-2020,204.525,-219.2,180,top
D2114,APA102-2020,LED-APA102-2020,208.525,-219.2,180,top
D2115,APA102-2020,LED-APA102-2020,212.525,-219.2,180,top
D2116,APA102-2020,LED-APA102-2020,216.525,-219.2,180,top
D2117,APA102-2020,LED-APA102-2020,220.525,-219.2,180,top
D2118,APA102-2020,LED-APA102-2020,224.525,-219.2,180,top
D2119,APA102-2020,LED-APA102-2020,228.525,-219.2,180,top
D2120,APA102-2020,LED-APA102-2020,232.525,-219.2,180,top
D2121,APA102-2020,LED-APA102-2020,236.525,-219.2,180,top
D2122,APA102-2020,LED-APA102-2020,240.525,-219.2,180,top
D2123,APA102-2020,LED-APA102-2020,244.525,-219.2,180,top
D2124,APA102-2020,LED-APA102-2020,248.525,-219.2,180,top
D2125,APA102-2020,LED-APA102-2020,252.525,-219.2,180,top
D2126,APA102-2020,LED-APA102-2020,256.525,-219.2,180,top
D2127,APA102-2020,LED-APA102-2020,260.525,-219.2,180,top
D2128,APA102-2020,LED-APA102-2020,264.525,-219.2,180,top
D2129,APA102-2020,LED-APA102-2020,268.525,-219.2,180,top
D2130,APA102-2020,LED-APA102-2020,272.525,-219.2,180,top
D2131,APA102-2020,LED-APA102-2020,276.525,-219.2,180,top
D2132,APA102-2020,LED-APA102-2020,280.525,-219.2,180,top
D2133,APA102-2020,LED-APA102-2020,284.525,-219.2,180,top
D2134,APA102-2020,LED-APA102-2020,288.525,-219.2,180,top
D2135,APA102-2020,LED-APA102-2020,292.525,-219.2,180,top
D2136,APA102-2020,LED-APA102-2020,296.525,-219.2,180,top
D2137,APA102-2020,LED-APA102-2020,300.525,-219.2,180,top
D2138,APA102-2020,LED-APA102-2020,304.525,-219.2,180,top
D2139,APA102-2020,LED-APA102-2020,308.525,-219.2,180,top
D2140,APA102-2020,LED-APA102-2020,312.525,-219.2,180,top
D2141,APA102-2020,LED-APA102-2020,316.525,-219.2,180,top
D2142,APA102-2020,LED-APA102-2020,320.525,-219.2,180,top
D2143,APA102-2020,LED-APA102-2020,324.525,-219.2,180,top
D2144,APA102-2020,LED-APA102-2020,328.525,-219.2,180,top
D2145,APA102-2020,LED-APA102-2020,332.525,-219.2,180,top
D2146,APA102-2020,LED-APA102-2020,336.525,-219.2,180,top
D2147,APA102-2020,LED-APA102-2020,340.525,-219.2,180,top
D2148,APA102-2020,LED-APA102-2020,344.525,-219.2,180,top
D2149,APA102-2020,LED-APA102-2020,348.525,-219.2,180,top
D2150,APA102-2020,LED-APA102-2020,352.525,-219.2,180,top
D2151,APA102-2020,LED-APA102-2020,356.525,-219.2,180,top
D2152,APA102-2020,LED-APA102-2020,360.525,-219.2,180,top
D2153,APA102-2020,LED-APA102-2020,364.525,-219.2,180,top
D2154,APA102-2020,LED-APA102-2020,368.525,-219.2,180,top
D2155,APA102-2020,LED-APA102-2020,372.525,-219.2,180,top
D2156,APA102-2020,LED-APA102-2020,376.525,-219.2,180,top
D2157,APA102-2020,LED-APA102-2020,380.525,-219.2,180,top
D2158,APA102-2020,LED-APA102-2020,384.525,-219.2,180,top
D2159,APA102-2020,LED-APA102-2020,388.525,-219.2,180,top
D2160,APA102-2020,LED-APA102-2020,392.525,-219.2,180,top
D2161,APA102-2020,LED-APA102-2020,396.525,-219.2,180,top
D2162,APA102-2020,LED-APA102-2020,400.525,-219.2,180,top
D2163,APA102-2020,LED-APA102-2020,404.525,-219.2,180,top
D2164,APA102-2020,LED-APA102-2020,408.525,-219.2,180,top
D2165,APA102-2020,LED-APA102-2020,412.525,-219.2,180,top
D2166,APA102-2020,LED-APA102-2020,416.525,-219.2,180,top
D2167,APA102-2020,LED-APA102-2020,420.525,-219.2,180,top
D2168,APA102-2020,LED-APA102-2020,424.525,-219.2,180,top
D2169,APA102-2020,LED-APA102-2020,428.525,-219.2,180,top
D2170,APA102-2020,LED-APA102-2020,432.525,-219.2,180,top
D2171,APA102-2020,LED-APA102-2020,156.525,-223.2,180,top
D2172,APA102-2020,LED-APA102-2020,160.525,-223.2,180,top
D2173,APA102-2020,LED-APA102-2020,164.525,-223.2,180,top
D2174,APA102-2020,LED-APA102-2020,168.525,-223.2,180,top
D2175,APA102-2020,LED-APA102-2020,172.525,-223.2,180,top
D2176,APA102-2020,LED-APA102-2020,176.525,-223.2,180,top
D2177,APA102-2020,LED-APA102-2020,180.525,-223.2,180,top
D2178,APA102-2020,LED-APA102-2020,184.525,-223.2,180,top
D2179,APA102-2020,LED-APA102-2020,188.525,-223.2,180,top
D2180,APA102-2020,LED-APA102-2020,192.525,-223.2,180,top
D2181,APA102-2020,LED-APA102-2020,196.525,-223.2,180,top
D2182,APA102-2020,LED-APA102-2020,200.525,-223.2,180,top
D2183,APA102-2020,LED-APA102-2020,204.525,-223.2,180,top
D2184,APA102-2020,LED-APA102-2020,208.525,-223.2,180,top
D2185,APA102-2020,LED-APA102-2020,212.525,-223.2,180,top
D2186,APA102-2020,LED-APA102-2020,216.525,-223.2,180,top
D2187,APA102-2020,LED-APA102-2020,220.525,-223.2,180,top
D2188,APA102-2020,LED-APA102-2020,224.525,-223.2,180,top
D2189,APA102-2020,LED-APA102-2020,228.525,-223.2,180,top
D2190,APA102-2020,LED-APA102-2020,232.525,-223.2,180,top
D2191,APA102-2020,LED-APA102-2020,236.525,-223.2,180,top
D2192,APA102-2020,LED-APA102-2020,240.525,-223.2,180,top
D2193,APA102-2020,LED-APA102-2020,244.525,-223.2,180,top
D2194,APA102-2020,LED-APA102-2020,248.525,-223.2,180,top
D2195,APA102-2020,LED-APA102-2020,252.525,-223.2,180,top
D2196,APA102-2020,LED-APA102-2020,256.525,-223.2,180,top
D2197,APA102-2020,LED-APA102-2020,260.525,-223.2,180,top
D2198,APA102-2020,LED-APA102-2020,264.525,-223.2,180,top
D2199,APA102-2020,LED-APA102-2020,268.525,-223.2,180,top
D2200,APA102-2020,LED-APA102-2020,272.525,-223.2,180,top
D2201,APA102-2020,LED-APA102-2020,276.525,-223.2,180,top
D2202,APA102-2020,LED-APA102-2020,280.525,-223.2,180,top
D2203,APA102-2020,LED-APA102-2020,284.525,-223.2,180,top
D2204,APA102-2020,LED-APA102-2020,288.525,-223.2,180,top
D2205,APA102-2020,LED-APA102-2020,292.525,-223.2,180,top
D2206,APA102-2020,LED-APA102-2020,296.525,-223.2,180,top
D2207,APA102-2020,LED-APA102-2020,300.525,-223.2,180,top
D2208,APA102-2020,LED-APA102-2020,304.525,-223.2,180,top
D2209,APA102-2020,LED-APA102-2020,308.525,-223.2,180,top
D2210,APA102-2020,LED-APA102-2020,312.525,-223.2,180,top
D2211,APA102-2020,LED-APA102-2020,316.525,-223.2,180,top
D2212,APA102-2020,LED-APA102-2020,320.525,-223.2,180,top
D2213,APA102-2020,LED-APA102-2020,324.525,-223.2,180,top
D2214,APA102-2020,LED-APA102-2020,328.525,-223.2,180,top
D2215,APA102-2020,LED-APA102-2020,332.525,-223.2,180,top
D2216,APA102-2020,LED-APA102-2020,336.525,-223.2,180,top
D2217,APA102-2020,LED-APA102-2020,340.525,-223.2,180,top
D2218,APA102-2020,LED-APA102-2020,344.525,-223.2,180,top
D2219,APA102-2020,LED-APA102-2020,348.525,-223.2,180,top
D2220,APA102-2020,LED-APA102-2020,352.525,-223.2,180,top
D2221,APA102-2020,LED-APA102-2020,356.525,-223.2,180,top
D2222,APA102-2020,LED-APA102-2020,360.525,-223.2,180,top
D2223,APA102-2020,LED-APA102-2020,364.525,-223.2,180,top
D2224,APA102-2020,LED-APA102-2020,368.525,-223.2,180,top
D2225,APA102-2020,LED-APA102-2020,372.525,-223.2,180,top
D2226,APA102-2020,LED-APA102-2020,376.525,-223.2,180,top
D2227,APA102-2020,LED-APA102-2020,380.525,-223.2,180,top
D2228,APA102-2020,LED-APA102-2020,384.525,-223.2,180,top
D2229,APA102-2020,LED-APA102-2020,388.525,-223.2,180,top
D2230,APA102-2020,LED-APA102-2020,392.525,-223.2,180,top
D2231,APA102-2020,LED-APA102-2020,396.525,-223.2,180,top
D2232,APA102-2020,LED-APA102-2020,400.525,-223.2,180,top
D2233,APA102-2020,LED-APA102-2020,404.525,-223.2,180,top
D2234,APA102-2020,LED-APA102-2020,408.525,-223.2,180,top
D2235,APA102-2020,LED-APA102-2020,412.525,-223.2,180,top
D2236,APA102-2020,LED-APA102-2020,416.525,-223.2,180,top
D2237,APA102-2020,LED-APA102-2020,420.525,-223.2,180,top
D2238,APA102-2020,LED-APA102-2020,424.525,-223.2,180,top
D2239,APA102-2020,LED-APA102-2020,428.525,-223.2,180,top
D2240,APA102-2020,LED-APA102-2020,432.525,-223.2,180,top
D2241,APA102-2020,LED-APA102-2020,156.525,-227.2,180,top
D2242,APA102-2020,LED-APA102-2020,160.525,-227.2,180,top
D2243,APA102-2020,LED-APA102-2020,164.525,-227.2,180,top
D2244,APA102-2020,LED-APA102-2020,168.525,-227.2,180,top
D2245,APA102-2020,LED-APA102-2020,172.525,-227.2,180,top
D2246,APA102-2020,LED-APA102-2020,176.525,-227.2,180,top
D2247,APA102-2020,LED-APA102-2020,180.525,-227.2,180,top
D2248,APA102-2020,LED-APA102-2020,184.525,-227.2,180,top
D2249,APA102-2020,LED-APA102-2020,188.525,-227.2,180,top
D2250,APA102-2020,LED-APA102-2020,192.525,-227.2,180,top
D2251,APA102-2020,LED-APA102-2020,196.525,-227.2,180,top
D2252,APA102-2020,LED-APA102-2020,200.525,-227.2,180,top
D2253,APA102-2020,LED-APA102-2020,204.525,-227.2,180,top
D2254,APA102-2020,LED-APA102-2020,208.525,-227.2,180,top
D2255,APA102-2020,LED-APA102-2020,212.525,-227.2,180,top
D2256,APA102-2020,LED-APA102-2020,216.525,-227.2,180,top
D2257,APA102-2020,LED-APA102-2020,220.525,-227.2,180,top
D2258,APA102-2020,LED-APA102-2020,224.525,-227.2,180,top
D2259,APA102-2020,LED-APA102-2020,228.525,-227.2,180,top
D2260,APA102-2020,LED-APA102-2020,232.525,-227.2,180,top
D2261,APA102-2020,LED-APA102-2020,236.525,-227.2,180,top
D2262,APA102-2020,LED-APA102-2020,240.525,-227.2,180,top
D2263,APA102-2020,LED-APA102-2020,244.525,-227.2,180,top
D2264,APA102-2020,LED-APA102-2020,248.525,-227.2,180,top
D2265,APA102-2020,LED-APA102-2020,252.525,-227.2,180,top
D2266,APA102-2020,LED-APA102-2020,256.525,-227.2,180,top
D2267,APA102-2020,LED-APA102-2020,260.525,-227.2,180,top
D2268,APA102-2020,LED-APA102-2020,264.525,-227.2,180,top
D2269,APA102-2020,LED-APA102-2020,268.525,-227.2,180,top
D2270,APA102-2020,LED-APA102-2020,272.525,-227.2,180,top
D2271,APA102-2020,LED-APA102-2020,276.525,-227.2,180,top
D2272,APA102-2020,LED-APA102-2020,280.525,-227.2,180,top
D2273,APA102-2020,LED-APA102-2020,284.525,-227.2,180,top
D2274,APA102-2020,LED-APA102-2020,288.525,-227.2,180,top
D2275,APA102-2020,LED-APA102-2020,292.525,-227.2,180,top
D2276,APA102-2020,LED-APA102-2020,296.525,-227.2,180,top
D2277,APA102-2020,LED-APA102-2020,300.525,-227.2,180,top
D2278,APA102-2020,LED-APA102-2020,304.525,-227.2,180,top
D2279,APA102-2020,LED-APA102-2020,308.525,-227.2,180,top
D2280,APA102-2020,LED-APA102-2020,312.525,-227.2,180,top
D2281,APA102-2020,LED-APA102-2020,316.525,-227.2,180,top
D2282,APA102-2020,LED-APA102-2020,320.525,-227.2,180,top
D2283,APA102-2020,LED-APA102-2020,324.525,-227.2,180,top
D2284,APA102-2020,LED-APA102-2020,328.525,-227.2,180,top
D2285,APA102-2020,LED-APA102-2020,332.525,-227.2,180,top
D2286,APA102-2020,LED-APA102-2020,336.525,-227.2,180,top
D2287,APA102-2020,LED-APA102-2020,340.525,-227.2,180,top
D2288,APA102-2020,LED-APA102-2020,344.525,-227.2,180,top
D2289,APA102-2020,LED-APA102-2020,348.525,-227.2,180,top
D2290,APA102-2020,LED-APA102-2020,352.525,-227.2,180,top
D2291,APA102-2020,LED-APA102-2020,356.525,-227.2,180,top
D2292,APA102-2020,LED-APA102-2020,360.525,-227.2,180,top
D2293,APA102-2020,LED-APA102-2020,364.525,-227.2,180,top
D2294,APA102-2020,LED-APA102-2020,368.525,-227.2,180,top
D2295,APA102-2020,LED-APA102-2020,372.525,-227.2,180,top
D2296,APA102-2020,LED-APA102-2020,376.525,-227.2,180,top
D2297,APA102-2020,LED-APA102-2020,380.525,-227.2,180,top
D2298,APA102-2020,LED-APA102-2020,384.525,-227.2,180,top
D2299,APA102-2020,LED-APA102-2020,388.525,-227.2,180,top
D2300,APA102-2020,LED-APA102-2020,392.525,-227.2,180,top
D2301,APA102-2020,LED-APA102-2020,396.525,-227.2,180,top
D2302,APA102-2020,LED-APA102-2020,400.525,-227.2,180,top
D2303,APA102-2020,LED-APA102-2020,404.525,-227.2,180,top
D2304,APA102-2020,LED-APA102-2020,408.525,-227.2,180,top
D2305,APA102-2020,LED-APA102-2020,412.525,-227.2,180,top
D2306,APA102-2020,LED-APA102-2020,416.525,-227.2,180,top
D2307,APA102-2020,LED-APA102-2020,420.525,-227.2,180,top
D2308,APA102-2020,LED-APA102-2020,424.525,-227.2,180,top
D2309,APA102-2020,LED-APA102-2020,428.525,-227.2,180,top
D2310,APA102-2020,LED-APA102-2020,432.525,-227.2,180,top
D2311,APA102-2020,LED-APA102-2020,156.525,-231.2,180,top
D2312,APA102-2020,LED-APA102-2020,160.525,-231.2,180,top
D2313,APA102-2020,LED-APA102-2020,164.525,-231.2,180,top
D2314,APA102-2020,LED-APA102-2020,168.525,-231.2,180,top
D2315,APA102-2020,LED-APA102-2020,172.525,-231.2,180,top
D2316,APA102-2020,LED-APA102-2020,176.525,-231.2,180,top
D2317,APA102-2020,LED-APA102-2020,180.525,-231.2,180,top
D2318,APA102-2020,LED-APA102-2020,184.525,-231.2,180,top
D2319,APA102-2020,LED-APA102-2020,188.525,-231.2,180,top
D2320,APA102-2020,LED-APA102-2020,192.525,-231.2,180,top
D2321,APA102-2020,LED-APA102-2020,196.525,-231.2,180,top
D2322,APA102-2020,LED-APA102-2020,200.525,-231.2,180,top
D2323,APA102-2020,LED-APA102-2020,204.525,-231.2,180,top
D2324,APA102-2020,LED-APA102-2020,208.525,-231.2,180,top
D2325,APA102-2020,LED-APA102-2020,212.525,-231.2,180,top
D2326,APA102-2020,LED-APA102-2020,216.525,-231.2,180,top
D2327,APA102-2020,LED-APA102-2020,220.525,-231.2,180,top
D2328,APA102-2020,LED-APA102-2020,224.525,-231.2,180,top
D2329,APA102-2020,LED-APA102-2020,228.525,-231.2,180,top
D2330,APA102-2020,LED-APA102-2020,232.525,-231.2,180,top
D2331,APA102-2020,LED-APA102-2020,236.525,-231.2,180,top
D2332,APA102-2020,LED-APA102-2020,240.525,-231.2,180,top
D2333,APA102-2020,LED-APA102-2020,244.525,-231.2,180,top
D2334,APA102-2020,LED-APA102-2020,248.525,-231.2,180,top
D2335,APA102-2020,LED-APA102-2020,252.525,-231.2,180,top
D2336,APA102-2020,LED-APA102-2020,256.525,-231.2,180,top
D2337,APA102-2020,LED-APA102-2020,260.525,-231.2,180,top
D2338,APA102-2020,LED-APA102-2020,264.525,-231.2,180,top
D2339,APA102-2020,LED-APA102-2020,268.525,-231.2,180,top
D2340,APA102-2020,LED-APA102-2020,272.525,-231.2,180,top
D2341,APA102-2020,LED-APA102-2020,276.525,-231.2,180,top
D2342,APA102-2020,LED-APA102-2020,280.525,-231.2,180,top
D2343,APA102-2020,LED-APA102-2020,284.525,-231.2,180,top
D2344,APA102-2020,LED-APA102-2020,288.525,-231.2,180,top
D2345,APA102-2020,LED-APA102-2020,292.525,-231.2,180,top
D2346,APA102-2020,LED-APA102-2020,296.525,-231.2,180,top
D2347,APA102-2020,LED-APA102-2020,300.525,-231.2,180,top
D2348,APA102-2020,LED-APA102-2020,304.525,-231.2,180,top
D2349,APA102-2020,LED-APA102-2020,308.525,-231.2,180,top
D2350,APA102-2020,LED-APA102-2020,312.525,-231.2,180,top
D2351,APA102-2020,LED-APA102-2020,316.525,-231.2,180,top
D2352,APA102-2020,LED-APA102-2020,320.525,-231.2,180,top
D2353,APA102-2020,LED-APA102-2020,324.525,-231.2,180,top
D2354,APA102-2020,LED-APA102-2020,328.525,-231.2,180,top
D2355,APA102-2020,LED-APA102-2020,332.525,-231.2,180,top
D2356,APA102-2020,LED-APA102-2020,336.525,-231.2,180,top
D2357,APA102-2020,LED-APA102-2020,340.525,-231.2,180,top
D2358,APA102-2020,LED-APA102-2020,344.525,-231.2,180,top
D2359,APA102-2020,LED-APA102-2020,348.525,-231.2,180,top
D2360,APA102-2020,LED-APA102-2020,352.525,-231.2,180,top
D2361,APA102-2020,LED-APA102-2020,356.525,-231.2,180,top
D2362,APA102-2020,LED-APA102-2020,360.525,-231.2,180,top
D2363,APA102-2020,LED-APA102-2020,364.525,-231.2,180,top
D2364,APA102-2020,LED-APA102-2020,368.525,-231.2,180,top
D2365,APA102-2020,LED-APA102-2020,372.525,-231.2,180,top
D2366,APA102-2020,LED-APA102-2020,376.525,-231.2,180,top
D2367,APA102-2020,LED-APA102-2020,380.525,-231.2,180,top
D2368,APA102-2020,LED-APA102-2020,384.525,-231.2,180,top
D2369,APA102-2020,LED-APA102-2020,388.525,-231.2,180,top
D2370,APA102-2020,LED-APA102-2020,392.525,-231.2,180,top
D2371,APA102-2020,LED-APA102-2020,396.525,-231.2,180,top
D2372,APA102-2020,LED-APA102-2020,400.525,-231.2,180,top
D2373,APA102-2020,LED-APA102-2020,404.525,-231.2,180,top
D2374,APA102-2020,LED-APA102-2020,408.525,-231.2,180,top
D2375,APA102-2020,LED-APA102-2020,412.525,-231.2,180,top
D2376,APA102-2020,LED-APA102-2020,416.525,-231.2,180,top
D2377,APA102-2020,LED-APA102-2020,420.525,-231.2,180,top
D2378,APA102-2020,LED-APA102-2020,424.525,-231.2,180,top
D2379,APA102-2020,LED-APA102-2020,428.525,-231.2,180,top
D2380,APA102-2020,LED-APA102-2020,432.525,-231.2,180,top
D2381,APA102-2020,LED-APA102-2020,156.525,-235.2,180,top
D2382,APA102-2020,LED-APA102-2020,160.525,-235.2,180,top
D2383,APA102-2020,LED-APA102-2020,164.525,-235.2,180,top
D2384,APA102-2020,LED-APA102-2020,168.525,-235.2,180,top
D2385,APA102-2020,LED-APA102-2020,172.525,-235.2,180,top
D2386,APA102-2020,LED-APA102-2020,176.525,-235.2,180,top
D2387,APA102-2020,LED-APA102-2020,180.525,-235.2,180,top
D2388,APA102-2020,LED-APA102-2020,184.525,-235.2,180,top
D2389,APA102-2020,LED-APA102-2020,188.525,-235.2,180,top
D2390,APA102-2020,LED-APA102-2020,192.525,-235.2,180,top
D2391,APA102-2020,LED-APA102-2020,196.525,-235.2,180,top
D2392,APA102-2020,LED-APA102-2020,200.525,-235.2,180,top
D2393,APA102-2020,LED-APA102-2020,204.525,-235.2,180,top
D2394,APA102-2020,LED-APA102-2020,208.525,-235.2,180,top
D2395,APA102-2020,LED-APA102-2020,212.525,-235.2,180,top
D2396,APA102-2020,LED-APA102-2020,216.525,-235.2,180,top
D2397,APA102-2020,LED-APA102-2020,220.525,-235.2,180,top
D2398,APA102-2020,LED-APA102-2020,224.525,-235.2,180,top
D2399,APA102-2020,LED-APA102-2020,228.525,-235.2,180,top
D2400,APA102-2020,LED-APA102-2020,232.525,-235.2,180,top
D2401,APA102-2020,LED-APA102-2020,236.525,-235.2,180,top
D2402,APA102-2020,LED-APA102-2020,240.525,-235.2,180,top
D2403,APA102-2020,LED-APA102-2020,244.525,-235.2,180,top
D2404,APA102-2020,LED-APA102-2020,248.525,-235.2,180,top
D2405,APA102-2020,LED-APA102-2020,252.525,-235.2,180,top
D2406,APA102-2020,LED-APA102-2020,256.525,-235.2,180,top
D2407,APA102-2020,LED-APA102-2020,260.525,-235.2,180,top
D2408,APA102-2020,LED-APA102-2020,264.525,-235.2,180,top
D2409,APA102-2020,LED-APA102-2020,268.525,-235.2,180,top
D2410,APA102-2020,LED-APA102-2020,272.525,-235.2,180,top
D2411,APA102-2020,LED-APA102-2020,276.525,-235.2,180,top
D2412,APA102-2020,LED-APA102-2020,280.525,-235.2,180,top
D2413,APA102-2020,LED-APA102-2020,284.525,-235.2,180,top
D2414,APA102-2020,LED-APA102-2020,288.525,-235.2,180,top
D2415,APA102-2020,LED-APA102-2020,292.525,-235.2,180,top
D2416,APA102-2020,LED-APA102-2020,296.525,-235.2,180,top
D2417,APA102-2020,LED-APA102-2020,300.525,-235.2,180,top
D2418,APA102-2020,LED-APA102-2020,304.525,-235.2,180,top
D2419,APA102-2020,LED-APA102-2020,308.525,-235.2,180,top
D2420,APA102-2020,LED-APA102-2020,312.525,-235.2,180,top
D2421,APA102-2020,LED-APA102-2020,316.525,-235.2,180,top
D2422,APA102-2020,LED-APA102-2020,320.525,-235.2,180,top
D2423,APA102-2020,LED-APA102-2020,324.525,-235.2,180,top
D2424,APA102-2020,LED-APA102-2020,328.525,-235.2,180,top
D2425,APA102-2020,LED-APA102-2020,332.525,-235.2,180,top
D2426,APA102-2020,LED-APA102-2020,336.525,-235.2,180,top
D2427,APA102-2020,LED-APA102-2020,340.525,-235.2,180,top
D2428,APA102-2020,LED-APA102-2020,344.525,-235.2,180,top
D2429,APA102-2020,LED-APA102-2020,348.525,-235.2,180,top
D2430,APA102-2020,LED-APA102-2020,352.525,-235.2,180,top
D2431,APA102-2020,LED-APA102-2020,356.525,-235.2,180,top
D2432,APA102-2020,LED-APA102-2020,360.525,-235.2,180,top
D2433,APA102-2020,LED-APA102-2020,364.525,-235.2,180,top
D2434,APA102-2020,LED-APA102-2020,368.525,-235.2,180,top
D2435,APA102-2020,LED-APA102-2020,372.525,-235.2,180,top
D2436,APA102-2020,LED-APA102-2020,376.525,-235.2,180,top
D2437,APA102-2020,LED-APA102-2020,380.525,-235.2,180,top
D2438,APA102-2020,LED-APA102-2020,384.525,-235.2,180,top
D2439,APA102-2020,LED-APA102-2020,388.525,-235.2,180,top
D2440,APA102-2020,LED-APA102-2020,392.525,-235.2,180,top
D2441,APA102-2020,LED-APA102-2020,396.525,-235.2,180,top
D2442,APA102-2020,LED-APA102-2020,400.525,-235.2,180,top
D2443,APA102-2020,LED-APA102-2020,404.525,-235.2,180,top
D2444,APA102-2020,LED-APA102-2020,408.525,-235.2,180,top
D2445,APA102-2020,LED-APA102-2020,412.525,-235.2,180,top
D2446,APA102-2020,LED-APA102-2020,416.525,-235.2,180,top
D2447,APA102-2020,LED-APA102-2020,420.525,-235.2,180,top
D2448,APA102-2020,LED-APA102-2020,424.525,-235.2,180,top
D2449,APA102-2020,LED-APA102-2020,428.525,-235.2,180,top
D2450,APA102-2020,LED-APA102-2020,432.525,-235.2,180,top
D2451,APA102-2020,LED-APA102-2020,156.525,-239.2,180,top
D2452,APA102-2020,LED-APA102-2020,160.525,-239.2,180,top
D2453,APA102-2020,LED-APA102-2020,164.525,-239.2,180,top
D2454,APA102-2020,LED-APA102-2020,168.525,-239.2,180,top
D2455,APA102-2020,LED-APA102-2020,172.525,-239.2,180,top
D2456,APA102-2020,LED-APA102-2020,176.525,-239.2,180,top
D2457,APA102-2020,LED-APA102-2020,180.525,-239.2,180,top
D2458,APA102-2020,LED-APA102-2020,184.525,-239.2,180,top
D2459,APA102-2020,LED-APA102-2020,188.525,-239.2,180,top
D2460,APA102-2020,LED-APA102-2020,192.525,-239.2,180,top
D2461,APA102-2020,LED-APA102-2020,196.525,-239.2,180,top
D2462,APA102-2020,LED-APA102-2020,200.525,-239.2,180,top
D2463,APA102-2020,LED-APA102-2020,204.525,-239.2,180,top
D2464,APA102-2020,LED-APA102-2020,208.525,-239.2,180,top
D2465,APA102-2020,LED-APA102-2020,212.525,-239.2,180,top
D2466,APA102-2020,LED-APA102-2020,216.525,-239.2,180,top
D2467,APA102-2020,LED-APA102-2020,220.525,-239.2,180,top
D2468,APA102-2020,LED-APA102-2020,224.525,-239.2,180,top
D2469,APA102-2020,LED-APA102-2020,228.525,-239.2,180,top
D2470,APA102-2020,LED-APA102-2020,232.525,-239.2,180,top
D2471,APA102-2020,LED-APA102-2020,236.525,-239.2,180,top
D2472,APA102-2020,LED-APA102-2020,240.525,-239.2,180,top
D2473,APA102-2020,LED-APA102-2020,244.525,-239.2,180,top
D2474,APA102-2020,LED-APA102-2020,248.525,-239.2,180,top
D2475,APA102-2020,LED-APA102-2020,252.525,-239.2,180,top
D2476,APA102-2020,LED-APA102-2020,256.525,-239.2,180,top
D2477,APA102-2020,LED-APA102-2020,260.525,-239.2,180,top
D2478,APA102-2020,LED-APA102-2020,264.525,-239.2,180,top
D2479,APA102-2020,LED-APA102-2020,268.525,-239.2,180,top
D2480,APA102-2020,LED-APA102-2020,272.525,-239.2,180,top
D2481,APA102-2020,LED-APA102-2020,276.525,-239.2,180,top
D2482,APA102-2020,LED-APA102-2020,280.525,-239.2,180,top
D2483,APA102-2020,LED-APA102-2020,284.525,-239.2,180,top
D2484,APA102-2020,LED-APA102-2020,288.525,-239.2,180,top
D2485,APA102-2020,LED-APA102-2020,292.525,-239.2,180,top
D2486,APA102-2020,LED-APA102-2020,296.525,-239.2,180,top
D2487,APA102-2020,LED-APA102-2020,300.525,-239.2,180,top
D2488,APA102-2020,LED-APA102-2020,304.525,-239.2,180,top
D2489,APA102-2020,LED-APA102-2020,308.525,-239.2,180,top
D2490,APA102-2020,LED-APA102-2020,312.525,-239.2,180,top
D2491,APA102-2020,LED-APA102-2020,316.525,-239.2,180,top
D2492,APA102-2020,LED-APA102-2020,320.525,-239.2,180,top
D2493,APA102-2020,LED-APA102-2020,324.525,-239.2,180,top
D2494,APA102-2020,LED-APA102-2020,328.525,-239.2,180,top
D2495,APA102-2020,LED-APA102-2020,332.525,-239.2,180,top
D2496,APA102-2020,LED-APA102-2020,336.525,-239.2,180,top
D2497,APA102-2020,LED-APA102-2020,340.525,-239.2,180,top
D2498,APA102-2020,LED-APA102-2020,344.525,-239.2,180,top
D2499,APA102-2020,LED-APA102-2020,348.525,-239.2,180,top
D2500,APA102-2020,LED-APA102-2020,352.525,-239.2,180,top
D2501,APA102-2020,LED-APA102-2020,356.525,-239.2,180,top
D2502,APA102-2020,LED-APA102-2020,360.525,-239.2,180,top
D2503,APA102-2020,LED-APA102-2020,364.525,-239.2,180,top
D2504,APA102-2020,LED-APA102-2020,368.525,-239.2,180,top
D2505,APA102-2020,LED-APA102-2020,372.525,-239.2,180,top
D2506,APA102-2020,LED-APA102-2020,376.525,-239.2,180,top
D2507,APA102-2020,LED-APA102-2020,380.525,-239.2,180,top
D2508,APA102-2020,LED-APA102-2020,384.525,-239.2,180,top
D2509,APA102-2020,LED-APA102-2020,388.525,-239.2,180,top
D2510,APA102-2020,LED-APA102-2020,392.525,-239.2,180,top
D2511,APA102-2020,LED-APA102-2020,396.525,-239.2,180,top
D2512,APA102-2020,LED-APA102-2020,400.525,-239.2,180,top
D2513,APA102-2020,LED-APA102-2020,404.525,-239.2,180,top
D2514,APA102-2020,LED-APA102-2020,408.525,-239.2,180,top
D2515,APA102-2020,LED-APA102-2020,412.525,-239.2,180,top
D2516,APA102-2020,LED-APA102-2020,416.525,-239.2,180,top
D2517,APA102-2020,LED-APA102-2020,420.525,-239.2,180,top
D2518,APA102-2020,LED-APA102-2020,424.525,-239.2,180,top
D2519,APA102-2020,LED-APA102-2020,428.525,-239.2,180,top
D2520,APA102-2020,LED-APA102-2020,432.525,-239.2,180,top
D2521,APA102-2020,LED-APA102-2020,156.525,-243.2,180,top
D2522,APA102-2020,LED-APA102-2020,160.525,-243.2,180,top
D2523,APA102-2020,LED-APA102-2020,164.525,-243.2,180,top
D2524,APA102-2020,LED-APA102-2020,168.525,-243.2,180,top
D2525,APA102-2020,LED-APA102-2020,172.525,-243.2,180,top
D2526,APA102-2020,LED-APA102-2020,176.525,-243.2,180,top
D2527,APA102-2020,LED-APA102-2020,180.525,-243.2,180,top
D2528,APA102-2020,LED-APA102-2020,184.525,-243.2,180,top
D2529,APA102-2020,LED-APA102-2020,188.525,-243.2,180,top
D2530,APA102-2020,LED-APA102-2020,192.525,-243.2,180,top
D2531,APA102-2020,LED-APA102-2020,196.525,-243.2,180,top
D2532,APA102-2020,LED-APA102-2020,200.525,-243.2,180,top
D2533,APA102-2020,LED-APA102-2020,204.525,-243.2,180,top
D2534,APA102-2020,LED-APA102-2020,208.525,-243.2,180,top
D2535,APA102-2020,LED-APA102-2020,212.525,-243.2,180,top
D2536,APA102-2020,LED-APA102-2020,216.525,-243.2,180,top
D2537,APA102-2020,LED-APA102-2020,220.525,-243.2,180,top
D2538,APA102-2020,LED-APA102-2020,224.525,-243.2,180,top
D2539,APA102-2020,LED-APA102-2020,228.525,-243.2,180,top
D2540,APA102-2020,LED-APA102-2020,232.525,-243.2,180,top
D2541,APA102-2020,LED-APA102-2020,236.525,-243.2,180,top
D2542,APA102-2020,LED-APA102-2020,240.525,-243.2,180,top
D2543,APA102-2020,LED-APA102-2020,244.525,-243.2,180,top
D2544,APA102-2020,LED-APA102-2020,248.525,-243.2,180,top
D2545,APA102-2020,LED-APA102-2020,252.525,-243.2,180,top
D2546,APA102-2020,LED-APA102-2020,256.525,-243.2,180,top
D2547,APA102-2020,LED-APA102-2020,260.525,-243.2,180,top
D2548,APA102-2020,LED-APA102-2020,264.525,-243.2,180,top
D2549,APA102-2020,LED-APA102-2020,268.525,-243.2,180,top
D2550,APA102-2020,LED-APA102-2020,272.525,-243.2,180,top
D2551,APA102-2020,LED-APA102-2020,276.525,-243.2,180,top
D2552,APA102-2020,LED-APA102-2020,280.525,-243.2,180,top
D2553,APA102-2020,LED-APA102-2020,284.525,-243.2,180,top
D2554,APA102-2020,LED-APA102-2020,288.525,-243.2,180,top
D2555,APA102-2020,LED-APA102-2020,292.525,-243.2,180,top
D2556,APA102-2020,LED-APA102-2020,296.525,-243.2,180,top
D2557,APA102-2020,LED-APA102-2020,300.525,-243.2,180,top
D2558,APA102-2020,LED-APA102-2020,304.525,-243.2,180,top
D2559,APA102-2020,LED-APA102-2020,308.525,-243.2,180,top
D2560,APA102-2020,LED-APA102-2020,312.525,-243.2,180,top
D2561,APA102-2020,LED-APA102-2020,316.525,-243.2,180,top
D2562,APA102-2020,LED-APA102-2020,320.525,-243.2,180,top
D2563,APA102-2020,LED-APA102-2020,324.525,-243.2,180,top
D2564,APA102-2020,LED-APA102-2020,328.525,-243.2,180,top
D2565,APA102-2020,LED-APA102-2020,332.525,-243.2,180,top
D2566,APA102-2020,LED-APA102-2020,336.525,-243.2,180,top
D2567,APA102-2020,LED-APA102-2020,340.525,-243.2,180,top
D2568,APA102-2020,LED-APA102-2020,344.525,-243.2,180,top
D2569,APA102-2020,LED-APA102-2020,348.525,-243.2,180,top
D2570,APA102-2020,LED-APA102-2020,352.525,-243.2,180,top
D2571,APA102-2020,LED-APA102-2020,356.525,-243.2,180,top
D2572,APA102-2020,LED-APA102-2020,360.525,-243.2,180,top
D2573,APA102-2020,LED-APA102-2020,364.525,-243.2,180,top
D2574,APA102-2020,LED-APA102-2020,368.525,-243.2,180,top
D2575,APA102-2020,LED-APA102-2020,372.525,-243.2,180,top
D2576,APA102-2020,LED-APA102-2020,376.525,-243.2,180,top
D2577,APA102-2020,LED-APA102-2020,380.525,-243.2,180,top
D2578,APA102-2020,LED-APA102-2020,384.525,-243.2,180,top
D2579,APA102-2020,LED-APA102-2020,388.525,-243.2,180,top
D2580,APA102-2020,LED-APA102-2020,392.525,-243.2,180,top
D2581,APA102-2020,LED-APA102-2020,396.525,-243.2,180,top
D2582,APA102-2020,LED-APA102-2020,400.525,-243.2,180,top
D2583,APA102-2020,LED-APA102-2020,404.525,-243.2,180,top
D2584,APA102-2020,LED-APA102-2020,408.525,-243.2,180,top
D2585,APA102-2020,LED-APA102-2020,412.525,-243.2,180,top
D2586,APA102-2020,LED-APA102-2020,416.525,-243.2,180,top
D2587,APA102-2020,LED-APA102-2020,420.525,-243.2,180,top
D2588,APA102-2020,LED-APA102-2020,424.525,-243.2,180,top
D2589,APA102-2020,LED-APA102-2020,428.525,-243.2,180,top
D2590,APA102-2020,LED-APA102-2020,432.525,-243.2,180,top
D2591,APA102-2020,LED-APA102-2020,156.525,-247.2,180,top
D2592,APA102-2020,LED-APA102-2020,160.525,-247.2,180,top
D2593,APA102-2020,LED-APA102-2020,164.525,-247.2,180,top
D2594,APA102-2020,LED-APA102-2020,168.525,-247.2,180,top
D2595,APA102-2020,LED-APA102-2020,172.525,-247.2,180,top
D2596,APA102-2020,LED-APA102-2020,176.525,-247.2,180,top
D2597,APA102-2020,LED-APA102-2020,180.525,-247.2,180,top
D2598,APA102-2020,LED-APA102-2020,184.525,-247.2,180,top
D2599,APA102-2020,LED-APA102-2020,188.525,-247.2,180,top
D2600,APA102-2020,LED-APA102-2020,192.525,-247.2,180,top
D2601,APA102-2020,LED-APA102-2020,196.525,-247.2,180,top
D2602,APA102-2020,LED-APA102-2020,200.525,-247.2,180,top
D2603,APA102-2020,LED-APA102-2020,204.525,-247.2,180,top
D2604,APA102-2020,LED-APA102-2020,208.525,-247.2,180,top
D2605,APA102-2020,LED-APA102-2020,212.525,-247.2,180,top
D2606,APA102-2020,LED-APA102-2020,216.525,-247.2,180,top
D2607,APA102-2020,LED-APA102-2020,220.525,-247.2,180,top
D2608,APA102-2020,LED-APA102-2020,224.525,-247.2,180,top
D2609,APA102-2020,LED-APA102-2020,228.525,-247.2,180,top
D2610,APA102-2020,LED-APA102-2020,232.525,-247.2,180,top
D2611,APA102-2020,LED-APA102-2020,236.525,-247.2,180,top
D2612,APA102-2020,LED-APA102-2020,240.525,-247.2,180,top
D2613,APA102-2020,LED-APA102-2020,244.525,-247.2,180,top
D2614,APA102-2020,LED-APA102-2020,248.525,-247.2,180,top
D2615,APA102-2020,LED-APA102-2020,252.525,-247.2,180,top
D2616,APA102-2020,LED-APA102-2020,256.525,-247.2,180,top
D2617,APA102-2020,LED-APA102-2020,260.525,-247.2,180,top
D2618,APA102-2020,LED-APA102-2020,264.525,-247.2,180,top
D2619,APA102-2020,LED-APA102-2020,268.525,-247.2,180,top
D2620,APA102-2020,LED-APA102-2020,272.525,-247.2,180,top
D2621,APA102-2020,LED-APA102-2020,276.525,-247.2,180,top
D2622,APA102-2020,LED-APA102-2020,280.525,-247.2,180,top
D2623,APA102-2020,LED-APA102-2020,284.525,-247.2,180,top
D2624,APA102-2020,LED-APA102-2020,288.525,-247.2,180,top
D2625,APA102-2020,LED-APA102-2020,292.525,-247.2,180,top
D2626,APA102-2020,LED-APA102-2020,296.525,-247.2,180,top
D2627,APA102-2020,LED-APA102-2020,300.525,-247.2,180,top
D2628,APA102-2020,LED-APA102-2020,304.525,-247.2,180,top
D2629,APA102-2020,LED-APA102-2020,308.525,-247.2,180,top
D2630,APA102-2020,LED-APA102-2020,312.525,-247.2,180,top
D2631,APA102-2020,LED-APA102-2020,316.525,-247.2,180,top
D2632,APA102-2020,LED-APA102-2020,320.525,-247.2,180,top
D2633,APA102-2020,LED-APA102-2020,324.525,-247.2,180,top
D2634,APA102-2020,LED-APA102-2020,328.525,-247.2,180,top
D2635,APA102-2020,LED-APA102-2020,332.525,-247.2,180,top
D2636,APA102-2020,LED-APA102-2020,336.525,-247.2,180,top
D2637,APA102-2020,LED-APA102-2020,340.525,-247.2,180,top
D2638,APA102-2020,LED-APA102-2020,344.525,-247.2,180,top
D2639,APA102-2020,LED-APA102-2020,348.525,-247.2,180,top
D2640,APA102-2020,LED-APA102-2020,352.525,-247.2,180,top
D2641,APA102-2020,LED-APA102-2020,356.525,-247.2,180,top
D2642,APA102-2020,LED-APA102-2020,360.525,-247.2,180,top
D2643,APA102-2020,LED-APA102-2020,364.525,-247.2,180,top
D2644,APA102-2020,LED-APA102-2020,368.525,-247.2,180,top
D2645,APA102-2020,LED-APA102-2020,372.525,-247.2,180,top
D2646,APA102-2020,LED-APA102-2020,376.525,-247.2,180,top
D2647,APA102-2020,LED-APA102-2020,380.525,-247.2,180,top
D2648,APA102-2020,LED-APA102-2020,384.525,-247.2,180,top
D2649,APA102-2020,LED-APA102-2020,388.525,-247.2,180,top
D2650,APA102-2020,LED-APA102-2020,392.525,-247.2,180,top
D2651,APA102-2020,LED-APA102-2020,396.525,-247.2,180,top
D2652,APA102-2020,LED-APA102-2020,400.525,-247.2,180,top
D2653,APA102-2020,LED-APA102-2020,404.525,-247.2,180,top
D2654,APA102-2020,LED-APA102-2020,408.525,-247.2,180,top
D2655,APA102-2020,LED-APA102-2020,412.525,-247.2,180,top
D2656,APA102-2020,LED-APA102-2020,416.525,-247.2,180,top
D2657,APA102-2020,LED-APA102-2020,420.525,-247.2,180,top
D2658,APA102-2020,LED-APA102-2020,424.525,-247.2,180,top
D2659,APA102-2020,LED-APA102-2020,428.525,-247.2,180,top
D2660,APA102-2020,LED-APA102-2020,432.525,-247.2,180,top
D2661,APA102-2020,LED-APA102-2020,156.525,-251.2,180,top
D2662,APA102-2020,LED-APA102-2020,160.525,-251.2,180,top
D2663,APA102-2020,LED-APA102-2020,164.525,-251.2,180,top
D2664,APA102-2020,LED-APA102-2020,168.525,-251.2,180,top
D2665,APA102-2020,LED-APA102-2020,172.525,-251.2,180,top
D2666,APA102-2020,LED-APA102-2020,176.525,-251.2,180,top
D2667,APA102-2020,LED-APA102-2020,180.525,-251.2,180,top
D2668,APA102-2020,LED-APA102-2020,184.525,-251.2,180,top
D2669,APA102-2020,LED-APA102-2020,188.525,-251.2,180,top
D2670,APA102-2020,LED-APA102-2020,192.525,-251.2,180,top
D2671,APA102-2020,LED-APA102-2020,196.525,-251.2,180,top
D2672,APA102-2020,LED-APA102-2020,200.525,-251.2,180,top
D2673,APA102-2020,LED-APA102-2020,204.525,-251.2,180,top
D2674,APA102-2020,LED-APA102-2020,208.525,-251.2,180,top
D2675,APA102-2020,LED-APA102-2020,212.525,-251.2,180,top
D2676,APA102-2020,LED-APA102-2020,216.525,-251.2,180,top
D2677,APA102-2020,LED-APA102-2020,220.525,-251.2,180,top
D2678,APA102-2020,LED-APA102-2020,224.525,-251.2,180,top
D2679,APA102-2020,LED-APA102-2020,228.525,-251.2,180,top
D2680,APA102-2020,LED-APA102-2020,232.525,-251.2,180,top
D2681,APA102-2020,LED-APA102-2020,236.525,-251.2,180,top
D2682,APA102-2020,LED-APA102-2020,240.525,-251.2,180,top
D2683,APA102-2020,LED-APA102-2020,244.525,-251.2,180,top
D2684,APA102-2020,LED-APA102-2020,248.525,-251.2,180,top
D2685,APA102-2020,LED-APA102-2020,252.525,-251.2,180,top
D2686,APA102-2020,LED-APA102-2020,256.525,-251.2,180,top
D2687,APA102-2020,LED-APA102-2020,260.525,-251.2,180,top
D2688,APA102-2020,LED-APA102-2020,264.525,-251.2,180,top
D2689,APA102-2020,LED-APA102-2020,268.525,-251.2,180,top
D2690,APA102-2020,LED-APA102-2020,272.525,-251.2,180,top
D2691,APA102-2020,LED-APA102-2020,276.525,-251.2,180,top
D2692,APA102-2020,LED-APA102-2020,280.525,-251.2,180,top
D2693,APA102-2020,LED-APA102-2020,284.525,-251.2,180,top
D2694,APA102-2020,LED-APA102-2020,288.525,-251.2,180,top
D2695,APA102-2020,LED-APA102-2020,292.525,-251.2,180,top
D2696,APA102-2020,LED-APA102-2020,296.525,-251.2,180,top
D2697,APA102-2020,LED-APA102-2020,300.525,-251.2,180,top
D2698,APA102-2020,LED-APA102-2020,304.525,-251.2,180,top
D2699,APA102-2020,LED-APA102-2020,308.525,-251.2,180,top
D2700,APA102-2020,LED-APA102-2020,312.525,-251.2,180,top
D2701,APA102-2020,LED-APA102-2020,316.525,-251.2,180,top
D2702,APA102-2020,LED-APA102-2020,320.525,-251.2,180,top
D2703,APA102-2020,LED-APA102-2020,324.525,-251.2,180,top
D2704,APA102-2020,LED-APA102-2020,328.525,-251.2,180,top
D2705,APA102-2020,LED-APA102-2020,332.525,-251.2,180,top
D2706,APA102-2020,LED-APA102-2020,336.525,-251.2,180,top
D2707,APA102-2020,LED-APA102-2020,340.525,-251.2,180,top
D2708,APA102-2020,LED-APA102-2020,344.525,-251.2,180,top
D2709,APA102-2020,LED-APA102-2020,348.525,-251.2,180,top
D2710,APA102-2020,LED-APA102-2020,352.525,-251.2,180,top
D2711,APA102-2020,LED-APA102-2020,356.525,-251.2,180,top
D2712,APA102-2020,LED-APA102-2020,360.525,-251.2,180,top
D2713,APA102-2020,LED-APA102-2020,364.525,-251.2,180,top
D2714,APA102-2020,LED-APA102-2020,368.525,-251.2,180,top
D2715,APA102-2020,LED-APA102-2020,372.525,-251.2,180,top
D2716,APA102-2020,LED-APA102-2020,376.525,-251.2,180,top
D2717,APA102-2020,LED-APA102-2020,380.525,-251.2,180,top
D2718,APA102-2020,LED-APA102-2020,384.525,-251.2,180,top
D2719,APA102-2020,LED-APA102-2020,388.525,-251.2,180,top
D2720,APA102-2020,LED-APA102-2020,392.525,-251.2,180,top
D2721,APA102-2020,LED-APA102-2020,396.525,-251.2,180,top
D2722,APA102-2020,LED-APA102-2020,400.525,-251.2,180,top
D2723,APA102-2020,LED-APA102-2020,404.525,-251.2,180,top
D2724,APA102-2020,LED-APA102-2020,408.525,-251.2,180,top
D2725,APA102-2020,LED-APA102-2020,412.525,-251.2,180,top
D2726,APA102-2020,LED-APA102-2020,416.525,-251.2,180,top
D2727,APA102-2020,LED-APA102-2020,420.525,-251.2,180,top
D2728,APA102-2020,LED-APA102-2020,424.525,-251.2,180,top
D2729,APA102-2020,LED-APA102-2020,428.525,-251.2,180,top
D2730,APA102-2020,LED-APA102-2020,432.525,-251.2,180,top
D2731,APA102-2020,LED-APA102-2020,156.525,-255.2,180,top
D2732,APA102-2020,LED-APA102-2020,160.525,-255.2,180,top
D2733,APA102-2020,LED-APA102-2020,164.525,-255.2,180,top
D2734,APA102-2020,LED-APA102-2020,168.525,-255.2,180,top
D2735,APA102-2020,LED-APA102-2020,172.525,-255.2,180,top
D2736,APA102-2020,LED-APA102-2020,176.525,-255.2,180,top
D2737,APA102-2020,LED-APA102-2020,180.525,-255.2,180,top
D2738,APA102-2020,LED-APA102-2020,184.525,-255.2,180,top
D2739,APA102-2020,LED-APA102-2020,188.525,-255.2,180,top
D2740,APA102-2020,LED-APA102-2020,192.525,-255.2,180,top
D2741,APA102-2020,LED-APA102-2020,196.525,-255.2,180,top
D2742,APA102-2020,LED-APA102-2020,200.525,-255.2,180,top
D2743,APA102-2020,LED-APA102-2020,204.525,-255.2,180,top
D2744,APA102-2020,LED-APA102-2020,208.525,-255.2,180,top
D2745,APA102-2020,LED-APA102-2020,212.525,-255.2,180,top
D2746,APA102-2020,LED-APA102-2020,216.525,-255.2,180,top
D2747,APA102-2020,LED-APA102-2020,220.525,-255.2,180,top
D2748,APA102-2020,LED-APA102-2020,224.525,-255.2,180,top
D2749,APA102-2020,LED-APA102-2020,228.525,-255.2,180,top
D2750,APA102-2020,LED-APA102-2020,232.525,-255.2,180,top
D2751,APA102-2020,LED-APA102-2020,236.525,-255.2,180,top
D2752,APA102-2020,LED-APA102-2020,240.525,-255.2,180,top
D2753,APA102-2020,LED-APA102-2020,244.525,-255.2,180,top
D2754,APA102-2020,LED-APA102-2020,248.525,-255.2,180,top
D2755,APA102-2020,LED-APA102-2020,252.525,-255.2,180,top
D2756,APA102-2020,LED-APA102-2020,256.525,-255.2,180,top
D2757,APA102-2020,LED-APA102-2020,260.525,-255.2,180,top
D2758,APA102-2020,LED-APA102-2020,264.525,-255.2,180,top
D2759,APA102-2020,LED-APA102-2020,268.525,-255.2,180,top
D2760,APA102-2020,LED-APA102-2020,272.525,-255.2,180,top
D2761,APA102-2020,LED-APA102-2020,276.525,-255.2,180,top
D2762,APA102-2020,LED-APA102-2020,280.525,-255.2,180,top
D2763,APA102-2020,LED-APA102-2020,284.525,-255.2,180,top
D2764,APA102-2020,LED-APA102-2020,288.525,-255.2,180,top
D2765,APA102-2020,LED-APA102-2020,292.525,-255.2,180,top
D2766,APA102-2020,LED-APA102-2020,296.525,-255.2,180,top
D2767,APA102-2020,LED-APA102-2020,300.525,-255.2,180,top
D2768,APA102-2020,LED-APA102-2020,304.525,-255.2,180,top
D2769,APA102-2020,LED-APA102-2020,308.525,-255.2,180,top
D2770,APA102-2020,LED-APA102-2020,312.525,-255.2,180,top
D2771,APA102-2020,LED-APA102-2020,316.525,-255.2,180,top
D2772,APA102-2020,LED-APA102-2020,320.525,-255.2,180,top
D2773,APA102-2020,LED-APA102-2020,324.525,-255.2,180,top
D2774,APA102-2020,LED-APA102-2020,328.525,-255.2,180,top
D2775,APA102-2020,LED-APA102-2020,332.525,-255.2,180,top
D2776,APA102-2020,LED-APA102-2020,336.525,-255.2,180,top
D2777,APA102-2020,LED-APA102-2020,340.525,-255.2,180,top
D2778,APA102-2020,LED-APA102-2020,344.525,-255.2,180,top
D2779,APA102-2020,LED-APA102-2020,348.525,-255.2,180,top
D2780,APA102-2020,LED-APA102-2020,352.525,-255.2,180,top
D2781,APA102-2020,LED-APA102-2020,356.525,-255.2,180,top
D2782,APA102-2020,LED-APA102-2020,360.525,-255.2,180,top
D2783,APA102-2020,LED-APA102-2020,364.525,-255.2,180,top
D2784,APA102-2020,LED-APA102-2020,368.525,-255.2,180,top
D2785,APA102-2020,LED-APA102-2020,372.525,-255.2,180,top
D2786,APA102-2020,LED-APA102-2020,376.525,-255.2,180,top
D2787,APA102-2020,LED-APA102-2020,380.525,-255.2,180,top
D2788,APA102-2020,LED-APA102-2020,384.525,-255.2,180,top
D2789,APA102-2020,LED-APA102-2020,388.525,-255.2,180,top
D2790,APA102-2020,LED-APA102-2020,392.525,-255.2,180,top
D2791,APA102-2020,LED-APA102-2020,396.525,-255.2,180,top
D2792,APA102-2020,LED-APA102-2020,400.525,-255.2,180,top
D2793,APA102-2020,LED-APA102-2020,404.525,-255.2,180,top
D2794,APA102-2020,LED-APA102-2020,408.525,-255.2,180,top
D2795,APA102-2020,LED-APA102-2020,412.525,-255.2,180,top
D2796,APA102-2020,LED-APA102-2020,416.525,-255.2,180,top
D2797,APA102-2020,LED-APA102-2020,420.525,-255.2,180,top
D2798,APA102-2020,LED-APA102-2020,424.525,-255.2,180,top
D2799,APA102-2020,LED-APA102-2020,428.525,-255.2,180,top
D2800,APA102-2020,LED-APA102-2020,432.525,-255.2,180,top
D2801,APA102-2020,LED-APA102-2020,156.525,-259.2,180,top
D2802,APA102-2020,LED-APA102-2020,160.525,-259.2,180,top
D2803,APA102-2020,LED-APA102-2020,164.525,-259.2,180,top
D2804,APA102-2020,LED-APA102-2020,168.525,-259.2,180,top
D2805,APA102-2020,LED-APA102-2020,172.525,-259.2,180,top
D2806,APA102-2020,LED-APA102-2020,176.525,-259.2,180,top
D2807,APA102-2020,LED-APA102-2020,180.525,-259.2,180,top
D2808,APA102-2020,LED-APA102-2020,184.525,-259.2,180,top
D2809,APA102-2020,LED-APA102-2020,188.525,-259.2,180,top
D2810,APA102-2020,LED-APA102-2020,192.525,-259.2,180,top
D2811,APA102-2020,LED-APA102-2020,196.525,-259.2,180,top
D2812,APA102-2020,LED-APA102-2020,200.525,-259.2,180,top
D2813,APA102-2020,LED-APA102-2020,204.525,-259.2,180,top
D2814,APA102-2020,LED-APA102-2020,208.525,-259.2,180,top
D2815,APA102-2020,LED-APA102-2020,212.525,-259.2,180,top
D2816,APA102-2020,LED-APA102-2020,216.525,-259.2,180,top
D2817,APA102-2020,LED-APA102-2020,220.525,-259.2,180,top
D2818,APA102-2020,LED-APA102-2020,224.525,-259.2,180,top
D2819,APA102-2020,LED-APA102-2020,228.525,-259.2,180,top
D2820,APA102-2020,LED-APA102-2020,232.525,-259.2,180,top
D2821,APA102-2020,LED-APA102-2020,236.525,-259.2,180,top
D2822,APA102-2020,LED-APA102-2020,240.525,-259.2,180,top
D2823,APA102-2020,LED-APA102-2020,244.525,-259.2,180,top
D2824,APA102-2020,LED-APA102-2020,248.525,-259.2,180,top
D2825,APA102-2020,LED-APA102-2020,252.525,-259.2,180,top
D2826,APA102-2020,LED-APA102-2020,256.525,-259.2,180,top
D2827,APA102-2020,LED-APA102-2020,260.525,-259.2,180,top
D2828,APA102-2020,LED-APA102-2020,264.525,-259.2,180,top
D2829,APA102-2020,LED-APA102-2020,268.525,-259.2,180,top
D2830,APA102-2020,LED-APA102-2020,272.525,-259.2,180,top
D2831,APA102-2020,LED-APA102-2020,276.525,-259.2,180,top
D2832,APA102-2020,LED-APA102-2020,280.525,-259.2,180,top
D2833,APA102-2020,LED-APA102-2020,284.525,-259.2,180,top
D2834,APA102-2020,LED-APA102-2020,288.525,-259.2,180,top
D2835,APA102-2020,LED-APA102-2020,292.525,-259.2,180,top
D2836,APA102-2020,LED-APA102-2020,296.525,-259.2,180,top
D2837,APA102-2020,LED-APA102-2020,300.525,-259.2,180,top
D2838,APA102-2020,LED-APA102-2020,304.525,-259.2,180,top
D2839,APA102-2020,LED-APA102-2020,308.525,-259.2,180,top
D2840,APA102-2020,LED-APA102-2020,312.525,-259.2,180,top
D2841,APA102-2020,LED-APA102-2020,316.525,-259.2,180,top
D2842,APA102-2020,LED-APA102-2020,320.525,-259.2,180,top
D2843,APA102-2020,LED-APA102-2020,324.525,-259.2,180,top
D2844,APA102-2020,LED-APA102-2020,328.525,-259.2,180,top
D2845,APA102-2020,LED-APA102-2020,332.525,-259.2,180,top
D2846,APA102-2020,LED-APA102-2020,336.525,-259.2,180,top
D2847,APA102-2020,LED-APA102-2020,340.525,-259.2,180,top
D2848,APA102-2020,LED-APA102-2020,344.525,-259.2,180,top
D2849,APA102-2020,LED-APA102-2020,348.525,-259.2,180,top
D2850,APA102-2020,LED-APA102-2020,352.525,-259.2,180,top
D2851,APA102-2020,LED-APA102-2020,356.525,-259.2,180,top
D2852,APA102-2020,LED-APA102-2020,360.525,-259.2,180,top
D2853,APA102-2020,LED-APA102-2020,364.525,-259.2,180,top
D2854,APA102-2020,LED-APA102-2020,368.525,-259.2,180,top
D2855,APA102-2020,LED-APA102-2020,372.525,-259.2,180,top
D2856,APA102-2020,LED-APA102-2020,376.525,-259.2,180,top
D2857,APA102-2020,LED-APA102-2020,380.525,-259.2,180,top
D2858,APA102-2020,LED-APA102-2020,384.525,-259.2,180,top
D2859,APA102-2020,LED-APA102-2020,388.525,-259.2,180,top
D2860,APA102-2020,LED-APA102-2020,392.525,-259.2,180,top
D2861,APA102-2020,LED-APA102-2020,396.525,-259.2,180,top
D2862,APA102-2020,LED-APA102-2020,400.525,-259.2,180,top
D2863,APA102-2020,LED-APA102-2020,404.525,-259.2,180,top
D2864,APA102-2020,LED-APA102-2020,408.525,-259.2,180,top
D2865,APA102-2020,LED-APA102-2020,412.525,-259.2,180,top
D2866,APA102-2020,LED-APA102-2020,416.525,-259.2,180,top
D2867,APA102-2020,LED-APA102-2020,420.525,-259.2,180,top
D2868,APA102-2020,LED-APA102-2020,424.525,-259.2,180,top
D2869,APA102-2020,LED-APA102-2020,428.525,-259.2,180,top
D2870,APA102-2020,LED-APA102-2020,432.525,-259.2,180,top
D2871,APA102-2020,LED-APA102-2020,156.525,-263.2,180,top
D2872,APA102-2020,LED-APA102-2020,160.525,-263.2,180,top
D2873,APA102-2020,LED-APA102-2020,164.525,-263.2,180,top
D2874,APA102-2020,LED-APA102-2020,168.525,-263.2,180,top
D2875,APA102-2020,LED-APA102-2020,172.525,-263.2,180,top
D2876,APA102-2020,LED-APA102-2020,176.525,-263.2,180,top
D2877,APA102-2020,LED-APA102-2020,180.525,-263.2,180,top
D2878,APA102-2020,LED-APA102-2020,184.525,-263.2,180,top
D2879,APA102-2020,LED-APA102-2020,188.525,-263.2,180,top
D2880,APA102-2020,LED-APA102-2020,192.525,-263.2,180,top
D2881,APA102-2020,LED-APA102-2020,196.525,-263.2,180,top
D2882,APA102-2020,LED-APA102-2020,200.525,-263.2,180,top
D2883,APA102-2020,LED-APA102-2020,204.525,-263.2,180,top
D2884,APA102-2020,LED-APA102-2020,208.525,-263.2,180,top
D2885,APA102-2020,LED-APA102-2020,212.525,-263.2,180,top
D2886,APA102-2020,LED-APA102-2020,216.525,-263.2,180,top
D2887,APA102-2020,LED-APA102-2020,220.525,-263.2,180,top
D2888,APA102-2020,LED-APA102-2020,224.525,-263.2,180,top
D2889,APA102-2020,LED-APA102-2020,228.525,-263.2,180,top
D2890,APA102-2020,LED-APA102-2020,232.525,-263.2,180,top
D2891,APA102-2020,LED-APA102-2020,236.525,-263.2,180,top
D2892,APA102-2020,LED-APA102-2020,240.525,-263.2,180,top
D2893,APA102-2020,LED-APA102-2020,244.525,-263.2,180,top
D2894,APA102-2020,LED-APA102-2020,248.525,-263.2,180,top
D2895,APA102-2020,LED-APA102-2020,252.525,-263.2,180,top
D2896,APA102-2020,LED-APA102-2020,256.525,-263.2,180,top
D2897,APA102-2020,LED-APA102-2020,260.525,-263.2,180,top
D2898,APA102-2020,LED-APA102-2020,264.525,-263.2,180,top
D2899,APA102-2020,LED-APA102-2020,268.525,-263.2,180,top
D2900,APA102-2020,LED-APA102-2020,272.525,-263.2,180,top
D2901,APA102-2020,LED-APA102-2020,276.525,-263.2,180,top
D2902,APA102-2020,LED-APA102-2020,280.525,-263.2,180,top
D2903,APA102-2020,LED-APA102-2020,284.525,-263.2,180,top
D2904,APA102-2020,LED-APA102-2020,288.525,-263.2,180,top
D2905,APA102-2020,LED-APA102-2020,292.525,-263.2,180,top
D2906,APA102-2020,LED-APA102-2020,296.525,-263.2,180,top
D2907,APA102-2020,LED-APA102-2020,300.525,-263.2,180,top
D2908,APA102-2020,LED-APA102-2020,304.525,-263.2,180,top
D2909,APA102-2020,LED-APA102-2020,308.525,-263.2,180,top
D2910,APA102-2020,LED-APA102-2020,312.525,-263.2,180,top
D2911,APA102-2020,LED-APA102-2020,316.525,-263.2,180,top
D2912,APA102-2020,LED-APA102-2020,320.525,-263.2,180,top
D2913,APA102-2020,LED-APA102-2020,324.525,-263.2,180,top
D2914,APA102-2020,LED-APA102-2020,328.525,-263.2,180,top
D2915,APA102-2020,LED-APA102-2020,332.525,-263.2,180,top
D2916,APA102-2020,LED-APA102-2020,336.525,-263.2,180,top
D2917,APA102-2020,LED-APA102-2020,340.525,-263.2,180,top
D2918,APA102-2020,LED-APA102-2020,344.525,-263.2,180,top
D2919,APA102-2020,LED-APA102-2020,348.525,-263.2,180,top
D2920,APA102-2020,LED-APA102-2020,352.525,-263.2,180,top
D2921,APA102-2020,LED-APA102-2020,356.525,-263.2,180,top
D2922,APA102-2020,LED-APA102-2020,360.525,-263.2,180,top
D2923,APA102-2020,LED-APA102-2020,364.525,-263.2,180,top
D2924,APA102-2020,LED-APA102-2020,368.525,-263.2,180,top
D2925,APA102-2020,LED-APA102-2020,372.525,-263.2,180,top
D2926,APA102-2020,LED-APA102-2020,376.525,-263.2,180,top
D2927,APA102-2020,LED-APA102-2020,380.525,-263.2,180,top
D2928,APA102-2020,LED-APA102-2020,384.525,-263.2,180,top
D2929,APA102-2020,LED-APA102-2020,388.525,-263.2,180,top
D2930,APA102-2020,LED-APA102-2020,392.525,-263.2,180,top
D2931,APA102-2020,LED-APA102-2020,396.525,-263.2,180,top
D2932,APA102-2020,LED-APA102-2020,400.525,-263.2,180,top
D2933,APA102-2020,LED-APA102-2020,404.525,-263.2,180,top
D2934,APA102-2020,LED-APA102-2020,408.525,-263.2,180,top
D2935,APA102-2020,LED-APA102-2020,412.525,-263.2,180,top
D2936,APA102-2020,LED-APA102-2020,416.525,-263.2,180,top
D2937,APA102-2020,LED-APA102-2020,420.525,-263.2,180,top
D2938,APA102-2020,LED-APA102-2020,424.525,-263.2,180,top
D2939,APA102-2020,LED-APA102-2020,428.525,-263.2,180,top
D2940,APA102-2020,LED-APA102-2020,432.525,-263.2,180,top
D2941,APA102-2020,LED-APA102-2020,156.525,-267.2,180,top
D2942,APA102-2020,LED-APA102-2020,160.525,-267.2,180,top
D2943,APA102-2020,LED-APA102-2020,164.525,-267.2,180,top
D2944,APA102-2020,LED-APA102-2020,168.525,-267.2,180,top
D2945,APA102-2020,LED-APA102-2020,172.525,-267.2,180,top
D2946,APA102-2020,LED-APA102-2020,176.525,-267.2,180,top
D2947,APA102-2020,LED-APA102-2020,180.525,-267.2,180,top
D2948,APA102-2020,LED-APA102-2020,184.525,-267.2,180,top
D2949,APA102-2020,LED-APA102-2020,188.525,-267.2,180,top
D2950,APA102-2020,LED-APA102-2020,192.525,-267.2,180,top
D2951,APA102-2020,LED-APA102-2020,196.525,-267.2,180,top
D2952,APA102-2020,LED-APA102-2020,200.525,-267.2,180,top
D2953,APA102-2020,LED-APA102-2020,204.525,-267.2,180,top
D2954,APA102-2020,LED-APA102-2020,208.525,-267.2,180,top
D2955,APA102-2020,LED-APA102-2020,212.525,-267.2,180,top
D2956,APA102-2020,LED-APA102-2020,216.525,-267.2,180,top
D2957,APA102-2020,LED-APA102-2020,220.525,-267.2,180,top
D2958,APA102-2020,LED-APA102-2020,224.525,-267.2,180,top
D2959,APA102-2020,LED-APA102-2020,228.525,-267.2,180,top
D2960,APA102-2020,LED-APA102-2020,232.525,-267.2,180,top
D2961,APA102-2020,LED-APA102-2020,236.525,-267.2,180,top
D2962,APA102-2020,LED-APA102-2020,240.525,-267.2,180,top
D2963,APA102-2020,LED-APA102-2020,244.525,-267.2,180,top
D2964,APA102-2020,LED-APA102-2020,248.525,-267.2,180,top
D2965,APA102-2020,LED-APA102-2020,252.525,-267.2,180,top
D2966,APA102-2020,LED-APA102-2020,256.525,-267.2,180,top
D2967,APA102-2020,LED-APA102-2020,260.525,-267.2,180,top
D2968,APA102-2020,LED-APA102-2020,264.525,-267.2,180,top
D2969,APA102-2020,LED-APA102-2020,268.525,-267.2,180,top
D2970,APA102-2020,LED-APA102-2020,272.525,-267.2,180,top
D2971,APA102-2020,LED-APA102-2020,276.525,-267.2,180,top
D2972,APA102-2020,LED-APA102-2020,280.525,-267.2,180,top
D2973,APA102-2020,LED-APA102-2020,284.525,-267.2,180,top
D2974,APA102-2020,LED-APA102-2020,288.525,-267.2,180,top
D2975,APA102-2020,LED-APA102-2020,292.525,-267.2,180,top
D2976,APA102-2020,LED-APA102-2020,296.525,-267.2,180,top
D2977,APA102-2020,LED-APA102-2020,300.525,-267.2,180,top
D2978,APA102-2020,LED-APA102-2020,304.525,-267.2,180,top
D2979,APA102-2020,LED-APA102-2020,308.525,-267.2,180,top
D2980,APA102-2020,LED-APA102-2020,312.525,-267.2,180,top
D2981,APA102-2020,LED-APA102-2020,316.525,-267.2,180,top
D2982,APA102-2020,LED-APA102-2020,320.525,-267.2,180,top
D2983,APA102-2020,LED-APA102-2020,324.525,-267.2,180,top
D2984,APA102-2020,LED-APA102-2020,328.525,-267.2,180,top
D2985,APA102-2020,LED-APA102-2020,332.525,-267.2,180,top
D2986,APA102-2020,LED-APA102-2020,336.525,-267.2,180,top
D2987,APA102-2020,LED-APA102-2020,340.525,-267.2,180,top
D2988,APA102-2020,LED-APA102-2020,344.525,-267.2,180,top
D2989,APA102-2020,LED-APA102-2020,348.525,-267.2,180,top
D2990,APA102-2020,LED-APA102-2020,352.525,-267.2,180,top
D2991,APA102-2020,LED-APA102-2020,356.525,-267.2,180,top
D2992,APA102-2020,LED-APA102-2020,360.525,-267.2,180,top
D2993,APA102-2020,LED-APA102-2020,364.525,-267.2,180,top
D2994,APA102-2020,LED-APA102-2020,368.525,-267.2,180,top
D2995,APA102-2020,LED-APA102-2020,372.525,-267.2,180,top
D2996,APA102-2020,LED-APA102-2020,376.525,-267.2,180,top
D2997,APA102-2020,LED-APA102-2020,380.525,-267.2,180,top
D2998,APA102-2020,LED-APA102-2020,384.525,-267.2,180,top
D2999,APA102-2020,LED-APA102-2020,388.525,-267.2,180,top
D3000,APA102-2020,LED-APA102-2020,392.525,-267.2,180,top
D3001,APA102-2020,LED-APA102-2020,396.525,-267.2,180,top
D3002,APA102-2020,LED-APA102-2020,400.525,-267.2,180,top
D3003,APA102-2020,LED-APA102-2020,404.525,-267.2,180,top
D3004,APA102-2020,LED-APA102-2020,408.525,-267.2,180,top
D3005,APA102-2020,LED-APA102-2020,412.525,-267.2,180,top
D3006,APA102-2020,LED-APA102-2020,416.525,-267.2,180,top
D3007,APA102-2020,LED-APA102-2020,420.525,-267.2,180,top
D3008,APA102-2020,LED-APA102-2020,424.525,-267.2,180,top
D3009,APA102-2020,LED-APA102-2020,428.525,-267.2,180,top
D3010,APA102-2020,LED-APA102-2020,432.525,-267.2,180,top
D3011,APA102-2020,LED-APA102-2020,156.525,-271.2,180,top
D3012,APA102-2020,LED-APA102-2020,160.525,-271.2,180,top
D3013,APA102-2020,LED-APA102-2020,164.525,-271.2,180,top
D3014,APA102-2020,LED-APA102-2020,168.525,-271.2,180,top
D3015,APA102-2020,LED-APA102-2020,172.525,-271.2,180,top
D3016,APA102-2020,LED-APA102-2020,176.525,-271.2,180,top
D3017,APA102-2020,LED-APA102-2020,180.525,-271.2,180,top
D3018,APA102-2020,LED-APA102-2020,184.525,-271.2,180,top
D3019,APA102-2020,LED-APA102-2020,188.525,-271.2,180,top
D3020,APA102-2020,LED-APA102-2020,192.525,-271.2,180,top
D3021,APA102-2020,LED-APA102-2020,196.525,-271.2,180,top
D3022,APA102-2020,LED-APA102-2020,200.525,-271.2,180,top
D3023,APA102-2020,LED-APA102-2020,204.525,-271.2,180,top
D3024,APA102-2020,LED-APA102-2020,208.525,-271.2,180,top
D3025,APA102-2020,LED-APA102-2020,212.525,-271.2,180,top
D3026,APA102-2020,LED-APA102-2020,216.525,-271.2,180,top
D3027,APA102-2020,LED-APA102-2020,220.525,-271.2,180,top
D3028,APA102-2020,LED-APA102-2020,224.525,-271.2,180,top
D3029,APA102-2020,LED-APA102-2020,228.525,-271.2,180,top
D3030,APA102-2020,LED-APA102-2020,232.525,-271.2,180,top
D3031,APA102-2020,LED-APA102-2020,236.525,-271.2,180,top
D3032,APA102-2020,LED-APA102-2020,240.525,-271.2,180,top
D3033,APA102-2020,LED-APA102-2020,244.525,-271.2,180,top
D3034,APA102-2020,LED-APA102-2020,248.525,-271.2,180,top
D3035,APA102-2020,LED-APA102-2020,252.525,-271.2,180,top
D3036,APA102-2020,LED-APA102-2020,256.525,-271.2,180,top
D3037,APA102-2020,LED-APA102-2020,260.525,-271.2,180,top
D3038,APA102-2020,LED-APA102-2020,264.525,-271.2,180,top
D3039,APA102-2020,LED-APA102-2020,268.525,-271.2,180,top
D3040,APA102-2020,LED-APA102-2020,272.525,-271.2,180,top
D3041,APA102-2020,LED-APA102-2020,276.525,-271.2,180,top
D3042,APA102-2020,LED-APA102-2020,280.525,-271.2,180,top
D3043,APA102-2020,LED-APA102-2020,284.525,-271.2,180,top
D3044,APA102-2020,LED-APA102-2020,288.525,-271.2,180,top
D3045,APA102-2020,LED-APA102-2020,292.525,-271.2,180,top
D3046,APA102-2020,LED-APA102-2020,296.525,-271.2,180,top
D3047,APA102-2020,LED-APA102-2020,300.525,-271.2,180,top
D3048,APA102-2020,LED-APA102-2020,304.525,-271.2,180,top
D3049,APA102-2020,LED-APA102-2020,308.525,-271.2,180,top
D3050,APA102-2020,LED-APA102-2020,312.525,-271.2,180,top
D3051,APA102-2020,LED-APA102-2020,316.525,-271.2,180,top
D3052,APA102-2020,LED-APA102-2020,320.525,-271.2,180,top
D3053,APA102-2020,LED-APA102-2020,324.525,-271.2,180,top
D3054,APA102-2020,LED-APA102-2020,328.525,-271.2,180,top
D3055,APA102-2020,LED-APA102-2020,332.525,-271.2,180,top
D3056,APA102-2020,LED-APA102-2020,336.525,-271.2,180,top
D3057,APA102-2020,LED-APA102-2020,340.525,-271.2,180,top
D3058,APA102-2020,LED-APA102-2020,344.525,-271.2,180,top
D3059,APA102-2020,LED-APA102-2020,348.525,-271.2,180,top
D3060,APA102-2020,LED-APA102-2020,352.525,-271.2,180,top
D3061,APA102-2020,LED-APA102-2020,356.525,-271.2,180,top
D3062,APA102-2020,LED-APA102-2020,360.525,-271.2,180,top
D3063,APA102-2020,LED-APA102-2020,364.525,-271.2,180,top
D3064,APA102-2020,LED-APA102-2020,368.525,-271.2,180,top
D3065,APA102-2020,LED-APA102-2020,372.525,-271.2,180,top
D3066,APA102-2020,LED-APA102-2020,376.525,-271.2,180,top
D3067,APA102-2020,LED-APA102-2020,380.525,-271.2,180,top
D3068,APA102-2020,LED-APA102-2020,384.525,-271.2,180,top
D3069,APA102-2020,LED-APA102-2020,388.525,-271.2,180,top
D3070,APA102-2020,LED-APA102-2020,392.525,-271.2,180,top
D3071,APA102-2020,LED-APA102-2020,396.525,-271.2,180,top
D3072,APA102-2020,LED-APA102-2020,400.525,-271.2,180,top
D3073,APA102-2020,LED-APA102-2020,404.525,-271.2,180,top
D3074,APA102-2020,LED-APA102-2020,408.525,-271.2,180,top
D3075,APA102-2020,LED-APA102-2020,412.525,-271.2,180,top
D3076,APA102-2020,LED-APA102-2020,416.525,-271.2,180,top
D3077,APA102-2020,LED-APA102-2020,420.525,-271.2,180,top
D3078,APA102-2020,LED-APA102-2020,424.525,-271.2,180,top
D3079,APA102-2020,LED-APA102-2020,428.525,-271.2,180,top
D3080,APA102-2020,LED-APA102-2020,432.525,-271.2,180,top
D3081,APA102-2020,LED-APA102-2020,156.525,-275.2,180,top
D3082,APA102-2020,LED-APA102-2020,160.525,-275.2,180,top
D3083,APA102-2020,LED-APA102-2020,164.525,-275.2,180,top
D3084,APA102-2020,LED-APA102-2020,168.525,-275.2,180,top
D3085,APA102-2020,LED-APA102-2020,172.525,-275.2,180,top
D3086,APA102-2020,LED-APA102-2020,176.525,-275.2,180,top
D3087,APA102-2020,LED-APA102-2020,180.525,-275.2,180,top
D3088,APA102-2020,LED-APA102-2020,184.525,-275.2,180,top
D3089,APA102-2020,LED-APA102-2020,188.525,-275.2,180,top
D3090,APA102-2020,LED-APA102-2020,192.525,-275.2,180,top
D3091,APA102-2020,LED-APA102-2020,196.525,-275.2,180,top
D3092,APA102-2020,LED-APA102-2020,200.525,-275.2,180,top
D3093,APA102-2020,LED-APA102-2020,204.525,-275.2,180,top
D3094,APA102-2020,LED-APA102-2020,208.525,-275.2,180,top
D3095,APA102-2020,LED-APA102-2020,212.525,-275.2,180,top
D3096,APA102-2020,LED-APA102-2020,216.525,-275.2,180,top
D3097,APA102-2020,LED-APA102-2020,220.525,-275.2,180,top
D3098,APA102-2020,LED-APA102-2020,224.525,-275.2,180,top
D3099,APA102-2020,LED-APA102-2020,228.525,-275.2,180,top
D3100,APA102-2020,LED-APA102-2020,232.525,-275.2,180,top
D3101,APA102-2020,LED-APA102-2020,236.525,-275.2,180,top
D3102,APA102-2020,LED-APA102-2020,240.525,-275.2,180,top
D3103,APA102-2020,LED-APA102-2020,244.525,-275.2,180,top
D3104,APA102-2020,LED-APA102-2020,248.525,-275.2,180,top
D3105,APA102-2020,LED-APA102-2020,252.525,-275.2,180,top
D3106,APA102-2020,LED-APA102-2020,256.525,-275.2,180,top
D3107,APA102-2020,LED-APA102-2020,260.525,-275.2,180,top
D3108,APA102-2020,LED-APA102-2020,264.525,-275.2,180,top
D3109,APA102-2020,LED-APA102-2020,268.525,-275.2,180,top
D3110,APA102-2020,LED-APA102-2020,272.525,-275.2,180,top
D3111,APA102-2020,LED-APA102-2020,276.525,-275.2,180,top
D3112,APA102-2020,LED-APA102-2020,280.525,-275.2,180,top
D3113,APA102-2020,LED-APA102-2020,284.525,-275.2,180,top
D3114,APA102-2020,LED-APA102-2020,288.525,-275.2,180,top
D3115,APA102-2020,LED-APA102-2020,292.525,-275.2,180,top
D3116,APA102-2020,LED-APA102-2020,296.525,-275.2,180,top
D3117,APA102-2020,LED-APA102-2020,300.525,-275.2,180,top
D3118,APA102-2020,LED-APA102-2020,304.525,-275.2,180,top
D3119,APA102-2020,LED-APA102-2020,308.525,-275.2,180,top
D3120,APA102-2020,LED-APA102-2020,312.525,-275.2,180,top
D3121,APA102-2020,LED-APA102-2020,316.525,-275.2,180,top
D3122,APA102-2020,LED-APA102-2020,320.525,-275.2,180,top
D3123,APA102-2020,LED-APA102-2020,324.525,-275.2,180,top
D3124,APA102-2020,LED-APA102-2020,328.525,-275.2,180,top
D3125,APA102-2020,LED-APA102-2020,332.525,-275.2,180,top
D3126,APA102-2020,LED-APA102-2020,336.525,-275.2,180,top
D3127,APA102-2020,LED-APA102-2020,340.525,-275.2,180,top
D3128,APA102-2020,LED-APA102-2020,344.525,-275.2,180,top
D3129,APA102-2020,LED-APA102-2020,348.525,-275.2,180,top
D3130,APA102-2020,LED-APA102-2020,352.525,-275.2,180,top
D3131,APA102-2020,LED-APA102-2020,356.525,-275.2,180,top
D3132,APA102-2020,LED-APA102-2020,360.525,-275.2,180,top
D3133,APA102-2020,LED-APA102-2020,364.525,-275.2,180,top
D3134,APA102-2020,LED-APA102-2020,368.525,-275.2,180,top
D3135,APA102-2020,LED-APA102-2020,372.525,-275.2,180,top
D3136,APA102-2020,LED-APA102-2020,376.525,-275.2,180,top
D3137,APA102-2020,LED-APA102-2020,380.525,-275.2,180,top
D3138,APA102-2020,LED-APA102-2020,384.525,-275.2,180,top
D3139,APA102-2020,LED-APA102-2020,388.525,-275.2,180,top
D3140,APA102-2020,LED-APA102-2020,392.525,-275.2,180,top
D3141,APA102-2020,LED-APA102-2020,396.525,-275.2,180,top
D3142,APA102-2020,LED-APA102-2020,400.525,-275.2,180,top
D3143,APA102-2020,LED-APA102-2020,404.525,-275.2,180,top
D3144,APA102-2020,LED-APA102-2020,408.525,-275.2,180,top
D3145,APA102-2020,LED-APA102-2020,412.525,-275.2,180,top
D3146,APA102-2020,LED-APA102-2020,416.525,-275.2,180,top
D3147,APA102-2020,LED-APA102-2020,420.525,-275.2,180,top
D3148,APA102-2020,LED-APA102-2020,424.525,-275.2,180,top
D3149,APA102-2020,LED-APA102-2020,428.525,-275.2,180,top
D3150,APA102-2020,LED-APA102-2020,432.525,-275.2,180,top
D3151,APA102-2020,LED-APA102-2020,156.525,-279.2,180,top
D3152,APA102-2020,LED-APA102-2020,160.525,-279.2,180,top
D3153,APA102-2020,LED-APA102-2020,164.525,-279.2,180,top
D3154,APA102-2020,LED-APA102-2020,168.525,-279.2,180,top
D3155,APA102-2020,LED-APA102-2020,172.525,-279.2,180,top
D3156,APA102-2020,LED-APA102-2020,176.525,-279.2,180,top
D3157,APA102-2020,LED-APA102-2020,180.525,-279.2,180,top
D3158,APA102-2020,LED-APA102-2020,184.525,-279.2,180,top
D3159,APA102-2020,LED-APA102-2020,188.525,-279.2,180,top
D3160,APA102-2020,LED-APA102-2020,192.525,-279.2,180,top
D3161,APA102-2020,LED-APA102-2020,196.525,-279.2,180,top
D3162,APA102-2020,LED-APA102-2020,200.525,-279.2,180,top
D3163,APA102-2020,LED-APA102-2020,204.525,-279.2,180,top
D3164,APA102-2020,LED-APA102-2020,208.525,-279.2,180,top
D3165,APA102-2020,LED-APA102-2020,212.525,-279.2,180,top
D3166,APA102-2020,LED-APA102-2020,216.525,-279.2,180,top
D3167,APA102-2020,LED-APA102-2020,220.525,-279.2,180,top
D3168,APA102-2020,LED-APA102-2020,224.525,-279.2,180,top
D3169,APA102-2020,LED-APA102-2020,228.525,-279.2,180,top
D3170,APA102-2020,LED-APA102-2020,232.525,-279.2,180,top
D3171,APA102-2020,LED-APA102-2020,236.525,-279.2,180,top
D3172,APA102-2020,LED-APA102-2020,240.525,-279.2,180,top
D3173,APA102-2020,LED-APA102-2020,244.525,-279.2,180,top
D3174,APA102-2020,LED-APA102-2020,248.525,-279.2,180,top
D3175,APA102-2020,LED-APA102-2020,252.525,-279.2,180,top
D3176,APA102-2020,LED-APA102-2020,256.525,-279.2,180,top
D3177,APA102-2020,LED-APA102-2020,260.525,-279.2,180,top
D3178,APA102-2020,LED-APA102-2020,264.525,-279.2,180,top
D3179,APA102-2020,LED-APA102-2020,268.525,-279.2,180,top
D3180,APA102-2020,LED-APA102-2020,272.525,-279.2,180,top
D3181,APA102-2020,LED-APA102-2020,276.525,-279.2,180,top
D3182,APA102-2020,LED-APA102-2020,280.525,-279.2,180,top
D3183,APA102-2020,LED-APA102-2020,284.525,-279.2,180,top
D3184,APA102-2020,LED-APA102-2020,288.525,-279.2,180,top
D3185,APA102-2020,LED-APA102-2020,292.525,-279.2,180,top
D3186,APA102-2020,LED-APA102-2020,296.525,-279.2,180,top
D3187,APA102-2020,LED-APA102-2020,300.525,-279.2,180,top
D3188,APA102-2020,LED-APA102-2020,304.525,-279.2,180,top
D3189,APA102-2020,LED-APA102-2020,308.525,-279.2,180,top
D3190,APA102-2020,LED-APA102-2020,312.525,-279.2,180,top
D3191,APA102-2020,LED-APA102-2020,316.525,-279.2,180,top
D3192,APA102-2020,LED-APA102-2020,320.525,-279.2,180,top
D3193,APA102-2020,LED-APA102-2020,324.525,-279.2,180,top
D3194,APA102-2020,LED-APA102-2020,328.525,-279.2,180,top
D3195,APA102-2020,LED-APA102-2020,332.525,-279.2,180,top
D3196,APA102-2020,LED-APA102-2020,336.525,-279.2,180,top
D3197,APA102-2020,LED-APA102-2020,340.525,-279.2,180,top
D3198,APA102-2020,LED-APA102-2020,344.525,-279.2,180,top
D3199,APA102-2020,LED-APA102-2020,348.525,-279.2,180,top
D3200,APA102-2020,LED-APA102-2020,352.525,-279.2,180,top
D3201,APA102-2020,LED-APA102-2020,356.525,-279.2,180,top
D3202,APA102-2020,LED-APA102-2020,360.525,-279.2,180,top
D3203,APA102-2020,LED-APA102-2020,364.525,-279.2,180,top
D3204,APA102-2020,LED-APA102-2020,368.525,-279.2,180,top
D3205,APA102-2020,LED-APA102-2020,372.525,-279.2,180,top
D3206,APA102-2020,LED-APA102-2020,376.525,-279.2,180,top
D3207,APA102-2020,LED-APA102-2020,380.525,-279.2,180,top
D3208,APA102-2020,LED-APA102-2020,384.525,-279.2,180,top
D3209,APA102-2020,LED-APA102-2020,388.525,-279.2,180,top
D3210,APA102-2020,LED-APA102-2020,392.525,-279.2,180,top
D3211,APA102-2020,LED-APA102-2020,396.525,-279.2,180,top
D3212,APA102-2020,LED-APA102-2020,400.525,-279.2,180,top
D3213,APA102-2020,LED-APA102-2020,404.525,-279.2,180,top
D3214,APA102-2020,LED-APA102-2020,408.525,-279.2,180,top
D3215,APA102-2020,LED-APA102-2020,412.525,-279.2,180,top
D3216,APA102-2020,LED-APA102-2020,416.525,-279.2,180,top
D3217,APA102-2020,LED-APA102-2020,420.525,-279.2,180,top
D3218,APA102-2020,LED-APA102-2020,424.525,-279.2,180,top
D3219,APA102-2020,LED-APA102-2020,428.525,-279.2,180,top
D3220,APA102-2020,LED-APA102-2020,432.525,-279.2,180,top
D3221,APA102-2020,LED-APA102-2020,156.525,-283.2,180,top
D3222,APA102-2020,LED-APA102-2020,160.525,-283.2,180,top
D3223,APA102-2020,LED-APA102-2020,164.525,-283.2,180,top
D3224,APA102-2020,LED-APA102-2020,168.525,-283.2,180,top
D3225,APA102-2020,LED-APA102-2020,172.525,-283.2,180,top
D3226,APA102-2020,LED-APA102-2020,176.525,-283.2,180,top
D3227,APA102-2020,LED-APA102-2020,180.525,-283.2,180,top
D3228,APA102-2020,LED-APA102-2020,184.525,-283.2,180,top
D3229,APA102-2020,LED-APA102-2020,188.525,-283.2,180,top
D3230,APA102-2020,LED-APA102-2020,192.525,-283.2,180,top
D3231,APA102-2020,LED-APA102-2020,196.525,-283.2,180,top
D3232,APA102-2020,LED-APA102-2020,200.525,-283.2,180,top
D3233,APA102-2020,LED-APA102-2020,204.525,-283.2,180,top
D3234,APA102-2020,LED-APA102-2020,208.525,-283.2,180,top
D3235,APA102-2020,LED-APA102-2020,212.525,-283.2,180,top
D3236,APA102-2020,LED-APA102-2020,216.525,-283.2,180,top
D3237,APA102-2020,LED-APA102-2020,220.525,-283.2,180,top
D3238,APA102-2020,LED-APA102-2020,224.525,-283.2,180,top
D3239,APA102-2020,LED-APA102-2020,228.525,-283.2,180,top
D3240,APA102-2020,LED-APA102-2020,232.525,-283.2,180,top
D3241,APA102-2020,LED-APA102-2020,236.525,-283.2,180,top
D3242,APA102-2020,LED-APA102-2020,240.525,-283.2,180,top
D3243,APA102-2020,LED-APA102-2020,244.525,-283.2,180,top
D3244,APA102-2020,LED-APA102-2020,248.525,-283.2,180,top
D3245,APA102-2020,LED-APA102-2020,252.525,-283.2,180,top
D3246,APA102-2020,LED-APA102-2020,256.525,-283.2,180,top
D3247,APA102-2020,LED-APA102-2020,260.525,-283.2,180,top
D3248,APA102-2020,LED-APA102-2020,264.525,-283.2,180,top
D3249,APA102-2020,LED-APA102-2020,268.525,-283.2,180,top
D3250,APA102-2020,LED-APA102-2020,272.525,-283.2,180,top
D3251,APA102-2020,LED-APA102-2020,276.525,-283.2,180,top
D3252,APA102-2020,LED-APA102-2020,280.525,-283.2,180,top
D3253,APA102-2020,LED-APA102-2020,284.525,-283.2,180,top
D3254,APA102-2020,LED-APA102-2020,288.525,-283.2,180,top
D3255,APA102-2020,LED-APA102-2020,292.525,-283.2,180,top
D3256,APA102-2020,LED-APA102-2020,296.525,-283.2,180,top
D3257,APA102-2020,LED-APA102-2020,300.525,-283.2,180,top
D3258,APA102-2020,LED-APA102-2020,304.525,-283.2,180,top
D3259,APA102-2020,LED-APA102-2020,308.525,-283.2,180,top
D3260,APA102-2020,LED-APA102-2020,312.525,-283.2,180,top
D3261,APA102-2020,LED-APA102-2020,316.525,-283.2,180,top
D3262,APA102-2020,LED-APA102-2020,320.525,-283.2,180,top
D3263,APA102-2020,LED-APA102-2020,324.525,-283.2,180,top
D3264,APA102-2020,LED-APA102-2020,328.525,-283.2,180,top
D3265,APA102-2020,LED-APA102-2020,332.525,-283.2,180,top
D3266,APA102-2020,LED-APA102-2020,336.525,-283.2,180,top
D3267,APA102-2020,LED-APA102-2020,340.525,-283.2,180,top
D3268,APA102-2020,LED-APA102-2020,344.525,-283.2,180,top
D3269,APA102-2020,LED-APA102-2020,348.525,-283.2,180,top
D3270,APA102-2020,LED-APA102-2020,352.525,-283.2,180,top
D3271,APA102-2020,LED-APA102-2020,356.525,-283.2,180,top
D3272,APA102-2020,LED-APA102-2020,360.525,-283.2,180,top
D3273,APA102-2020,LED-APA102-2020,364.525,-283.2,180,top
D3274,APA102-2020,LED-APA102-2020,368.525,-283.2,180,top
D3275,APA102-2020,LED-APA102-2020,372.525,-283.2,180,top
D3276,APA102-2020,LED-APA102-2020,376.525,-283.2,180,top
D3277,APA102-2020,LED-APA102-2020,380.525,-283.2,180,top
D3278,APA102-2020,LED-APA102-2020,384.525,-283.2,180,top
D3279,APA102-2020,LED-APA102-2020,388.525,-283.2,180,top
D3280,APA102-2020,LED-APA102-2020,392.525,-283.2,180,top
D3281,APA102-2020,LED-APA102-2020,396.525,-283.2,180,top
D3282,APA102-2020,LED-APA102-2020,400.525,-283.2,180,top
D3283,APA102-2020,LED-APA102-2020,404.525,-283.2,180,top
D3284,APA102-2020,LED-APA102-2020,408.525,-283.2,180,top
D3285,APA102-2020,LED-APA102-2020,412.525,-283.2,180,top
D3286,APA102-2020,LED-APA102-2020,416.525,-283.2,180,top
D3287,APA102-2020,LED-APA102-2020,420.525,-283.2,180,top
D3288,APA102-2020,LED-APA102-2020,424.525,-283.2,180,top
D3289,APA102-2020,LED-APA102-2020,428.525,-283.2,180,top
D3290,APA102-2020,LED-APA102-2020,432.525,-283.2,180,top
D3291,APA102-2020,LED-APA102-2020,156.525,-287.2,180,top
D3292,APA102-2020,LED-APA102-2020,160.525,-287.2,180,top
D3293,APA102-2020,LED-APA102-2020,164.525,-287.2,180,top
D3294,APA102-2020,LED-APA102-2020,168.525,-287.2,180,top
D3295,APA102-2020,LED-APA102-2020,172.525,-287.2,180,top
D3296,APA102-2020,LED-APA102-2020,176.525,-287.2,180,top
D3297,APA102-2020,LED-APA102-2020,180.525,-287.2,180,top
D3298,APA102-2020,LED-APA102-2020,184.525,-287.2,180,top
D3299,APA102-2020,LED-APA102-2020,188.525,-287.2,180,top
D3300,APA102-2020,LED-APA102-2020,192.525,-287.2,180,top
D3301,APA102-2020,LED-APA102-2020,196.525,-287.2,180,top
D3302,APA102-2020,LED-APA102-2020,200.525,-287.2,180,top
D3303,APA102-2020,LED-APA102-2020,204.525,-287.2,180,top
D3304,APA102-2020,LED-APA102-2020,208.525,-287.2,180,top
D3305,APA102-2020,LED-APA102-2020,212.525,-287.2,180,top
D3306,APA102-2020,LED-APA102-2020,216.525,-287.2,180,top
D3307,APA102-2020,LED-APA102-2020,220.525,-287.2,180,top
D3308,APA102-2020,LED-APA102-2020,224.525,-287.2,180,top
D3309,APA102-2020,LED-APA102-2020,228.525,-287.2,180,top
D3310,APA102-2020,LED-APA102-2020,232.525,-287.2,180,top
D3311,APA102-2020,LED-APA102-2020,236.525,-287.2,180,top
D3312,APA102-2020,LED-APA102-2020,240.525,-287.2,180,top
D3313,APA102-2020,LED-APA102-2020,244.525,-287.2,180,top
D3314,APA102-2020,LED-APA102-2020,248.525,-287.2,180,top
D3315,APA102-2020,LED-APA102-2020,252.525,-287.2,180,top
D3316,APA102-2020,LED-APA102-2020,256.525,-287.2,180,top
D3317,APA102-2020,LED-APA102-2020,260.525,-287.2,180,top
D3318,APA102-2020,LED-APA102-2020,264.525,-287.2,180,top
D3319,APA102-2020,LED-APA102-2020,268.525,-287.2,180,top
D3320,APA102-2020,LED-APA102-2020,272.525,-287.2,180,top
D3321,APA102-2020,LED-APA102-2020,276.525,-287.2,180,top
D3322,APA102-2020,LED-APA102-2020,280.525,-287.2,180,top
D3323,APA102-2020,LED-APA102-2020,284.525,-287.2,180,top
D3324,APA102-2020,LED-APA102-2020,288.525,-287.2,180,top
D3325,APA102-2020,LED-APA102-2020,292.525,-287.2,180,top
D3326,APA102-2020,LED-APA102-2020,296.525,-287.2,180,top
D3327,APA102-2020,LED-APA102-2020,300.525,-287.2,180,top
D3328,APA102-2020,LED-APA102-2020,304.525,-287.2,180,top
D3329,APA102-2020,LED-APA102-2020,308.525,-287.2,180,top
D3330,APA102-2020,LED-APA102-2020,312.525,-287.2,180,top
D3331,APA102-2020,LED-APA102-2020,316.525,-287.2,180,top
D3332,APA102-2020,LED-APA102-2020,320.525,-287.2,180,top
D3333,APA102-2020,LED-APA102-2020,324.525,-287.2,180,top
D3334,APA102-2020,LED-APA102-2020,328.525,-287.2,180,top
D3335,APA102-2020,LED-APA102-2020,332.525,-287.2,180,top
D3336,APA102-2020,LED-APA102-2020,336.525,-287.2,180,top
D3337,APA102-2020,LED-APA102-2020,340.525,-287.2,180,top
D3338,APA102-2020,LED-APA102-2020,344.525,-287.2,180,top
D3339,APA102-2020,LED-APA102-2020,348.525,-287.2,180,top
D3340,APA102-2020,LED-APA102-2020,352.525,-287.2,180,top
D3341,APA102-2020,LED-APA102-2020,356.525,-287.2,180,top
D3342,APA102-2020,LED-APA102-2020,360.525,-287.2,180,top
D3343,APA102-2020,LED-APA102-2020,364.525,-287.2,180,top
D3344,APA102-2020,LED-APA102-2020,368.525,-287.2,180,top
D3345,APA102-2020,LED-APA102-2020,372.525,-287.2,180,top
D3346,APA102-2020,LED-APA102-2020,376.525,-287.2,180,top
D3347,APA102-2020,LED-APA102-2020,380.525,-287.2,180,top
D3348,APA102-2020,LED-APA102-2020,384.525,-287.2,180,top
D3349,APA102-2020,LED-APA102-2020,388.525,-287.2,180,top
D3350,APA102-2020,LED-APA102-2020,392.525,-287.2,180,top
D3351,APA102-2020,LED-APA102-2020,396.525,-287.2,180,top
D3352,APA102-2020,LED-APA102-2020,400.525,-287.2,180,top
D3353,APA102-2020,LED-APA102-2020,404.525,-287.2,180,top
D3354,APA102-2020,LED-APA102-2020,408.525,-287.2,180,top
D3355,APA102-2020,LED-APA102-2020,412.525,-287.2,180,top
D3356,APA102-2020,LED-APA102-2020,416.525,-287.2,180,top
D3357,APA102-2020,LED-APA102-2020,420.525,-287.2,180,top
D3358,APA102-2020,LED-APA102-2020,424.525,-287.2,180,top
D3359,APA102-2020,LED-APA102-2020,428.525,-287.2,180,top
D3360,APA102-2020,LED-APA102-2020,432.525,-287.2,180,top
D3361,APA102-2020,LED-APA102-2020,156.525,-291.2,180,top
D3362,APA102-2020,LED-APA102-2020,160.525,-291.2,180,top
D3363,APA102-2020,LED-APA102-2020,164.525,-291.2,180,top
D3364,APA102-2020,LED-APA102-2020,168.525,-291.2,180,top
D3365,APA102-2020,LED-APA102-2020,172.525,-291.2,180,top
D3366,APA102-2020,LED-APA102-2020,176.525,-291.2,180,top
D3367,APA102-2020,LED-APA102-2020,180.525,-291.2,180,top
D3368,APA102-2020,LED-APA102-2020,184.525,-291.2,180,top
D3369,APA102-2020,LED-APA102-2020,188.525,-291.2,180,top
D3370,APA102-2020,LED-APA102-2020,192.525,-291.2,180,top
D3371,APA102-2020,LED-APA102-2020,196.525,-291.2,180,top
D3372,APA102-2020,LED-APA102-2020,200.525,-291.2,180,top
D3373,APA102-2020,LED-APA102-2020,204.525,-291.2,180,top
D3374,APA102-2020,LED-APA102-2020,208.525,-291.2,180,top
D3375,APA102-2020,LED-APA102-2020,212.525,-291.2,180,top
D3376,APA102-2020,LED-APA102-2020,216.525,-291.2,180,top
D3377,APA102-2020,LED-APA102-2020,220.525,-291.2,180,top
D3378,APA102-2020,LED-APA102-2020,224.525,-291.2,180,top
D3379,APA102-2020,LED-APA102-2020,228.525,-291.2,180,top
D3380,APA102-2020,LED-APA102-2020,232.525,-291.2,180,top
D3381,APA102-2020,LED-APA102-2020,236.525,-291.2,180,top
D3382,APA102-2020,LED-APA102-2020,240.525,-291.2,180,top
D3383,APA102-2020,LED-APA102-2020,244.525,-291.2,180,top
D3384,APA102-2020,LED-APA102-2020,248.525,-291.2,180,top
D3385,APA102-2020,LED-APA102-2020,252.525,-291.2,180,top
D3386,APA102-2020,LED-APA102-2020,256.525,-291.2,180,top
D3387,APA102-2020,LED-APA102-2020,260.525,-291.2,180,top
D3388,APA102-2020,LED-APA102-2020,264.525,-291.2,180,top
D3389,APA102-2020,LED-APA102-2020,268.525,-291.2,180,top
D3390,APA102-2020,LED-APA102-2020,272.525,-291.2,180,top
D3391,APA102-2020,LED-APA102-2020,276.525,-291.2,180,top
D3392,APA102-2020,LED-APA102-2020,280.525,-291.2,180,top
D3393,APA102-2020,LED-APA102-2020,284.525,-291.2,180,top
D3394,APA102-2020,LED-APA102-2020,288.525,-291.2,180,top
D3395,APA102-2020,LED-APA102-2020,292.525,-291.2,180,top
D3396,APA102-2020,LED-APA102-2020,296.525,-291.2,180,top
D3397,APA102-2020,LED-APA102-2020,300.525,-291.2,180,top
D3398,APA102-2020,LED-APA102-2020,304.525,-291.2,180,top
D3399,APA102-2020,LED-APA102-2020,308.525,-291.2,180,top
D3400,APA102-2020,LED-APA102-2020,312.525,-291.2,180,top
D3401,APA102-2020,LED-APA102-2020,316.525,-291.2,180,top
D3402,APA102-2020,LED-APA102-2020,320.525,-291.2,180,top
D3403,APA102-2020,LED-APA102-2020,324.525,-291.2,180,top
D3404,APA102-2020,LED-APA102-2020,328.525,-291.2,180,top
D3405,APA102-2020,LED-APA102-2020,332.525,-291.2,180,top
D3406,APA102-2020,LED-APA102-2020,336.525,-291.2,180,top
D3407,APA102-2020,LED-APA102-2020,340.525,-291.2,180,top
D3408,APA102-2020,LED-APA102-2020,344.525,-291.2,180,top
D3409,APA102-2020,LED-APA102-2020,348.525,-291.2,180,top
D3410,APA102-2020,LED-APA102-2020,352.525,-291.2,180,top
D3411,APA102-2020,LED-APA102-2020,356.525,-291.2,180,top
D3412,APA102-2020,LED-APA102-2020,360.525,-291.2,180,top
D3413,APA102-2020,LED-APA102-2020,364.525,-291.2,180,top
D3414,APA102-2020,LED-APA102-2020,368.525,-291.2,180,top
D3415,APA102-2020,LED-APA102-2020,372.525,-291.2,180,top
D3416,APA102-2020,LED-APA102-2020,376.525,-291.2,180,top
D3417,APA102-2020,LED-APA102-2020,380.525,-291.2,180,top
D3418,APA102-2020,LED-APA102-2020,384.525,-291.2,180,top
D3419,APA102-2020,LED-APA102-2020,388.525,-291.2,180,top
D3420,APA102-2020,LED-APA102-2020,392.525,-291.2,180,top
D3421,APA102-2020,LED-APA102-2020,396.525,-291.2,180,top
D3422,APA102-2020,LED-APA102-2020,400.525,-291.2,180,top
D3423,APA102-2020,LED-APA102-2020,404.525,-291.2,180,top
D3424,APA102-2020,LED-APA102-2020,408.525,-291.2,180,top
D3425,APA102-2020,LED-APA102-2020,412.525,-291.2,180,top
D3426,APA102-2020,LED-APA102-2020,416.525,-291.2,180,top
D3427,APA102-2020,LED-APA102-2020,420.525,-291.2,180,top
D3428,APA102-2020,LED-APA102-2020,424.525,-291.2,180,top
D3429,APA102-2020,LED-APA102-2020,428.525,-291.2,180,top
D3430,APA102-2020,LED-APA102-2020,432.525,-291.2,180,top
D3431,APA102-2020,LED-APA102-2020,156.525,-295.2,180,top
D3432,APA102-2020,LED-APA102-2020,160.525,-295.2,180,top
D3433,APA102-2020,LED-APA102-2020,164.525,-295.2,180,top
D3434,APA102-2020,LED-APA102-2020,168.525,-295.2,180,top
D3435,APA102-2020,LED-APA102-2020,172.525,-295.2,180,top
D3436,APA102-2020,LED-APA102-2020,176.525,-295.2,180,top
D3437,APA102-2020,LED-APA102-2020,180.525,-295.2,180,top
D3438,APA102-2020,LED-APA102-2020,184.525,-295.2,180,top
D3439,APA102-2020,LED-APA102-2020,188.525,-295.2,180,top
D3440,APA102-2020,LED-APA102-2020,192.525,-295.2,180,top
D3441,APA102-2020,LED-APA102-2020,196.525,-295.2,180,top
D3442,APA102-2020,LED-APA102-2020,200.525,-295.2,180,top
D3443,APA102-2020,LED-APA102-2020,204.525,-295.2,180,top
D3444,APA102-2020,LED-APA102-2020,208.525,-295.2,180,top
D3445,APA102-2020,LED-APA102-2020,212.525,-295.2,180,top
D3446,APA102-2020,LED-APA102-2020,216.525,-295.2,180,top
D3447,APA102-2020,LED-APA102-2020,220.525,-295.2,180,top
D3448,APA102-2020,LED-APA102-2020,224.525,-295.2,180,top
D3449,APA102-2020,LED-APA102-2020,228.525,-295.2,180,top
D3450,APA102-2020,LED-APA102-2020,232.525,-295.2,180,top
D3451,APA102-2020,LED-APA102-2020,236.525,-295.2,180,top
D3452,APA102-2020,LED-APA102-2020,240.525,-295.2,180,top
D3453,APA102-2020,LED-APA102-2020,244.525,-295.2,180,top
D3454,APA102-2020,LED-APA102-2020,248.525,-295.2,180,top
D3455,APA102-2020,LED-APA102-2020,252.525,-295.2,180,top
D3456,APA102-2020,LED-APA102-2020,256.525,-295.2,180,top
D3457,APA102-2020,LED-APA102-2020,260.525,-295.2,180,top
D3458,APA102-2020,LED-APA102-2020,264.525,-295.2,180,top
D3459,APA102-2020,LED-APA102-2020,268.525,-295.2,180,top
D3460,APA102-2020,LED-APA102-2020,272.525,-295.2,180,top
D3461,APA102-2020,LED-APA102-2020,276.525,-295.2,180,top
D3462,APA102-2020,LED-APA102-2020,280.525,-295.2,180,top
D3463,APA102-2020,LED-APA102-2020,284.525,-295.2,180,top
D3464,APA102-2020,LED-APA102-2020,288.525,-295.2,180,top
D3465,APA102-2020,LED-APA102-2020,292.525,-295.2,180,top
D3466,APA102-2020,LED-APA102-2020,296.525,-295.2,180,top
D3467,APA102-2020,LED-APA102-2020,300.525,-295.2,180,top
D3468,APA102-2020,LED-APA102-2020,304.525,-295.2,180,top
D3469,APA102-2020,LED-APA102-2020,308.525,-295.2,180,top
D3470,APA102-2020,LED-APA102-2020,312.525,-295.2,180,top
D3471,APA102-2020,LED-APA102-2020,316.525,-295.2,180,top
D3472,APA102-2020,LED-APA102-2020,320.525,-295.2,180,top
D3473,APA102-2020,LED-APA102-2020,324.525,-295.2,180,top
D3474,APA102-2020,LED-APA102-2020,328.525,-295.2,180,top
D3475,APA102-2020,LED-APA102-2020,332.525,-295.2,180,top
D3476,APA102-2020,LED-APA102-2020,336.525,-295.2,180,top
D3477,APA102-2020,LED-APA102-2020,340.525,-295.2,180,top
D3478,APA102-2020,LED-APA102-2020,344.525,-295.2,180,top
D3479,APA102-2020,LED-APA102-2020,348.525,-295.2,180,top
D3480,APA102-2020,LED-APA102-2020,352.525,-295.2,180,top
D3481,APA102-2020,LED-APA102-2020,356.525,-295.2,180,top
D3482,APA102-2020,LED-APA102-2020,360.525,-295.2,180,top
D3483,APA102-2020,LED-APA102-2020,364.525,-295.2,180,top
D3484,APA102-2020,LED-APA102-2020,368.525,-295.2,180,top
D3485,APA102-2020,LED-APA102-2020,372.525,-295.2,180,top
D3486,APA102-2020,LED-APA102-2020,376.525,-295.2,180,top
D3487,APA102-2020,LED-APA102-2020,380.525,-295.2,180,top
D3488,APA102-2020,LED-APA102-2020,384.525,-295.2,180,top
D3489,APA102-2020,LED-APA102-2020,388.525,-295.2,180,top
D3490,APA102-2020,LED-APA102-2020,392.525,-295.2,180,top
D3491,APA102-2020,LED-APA102-2020,396.525,-295.2,180,top
D3492,APA102-2020,LED-APA102-2020,400.525,-295.2,180,top
D3493,APA102-2020,LED-APA102-2020,404.525,-295.2,180,top
D3494,APA102-2020,LED-APA102-2020,408.525,-295.2,180,top
D3495,APA102-2020,LED-APA102-2020,412.525,-295.2,180,top
D3496,APA102-2020,LED-APA102-2020,416.525,-295.2,180,top
D3497,APA102-2020,LED-APA102-2020,420.525,-295.2,180,top
D3498,APA102-2020,LED-APA102-2020,424.525,-295.2,180,top
D3499,APA102-2020,LED-APA102-2020,428.525,-295.2,180,top
D3500,APA102-2020,LED-APA102-2020,432.525,-295.2,180,top
D3501,APA102-2020,LED-APA102-2020,156.525,-299.2,180,top
D3502,APA102-2020,LED-APA102-2020,160.525,-299.2,180,top
D3503,APA102-2020,LED-APA102-2020,164.525,-299.2,180,top
D3504,APA102-2020,LED-APA102-2020,168.525,-299.2,180,top
D3505,APA102-2020,LED-APA102-2020,172.525,-299.2,180,top
D3506,APA102-2020,LED-APA102-2020,176.525,-299.2,180,top
D3507,APA102-2020,LED-APA102-2020,180.525,-299.2,180,top
D3508,APA102-2020,LED-APA102-2020,184.525,-299.2,180,top
D3509,APA102-2020,LED-APA102-2020,188.525,-299.2,180,top
D3510,APA102-2020,LED-APA102-2020,192.525,-299.2,180,top
D3511,APA102-2020,LED-APA102-2020,196.525,-299.2,180,top
D3512,APA102-2020,LED-APA102-2020,200.525,-299.2,180,top
D3513,APA102-2020,LED-APA102-2020,204.525,-299.2,180,top
D3514,APA102-2020,LED-APA102-2020,208.525,-299.2,180,top
D3515,APA102-2020,LED-APA102-2020,212.525,-299.2,180,top
D3516,APA102-2020,LED-APA102-2020,216.525,-299.2,180,top
D3517,APA102-2020,LED-APA102-2020,220.525,-299.2,180,top
D3518,APA102-2020,LED-APA102-2020,224.525,-299.2,180,top
D3519,APA102-2020,LED-APA102-2020,228.525,-299.2,180,top
D3520,APA102-2020,LED-APA102-2020,232.525,-299.2,180,top
D3521,APA102-2020,LED-APA102-2020,236.525,-299.2,180,top
D3522,APA102-2020,LED-APA102-2020,240.525,-299.2,180,top
D3523,APA102-2020,LED-APA102-2020,244.525,-299.2,180,top
D3524,APA102-2020,LED-APA102-2020,248.525,-299.2,180,top
D3525,APA102-2020,LED-APA102-2020,252.525,-299.2,180,top
D3526,APA102-2020,LED-APA102-2020,256.525,-299.2,180,top
D3527,APA102-2020,LED-APA102-2020,260.525,-299.2,180,top
D3528,APA102-2020,LED-APA102-2020,264.525,-299.2,180,top
D3529,APA102-2020,LED-APA102-2020,268.525,-299.2,180,top
D3530,APA102-2020,LED-APA102-2020,272.525,-299.2,180,top
D3531,APA102-2020,LED-APA102-2020,276.525,-299.2,180,top
D3532,APA102-2020,LED-APA102-2020,280.525,-299.2,180,top
D3533,APA102-2020,LED-APA102-2020,284.525,-299.2,180,top
D3534,APA102-2020,LED-APA102-2020,288.525,-299.2,180,top
D3535,APA102-2020,LED-APA102-2020,292.525,-299.2,180,top
D3536,APA102-2020,LED-APA102-2020,296.525,-299.2,180,top
D3537,APA102-2020,LED-APA102-2020,300.525,-299.2,180,top
D3538,APA102-2020,LED-APA102-2020,304.525,-299.2,180,top
D3539,APA102-2020,LED-APA102-2020,308.525,-299.2,180,top
D3540,APA102-2020,LED-APA102-2020,312.525,-299.2,180,top
D3541,APA102-2020,LED-APA102-2020,316.525,-299.2,180,top
D3542,APA102-2020,LED-APA102-2020,320.525,-299.2,180,top
D3543,APA102-2020,LED-APA102-2020,324.525,-299.2,180,top
D3544,APA102-2020,LED-APA102-2020,328.525,-299.2,180,top
D3545,APA102-2020,LED-APA102-2020,332.525,-299.2,180,top
D3546,APA102-2020,LED-APA102-2020,336.525,-299.2,180,top
D3547,APA102-2020,LED-APA102-2020,340.525,-299.2,180,top
D3548,APA102-2020,LED-APA102-2020,344.525,-299.2,180,top
D3549,APA102-2020,LED-APA102-2020,348.525,-299.2,180,top
D3550,APA102-2020,LED-APA102-2020,352.525,-299.2,180,top
D3551,APA102-2020,LED-APA102-2020,356.525,-299.2,180,top
D3552,APA102-2020,LED-APA102-2020,360.525,-299.2,180,top
D3553,APA102-2020,LED-APA102-2020,364.525,-299.2,180,top
D3554,APA102-2020,LED-APA102-2020,368.525,-299.2,180,top
D3555,APA102-2020,LED-APA102-2020,372.525,-299.2,180,top
D3556,APA102-2020,LED-APA102-2020,376.525,-299.2,180,top
D3557,APA102-2020,LED-APA102-2020,380.525,-299.2,180,top
D3558,APA102-2020,LED-APA102-2020,384.525,-299.2,180,top
D3559,APA102-2020,LED-APA102-2020,388.525,-299.2,180,top
D3560,APA102-2020,LED-APA102-2020,392.525,-299.2,180,top
D3561,APA102-2020,LED-APA102-2020,396.525,-299.2,180,top
D3562,APA102-2020,LED-APA102-2020,400.525,-299.2,180,top
D3563,APA102-2020,LED-APA102-2020,404.525,-299.2,180,top
D3564,APA102-2020,LED-APA102-2020,408.525,-299.2,180,top
D3565,APA102-2020,LED-APA102-2020,412.525,-299.2,180,top
D3566,APA102-2020,LED-APA102-2020,416.525,-299.2,180,top
D3567,APA102-2020,LED-APA102-2020,420.525,-299.2,180,top
D3568,APA102-2020,LED-APA102-2020,424.525,-299.2,180,top
D3569,APA102-2020,LED-APA102-2020,428.525,-299.2,180,top
D3570,APA102-2020,LED-APA102-2020,432.525,-299.2,180,top
D3571,APA102-2020,LED-APA102-2020,156.525,-303.2,180,top
D3572,APA102-2020,LED-APA102-2020,160.525,-303.2,180,top
D3573,APA102-2020,LED-APA102-2020,164.525,-303.2,180,top
D3574,APA102-2020,LED-APA102-2020,168.525,-303.2,180,top
D3575,APA102-2020,LED-APA102-2020,172.525,-303.2,180,top
D3576,APA102-2020,LED-APA102-2020,176.525,-303.2,180,top
D3577,APA102-2020,LED-APA102-2020,180.525,-303.2,180,top
D3578,APA102-2020,LED-APA102-2020,184.525,-303.2,180,top
D3579,APA102-2020,LED-APA102-2020,188.525,-303.2,180,top
D3580,APA102-2020,LED-APA102-2020,192.525,-303.2,180,top
D3581,APA102-2020,LED-APA102-2020,196.525,-303.2,180,top
D3582,APA102-2020,LED-APA102-2020,200.525,-303.2,180,top
D3583,APA102-2020,LED-APA102-2020,204.525,-303.2,180,top
D3584,APA102-2020,LED-APA102-2020,208.525,-303.2,180,top
D3585,APA102-2020,LED-APA102-2020,212.525,-303.2,180,top
D3586,APA102-2020,LED-APA102-2020,216.525,-303.2,180,top
D3587,APA102-2020,LED-APA102-2020,220.525,-303.2,180,top
D3588,APA102-2020,LED-APA102-2020,224.525,-303.2,180,top
D3589,APA102-2020,LED-APA102-2020,228.525,-303.2,180,top
D3590,APA102-2020,LED-APA102-2020,232.525,-303.2,180,top
D3591,APA102-2020,LED-APA102-2020,236.525,-303.2,180,top
D3592,APA102-2020,LED-APA102-2020,240.525,-303.2,180,top
D3593,APA102-2020,LED-APA102-2020,244.525,-303.2,180,top
D3594,APA102-2020,LED-APA102-2020,248.525,-303.2,180,top
D3595,APA102-2020,LED-APA102-2020,252.525,-303.2,180,top
D3596,APA102-2020,LED-APA102-2020,256.525,-303.2,180,top
D3597,APA102-2020,LED-APA102-2020,260.525,-303.2,180,top
D3598,APA102-2020,LED-APA102-2020,264.525,-303.2,180,top
D3599,APA102-2020,LED-APA102-2020,268.525,-303.2,180,top
D3600,APA102-2020,LED-APA102-2020,272.525,-303.2,180,top
D3601,APA102-2020,LED-APA102-2020,276.525,-303.2,180,top
D3602,APA102-2020,LED-APA102-2020,280.525,-303.2,180,top
D3603,APA102-2020,LED-APA102-2020,284.525,-303.2,180,top
D3604,APA102-2020,LED-APA102-2020,288.525,-303.2,180,top
D3605,APA102-2020,LED-APA102-2020,292.525,-303.2,180,top
D3606,APA102-2020,LED-APA102-2020,296.525,-303.2,180,top
D3607,APA102-2020,LED-APA102-2020,300.525,-303.2,180,top
D3608,APA102-2020,LED-APA102-2020,304.525,-303.2,180,top
D3609,APA102-2020,LED-APA102-2020,308.525,-303.2,180,top
D3610,APA102-2020,LED-APA102-2020,312.525,-303.2,180,top
D3611,APA102-2020,LED-APA102-2020,316.525,-303.2,180,top
D3612,APA102-2020,LED-APA102-2020,320.525,-303.2,180,top
D3613,APA102-2020,LED-APA102-2020,324.525,-303.2,180,top
D3614,APA102-2020,LED-APA102-2020,328.525,-303.2,180,top
D3615,APA102-2020,LED-APA102-2020,332.525,-303.2,180,top
D3616,APA102-2020,LED-APA102-2020,336.525,-303.2,180,top
D3617,APA102-2020,LED-APA102-2020,340.525,-303.2,180,top
D3618,APA102-2020,LED-APA102-2020,344.525,-303.2,180,top
D3619,APA102-2020,LED-APA102-2020,348.525,-303.2,180,top
D3620,APA102-2020,LED-APA102-2020,352.525,-303.2,180,top
D3621,APA102-2020,LED-APA102-2020,356.525,-303.2,180,top
D3622,APA102-2020,LED-APA102-2020,360.525,-303.2,180,top
D3623,APA102-2020,LED-APA102-2020,364.525,-303.2,180,top
D3624,APA102-2020,LED-APA102-2020,368.525,-303.2,180,top
D3625,APA102-2020,LED-APA102-2020,372.525,-303.2,180,top
D3626,APA102-2020,LED-APA102-2020,376.525,-303.2,180,top
D3627,APA102-2020,LED-APA102-2020,380.525,-303.2,180,top
D3628,APA102-2020,LED-APA102-2020,384.525,-303.2,180,top
D3629,APA102-2020,LED-APA102-2020,388.525,-303.2,180,top
D3630,APA102-2020,LED-APA102-2020,392.525,-303.2,180,top
D3631,APA102-2020,LED-APA102-2020,396.525,-303.2,180,top
D3632,APA102-2020,LED-APA102-2020,400.525,-303.2,180,top
D3633,APA102-2020,LED-APA102-2020,404.525,-303.2,180,top
D3634,APA102-2020,LED-APA102-2020,408.525,-303.2,180,top
D3635,APA102-2020,LED-APA102-2020,412.525,-303.2,180,top
D3636,APA102-2020,LED-APA102-2020,416.525,-303.2,180,top
D3637,APA102-2020,LED-APA102-2020,420.525,-303.2,180,top
D3638,APA102-2020,LED-APA102-2020,424.525,-303.2,180,top
D3639,APA102-2020,LED-APA102-2020,428.525,-303.2,180,top
D3640,APA102-2020,LED-APA102-2020,432.525,-303.2,180,top
D3641,APA102-2020,LED-APA102-2020,156.525,-307.2,180,top
D3642,APA102-2020,LED-APA102-2020,160.525,-307.2,180,top
D3643,APA102-2020,LED-APA102-2020,164.525,-307.2,180,top
D3644,APA102-2020,LED-APA102-2020,168.525,-307.2,180,top
D3645,APA102-2020,LED-APA102-2020,172.525,-307.2,180,top
D3646,APA102-2020,LED-APA102-2020,176.525,-307.2,180,top
D3647,APA102-2020,LED-APA102-2020,180.525,-307.2,180,top
D3648,APA102-2020,LED-APA102-2020,184.525,-307.2,180,top
D3649,APA102-2020,LED-APA102-2020,188.525,-307.2,180,top
D3650,APA102-2020,LED-APA102-2020,192.525,-307.2,180,top
D3651,APA102-2020,LED-APA102-2020,196.525,-307.2,180,top
D3652,APA102-2020,LED-APA102-2020,200.525,-307.2,180,top
D3653,APA102-2020,LED-APA102-2020,204.525,-307.2,180,top
D3654,APA102-2020,LED-APA102-2020,208.525,-307.2,180,top
D3655,APA102-2020,LED-APA102-2020,212.525,-307.2,180,top
D3656,APA102-2020,LED-APA102-2020,216.525,-307.2,180,top
D3657,APA102-2020,LED-APA102-2020,220.525,-307.2,180,top
D3658,APA102-2020,LED-APA102-2020,224.525,-307.2,180,top
D3659,APA102-2020,LED-APA102-2020,228.525,-307.2,180,top
D3660,APA102-2020,LED-APA102-2020,232.525,-307.2,180,top
D3661,APA102-2020,LED-APA102-2020,236.525,-307.2,180,top
D3662,APA102-2020,LED-APA102-2020,240.525,-307.2,180,top
D3663,APA102-2020,LED-APA102-2020,244.525,-307.2,180,top
D3664,APA102-2020,LED-APA102-2020,248.525,-307.2,180,top
D3665,APA102-2020,LED-APA102-2020,252.525,-307.2,180,top
D3666,APA102-2020,LED-APA102-2020,256.525,-307.2,180,top
D3667,APA102-2020,LED-APA102-2020,260.525,-307.2,180,top
D3668,APA102-2020,LED-APA102-2020,264.525,-307.2,180,top
D3669,APA102-2020,LED-APA102-2020,268.525,-307.2,180,top
D3670,APA102-2020,LED-APA102-2020,272.525,-307.2,180,top
D3671,APA102-2020,LED-APA102-2020,276.525,-307.2,180,top
D3672,APA102-2020,LED-APA102-2020,280.525,-307.2,180,top
D3673,APA102-2020,LED-APA102-2020,284.525,-307.2,180,top
D3674,APA102-2020,LED-APA102-2020,288.525,-307.2,180,top
D3675,APA102-2020,LED-APA102-2020,292.525,-307.2,180,top
D3676,APA102-2020,LED-APA102-2020,296.525,-307.2,180,top
D3677,APA102-2020,LED-APA102-2020,300.525,-307.2,180,top
D3678,APA102-2020,LED-APA102-2020,304.525,-307.2,180,top
D3679,APA102-2020,LED-APA102-2020,308.525,-307.2,180,top
D3680,APA102-2020,LED-APA102-2020,312.525,-307.2,180,top
D3681,APA102-2020,LED-APA102-2020,316.525,-307.2,180,top
D3682,APA102-2020,LED-APA102-2020,320.525,-307.2,180,top
D3683,APA102-2020,LED-APA102-2020,324.525,-307.2,180,top
D3684,APA102-2020,LED-APA102-2020,328.525,-307.2,180,top
D3685,APA102-2020,LED-APA102-2020,332.525,-307.2,180,top
D3686,APA102-2020,LED-APA102-2020,336.525,-307.2,180,top
D3687,APA102-2020,LED-APA102-2020,340.525,-307.2,180,top
D3688,APA102-2020,LED-APA102-2020,344.525,-307.2,180,top
D3689,APA102-2020,LED-APA102-2020,348.525,-307.2,180,top
D3690,APA102-2020,LED-APA102-2020,352.525,-307.2,180,top
D3691,APA102-2020,LED-APA102-2020,356.525,-307.2,180,top
D3692,APA102-2020,LED-APA102-2020,360.525,-307.2,180,top
D3693,APA102-2020,LED-APA102-2020,364.525,-307.2,180,top
D3694,APA102-2020,LED-APA102-2020,368.525,-307.2,180,top
D3695,APA102-2020,LED-APA102-2020,372.525,-307.2,180,top
D3696,APA102-2020,LED-APA102-2020,376.525,-307.2,180,top
D3697,APA102-2020,LED-APA102-2020,380.525,-307.2,180,top
D3698,APA102-2020,LED-APA102-2020,384.525,-307.2,180,top
D3699,APA102-2020,LED-APA102-2020,388.525,-307.2,180,top
D3700,APA102-2020,LED-APA102-2020,392.525,-307.2,180,top
D3701,APA102-2020,LED-APA102-2020,396.525,-307.2,180,top
D3702,APA102-2020,LED-APA102-2020,400.525,-307.2,180,top
D3703,APA102-2020,LED-APA102-2020,404.525,-307.2,180,top
D3704,APA102-2020,LED-APA102-2020,408.525,-307.2,180,top
D3705,APA102-2020,LED-APA102-2020,412.525,-307.2,180,top
D3706,APA102-2020,LED-APA102-2020,416.525,-307.2,180,top
D3707,APA102-2020,LED-APA102-2020,420.525,-307.2,180,top
D3708,APA102-2020,LED-APA102-2020,424.525,-307.2,180,top
D3709,APA102-2020,LED-APA102-2020,428.525,-307.2,180,top
D3710,APA102-2020,LED-APA102-2020,432.525,-307.2,180,top
D3711,APA102-2020,LED-APA102-2020,156.525,-311.2,180,top
D3712,APA102-2020,LED-APA102-2020,160.525,-311.2,180,top
D3713,APA102-2020,LED-APA102-2020,164.525,-311.2,180,top
D3714,APA102-2020,LED-APA102-2020,168.525,-311.2,180,top
D3715,APA102-2020,LED-APA102-2020,172.525,-311.2,180,top
D3716,APA102-2020,LED-APA102-2020,176.525,-311.2,180,top
D3717,APA102-2020,LED-APA102-2020,180.525,-311.2,180,top
D3718,APA102-2020,LED-APA102-2020,184.525,-311.2,180,top
D3719,APA102-2020,LED-APA102-2020,188.525,-311.2,180,top
D3720,APA102-2020,LED-APA102-2020,192.525,-311.2,180,top
D3721,APA102-2020,LED-APA102-2020,196.525,-311.2,180,top
D3722,APA102-2020,LED-APA102-2020,200.525,-311.2,180,top
D3723,APA102-2020,LED-APA102-2020,204.525,-311.2,180,top
D3724,APA102-2020,LED-APA102-2020,208.525,-311.2,180,top
D3725,APA102-2020,LED-APA102-2020,212.525,-311.2,180,top
D3726,APA102-2020,LED-APA102-2020,216.525,-311.2,180,top
D3727,APA102-2020,LED-APA102-2020,220.525,-311.2,180,top
D3728,APA102-2020,LED-APA102-2020,224.525,-311.2,180,top
D3729,APA102-2020,LED-APA102-2020,228.525,-311.2,180,top
D3730,APA102-2020,LED-APA102-2020,232.525,-311.2,180,top
D3731,APA102-2020,LED-APA102-2020,236.525,-311.2,180,top
D3732,APA102-2020,LED-APA102-2020,240.525,-311.2,180,top
D3733,APA102-2020,LED-APA102-2020,244.525,-311.2,180,top
D3734,APA102-2020,LED-APA102-2020,248.525,-311.2,180,top
D3735,APA102-2020,LED-APA102-2020,252.525,-311.2,180,top
D3736,APA102-2020,LED-APA102-2020,256.525,-311.2,180,top
D3737,APA102-2020,LED-APA102-2020,260.525,-311.2,180,top
D3738,APA102-2020,LED-APA102-2020,264.525,-311.2,180,top
D3739,APA102-2020,LED-APA102-2020,268.525,-311.2,180,top
D3740,APA102-2020,LED-APA102-2020,272.525,-311.2,180,top
D3741,APA102-2020,LED-APA102-2020,276.525,-311.2,180,top
D3742,APA102-2020,LED-APA102-2020,280.525,-311.2,180,top
D3743,APA102-2020,LED-APA102-2020,284.525,-311.2,180,top
D3744,APA102-2020,LED-APA102-2020,288.525,-311.2,180,top
D3745,APA102-2020,LED-APA102-2020,292.525,-311.2,180,top
D3746,APA102-2020,LED-APA102-2020,296.525,-311.2,180,top
D3747,APA102-2020,LED-APA102-2020,300.525,-311.2,180,top
D3748,APA102-2020,LED-APA102-2020,304.525,-311.2,180,top
D3749,APA102-2020,LED-APA102-2020,308.525,-311.2,180,top
D3750,APA102-2020,LED-APA102-2020,312.525,-311.2,180,top
D3751,APA102-2020,LED-APA102-2020,316.525,-311.2,180,top
D3752,APA102-2020,LED-APA102-2020,320.525,-311.2,180,top
D3753,APA102-2020,LED-APA102-2020,324.525,-311.2,180,top
D3754,APA102-2020,LED-APA102-2020,328.525,-311.2,180,top
D3755,APA102-2020,LED-APA102-2020,332.525,-311.2,180,top
D3756,APA102-2020,LED-APA102-2020,336.525,-311.2,180,top
D3757,APA102-2020,LED-APA102-2020,340.525,-311.2,180,top
D3758,APA102-2020,LED-APA102-2020,344.525,-311.2,180,top
D3759,APA102-2020,LED-APA102-2020,348.525,-311.2,180,top
D3760,APA102-2020,LED-APA102-2020,352.525,-311.2,180,top
D3761,APA102-2020,LED-APA102-2020,356.525,-311.2,180,top
D3762,APA102-2020,LED-APA102-2020,360.525,-311.2,180,top
D3763,APA102-2020,LED-APA102-2020,364.525,-311.2,180,top
D3764,APA102-2020,LED-APA102-2020,368.525,-311.2,180,top
D3765,APA102-2020,LED-APA102-2020,372.525,-311.2,180,top
D3766,APA102-2020,LED-APA102-2020,376.525,-311.2,180,top
D3767,APA102-2020,LED-APA102-2020,380.525,-311.2,180,top
D3768,APA102-2020,LED-APA102-2020,384.525,-311.2,180,top
D3769,APA102-2020,LED-APA102-2020,388.525,-311.2,180,top
D3770,APA102-2020,LED-APA102-2020,392.525,-311.2,180,top
D3771,APA102-2020,LED-APA102-2020,396.525,-311.2,180,top
D3772,APA102-2020,LED-APA102-2020,400.525,-311.2,180,top
D3773,APA102-2020,LED-APA102-2020,404.525,-311.2,180,top
D3774,APA102-2020,LED-APA102-2020,408.525,-311.2,180,top
D3775,APA102-2020,LED-APA102-2020,412.525,-311.2,180,top
D3776,APA102-2020,LED-APA102-2020,416.525,-311.2,180,top
D3777,APA102-2020,LED-APA102-2020,420.525,-311.2,180,top
D3778,APA102-2020,LED-APA102-2020,424.525,-311.2,180,top
D3779,APA102-2020,LED-APA102-2020,428.525,-311.2,180,top
D3780,APA102-2020,LED-APA102-2020,432.525,-311.2,180,top
D3781,APA102-2020,LED-APA102-2020,156.525,-315.2,180,top
D3782,APA102-2020,LED-APA102-2020,160.525,-315.2,180,top
D3783,APA102-2020,LED-APA102-2020,164.525,-315.2,180,top
D3784,APA102-2020,LED-APA102-2020,168.525,-315.2,180,top
D3785,APA102-2020,LED-APA102-2020,172.525,-315.2,180,top
D3786,APA102-2020,LED-APA102-2020,176.525,-315.2,180,top
D3787,APA102-2020,LED-APA102-2020,180.525,-315.2,180,top
D3788,APA102-2020,LED-APA102-2020,184.525,-315.2,180,top
D3789,APA102-2020,LED-APA102-2020,188.525,-315.2,180,top
D3790,APA102-2020,LED-APA102-2020,192.525,-315.2,180,top
D3791,APA102-2020,LED-APA102-2020,196.525,-315.2,180,top
D3792,APA102-2020,LED-APA102-2020,200.525,-315.2,180,top
D3793,APA102-2020,LED-APA102-2020,204.525,-315.2,180,top
D3794,APA102-2020,LED-APA102-2020,208.525,-315.2,180,top
D3795,APA102-2020,LED-APA102-2020,212.525,-315.2,180,top
D3796,APA102-2020,LED-APA102-2020,216.525,-315.2,180,top
D3797,APA102-2020,LED-APA102-2020,220.525,-315.2,180,top
D3798,APA102-2020,LED-APA102-2020,224.525,-315.2,180,top
D3799,APA102-2020,LED-APA102-2020,228.525,-315.2,180,top
D3800,APA102-2020,LED-APA102-2020,232.525,-315.2,180,top
D3801,APA102-2020,LED-APA102-2020,236.525,-315.2,180,top
D3802,APA102-2020,LED-APA102-2020,240.525,-315.2,180,top
D3803,APA102-2020,LED-APA102-2020,244.525,-315.2,180,top
D3804,APA102-2020,LED-APA102-2020,248.525,-315.2,180,top
D3805,APA102-2020,LED-APA102-2020,252.525,-315.2,180,top
D3806,APA102-2020,LED-APA102-2020,256.525,-315.2,180,top
D3807,APA102-2020,LED-APA102-2020,260.525,-315.2,180,top
D3808,APA102-2020,LED-APA102-2020,264.525,-315.2,180,top
D3809,APA102-2020,LED-APA102-2020,268.525,-315.2,180,top
D3810,APA102-2020,LED-APA102-2020,272.525,-315.2,180,top
D3811,APA102-2020,LED-APA102-2020,276.525,-315.2,180,top
D3812,APA102-2020,LED-APA102-2020,280.525,-315.2,180,top
D3813,APA102-2020,LED-APA102-2020,284.525,-315.2,180,top
D3814,APA102-2020,LED-APA102-2020,288.525,-315.2,180,top
D3815,APA102-2020,LED-APA102-2020,292.525,-315.2,180,top
D3816,APA102-2020,LED-APA102-2020,296.525,-315.2,180,top
D3817,APA102-2020,LED-APA102-2020,300.525,-315.2,180,top
D3818,APA102-2020,LED-APA102-2020,304.525,-315.2,180,top
D3819,APA102-2020,LED-APA102-2020,308.525,-315.2,180,top
D3820,APA102-2020,LED-APA102-2020,312.525,-315.2,180,top
D3821,APA102-2020,LED-APA102-2020,316.525,-315.2,180,top
D3822,APA102-2020,LED-APA102-2020,320.525,-315.2,180,top
D3823,APA102-2020,LED-APA102-2020,324.525,-315.2,180,top
D3824,APA102-2020,LED-APA102-2020,328.525,-315.2,180,top
D3825,APA102-2020,LED-APA102-2020,332.525,-315.2,180,top
D3826,APA102-2020,LED-APA102-2020,336.525,-315.2,180,top
D3827,APA102-2020,LED-APA102-2020,340.525,-315.2,180,top
D3828,APA102-2020,LED-APA102-2020,344.525,-315.2,180,top
D3829,APA102-2020,LED-APA102-2020,348.525,-315.2,180,top
D3830,APA102-2020,LED-APA102-2020,352.525,-315.2,180,top
D3831,APA102-2020,LED-APA102-2020,356.525,-315.2,180,top
D3832,APA102-2020,LED-APA102-2020,360.525,-315.2,180,top
D3833,APA102-2020,LED-APA102-2020,364.525,-315.2,180,top
D3834,APA102-2020,LED-APA102-2020,368.525,-315.2,180,top
D3835,APA102-2020,LED-APA102-2020,372.525,-315.2,180,top
D3836,APA102-2020,LED-APA102-2020,376.525,-315.2,180,top
D3837,APA102-2020,LED-APA102-2020,380.525,-315.2,180,top
D3838,APA102-2020,LED-APA102-2020,384.525,-315.2,180,top
D3839,APA102-2020,LED-APA102-2020,388.525,-315.2,180,top
D3840,APA102-2020,LED-APA102-2020,392.525,-315.2,180,top
D3841,APA102-2020,LED-APA102-2020,396.525,-315.2,180,top
D3842,APA102-2020,LED-APA102-2020,400.525,-315.2,180,top
D3843,APA102-2020,LED-APA102-2020,404.525,-315.2,180,top
D3844,APA102-2020,LED-APA102-2020,408.525,-315.2,180,top
D3845,APA102-2020,LED-APA102-2020,412.525,-315.2,180,top
D3846,APA102-2020,LED-APA102-2020,416.525,-315.2,180,top
D3847,APA102-2020,LED-APA102-2020,420.525,-315.2,180,top
D3848,APA102-2020,LED-APA102-2020,424.525,-315.2,180,top
D3849,APA102-2020,LED-APA102-2020,428.525,-315.2,180,top
D3850,APA102-2020,LED-APA102-2020,432.525,-315.2,180,top
D3851,APA102-2020,LED-APA102-2020,156.525,-319.2,180,top
D3852,APA102-2020,LED-APA102-2020,160.525,-319.2,180,top
D3853,APA102-2020,LED-APA102-2020,164.525,-319.2,180,top
D3854,APA102-2020,LED-APA102-2020,168.525,-319.2,180,top
D3855,APA102-2020,LED-APA102-2020,172.525,-319.2,180,top
D3856,APA102-2020,LED-APA102-2020,176.525,-319.2,180,top
D3857,APA102-2020,LED-APA102-2020,180.525,-319.2,180,top
D3858,APA102-2020,LED-APA102-2020,184.525,-319.2,180,top
D3859,APA102-2020,LED-APA102-2020,188.525,-319.2,180,top
D3860,APA102-2020,LED-APA102-2020,192.525,-319.2,180,top
D3861,APA102-2020,LED-APA102-2020,196.525,-319.2,180,top
D3862,APA102-2020,LED-APA102-2020,200.525,-319.2,180,top
D3863,APA102-2020,LED-APA102-2020,204.525,-319.2,180,top
D3864,APA102-2020,LED-APA102-2020,208.525,-319.2,180,top
D3865,APA102-2020,LED-APA102-2020,212.525,-319.2,180,top
D3866,APA102-2020,LED-APA102-2020,216.525,-319.2,180,top
D3867,APA102-2020,LED-APA102-2020,220.525,-319.2,180,top
D3868,APA102-2020,LED-APA102-2020,224.525,-319.2,180,top
D3869,APA102-2020,LED-APA102-2020,228.525,-319.2,180,top
D3870,APA102-2020,LED-APA102-2020,232.525,-319.2,180,top
D3871,APA102-2020,LED-APA102-2020,236.525,-319.2,180,top
D3872,APA102-2020,LED-APA102-2020,240.525,-319.2,180,top
D3873,APA102-2020,LED-APA102-2020,244.525,-319.2,180,top
D3874,APA102-2020,LED-APA102-2020,248.525,-319.2,180,top
D3875,APA102-2020,LED-APA102-2020,252.525,-319.2,180,top
D3876,APA102-2020,LED-APA102-2020,256.525,-319.2,180,top
D3877,APA102-2020,LED-APA102-2020,260.525,-319.2,180,top
D3878,APA102-2020,LED-APA102-2020,264.525,-319.2,180,top
D3879,APA102-2020,LED-APA102-2020,268.525,-319.2,180,top
D3880,APA102-2020,LED-APA102-2020,272.525,-319.2,180,top
D3881,APA102-2020,LED-APA102-2020,276.525,-319.2,180,top
D3882,APA102-2020,LED-APA102-2020,280.525,-319.2,180,top
D3883,APA102-2020,LED-APA102-2020,284.525,-319.2,180,top
D3884,APA102-2020,LED-APA102-2020,288.525,-319.2,180,top
D3885,APA102-2020,LED-APA102-2020,292.525,-319.2,180,top
D3886,APA102-2020,LED-APA102-2020,296.525,-319.2,180,top
D3887,APA102-2020,LED-APA102-2020,300.525,-319.2,180,top
D3888,APA102-2020,LED-APA102-2020,304.525,-319.2,180,top
D3889,APA102-2020,LED-APA102-2020,308.525,-319.2,180,top
D3890,APA102-2020,LED-APA102-2020,312.525,-319.2,180,top
D3891,APA102-2020,LED-APA102-2020,316.525,-319.2,180,top
D3892,APA102-2020,LED-APA102-2020,320.525,-319.2,180,top
D3893,APA102-2020,LED-APA102-2020,324.525,-319.2,180,top
D3894,APA102-2020,LED-APA102-2020,328.525,-319.2,180,top
D3895,APA102-2020,LED-APA102-2020,332.525,-319.2,180,top
D3896,APA102-2020,LED-APA102-2020,336.525,-319.2,180,top
D3897,APA102-2020,LED-APA102-2020,340.525,-319.2,180,top
D3898,APA102-2020,LED-APA102-2020,344.525,-319.2,180,top
D3899,APA102-2020,LED-APA102-2020,348.525,-319.2,180,top
D3900,APA102-2020,LED-APA102-2020,352.525,-319.2,180,top
D3901,APA102-2020,LED-APA102-2020,356.525,-319.2,180,top
D3902,APA102-2020,LED-APA102-2020,360.525,-319.2,180,top
D3903,APA102-2020,LED-APA102-2020,364.525,-319.2,180,top
D3904,APA102-2020,LED-APA102-2020,368.525,-319.2,180,top
D3905,APA102-2020,LED-APA102-2020,372.525,-319.2,180,top
D3906,APA102-2020,LED-APA102-2020,376.525,-319.2,180,top
D3907,APA102-2020,LED-APA102-2020,380.525,-319.2,180,top
D3908,APA102-2020,LED-APA102-2020,384.525,-319.2,180,top
D3909,APA102-2020,LED-APA102-2020,388.525,-319.2,180,top
D3910,APA102-2020,LED-APA102-2020,392.525,-319.2,180,top
D3911,APA102-2020,LED-APA102-2020,396.525,-319.2,180,top
D3912,APA102-2020,LED-APA102-2020,400.525,-319.2,180,top
D3913,APA102-2020,LED-APA102-2020,404.525,-319.2,180,top
D3914,APA102-2020,LED-APA102-2020,408.525,-319.2,180,top
D3915,APA102-2020,LED-APA102-2020,412.525,-319.2,180,top
D3916,APA102-2020,LED-APA102-2020,416.525,-319.2,180,top
D3917,APA102-2020,LED-APA102-2020,420.525,-319.2,180,top
D3918,APA102-2020,LED-APA102-2020,424.525,-319.2,180,top
D3919,APA102-2020,LED-APA102-2020,428.525,-319.2,180,top
D3920,APA102-2020,LED-APA102-2020,432.525,-319.2,180,top
D3921,APA102-2020,LED-APA102-2020,156.525,-323.2,180,top
D3922,APA102-2020,LED-APA102-2020,160.525,-323.2,180,top
D3923,APA102-2020,LED-APA102-2020,164.525,-323.2,180,top
D3924,APA102-2020,LED-APA102-2020,168.525,-323.2,180,top
D3925,APA102-2020,LED-APA102-2020,172.525,-323.2,180,top
D3926,APA102-2020,LED-APA102-2020,176.525,-323.2,180,top
D3927,APA102-2020,LED-APA102-2020,180.525,-323.2,180,top
D3928,APA102-2020,LED-APA102-2020,184.525,-323.2,180,top
D3929,APA102-2020,LED-APA102-2020,188.525,-323.2,180,top
D3930,APA102-2020,LED-APA102-2020,192.525,-323.2,180,top
D3931,APA102-2020,LED-APA102-2020,196.525,-323.2,180,top
D3932,APA102-2020,LED-APA102-2020,200.525,-323.2,180,top
D3933,APA102-2020,LED-APA102-2020,204.525,-323.2,180,top
D3934,APA102-2020,LED-APA102-2020,208.525,-323.2,180,top
D3935,APA102-2020,LED-APA102-2020,212.525,-323.2,180,top
D3936,APA102-2020,LED-APA102-2020,216.525,-323.2,180,top
D3937,APA102-2020,LED-APA102-2020,220.525,-323.2,180,top
D3938,APA102-2020,LED-APA102-2020,224.525,-323.2,180,top
D3939,APA102-2020,LED-APA102-2020,228.525,-323.2,180,top
D3940,APA102-2020,LED-APA102-2020,232.525,-323.2,180,top
D3941,APA102-2020,LED-APA102-2020,236.525,-323.2,180,top
D3942,APA102-2020,LED-APA102-2020,240.525,-323.2,180,top
D3943,APA102-2020,LED-APA102-2020,244.525,-323.2,180,top
D3944,APA102-2020,LED-APA102-2020,248.525,-323.2,180,top
D3945,APA102-2020,LED-APA102-2020,252.525,-323.2,180,top
D3946,APA102-2020,LED-APA102-2020,256.525,-323.2,180,top
D3947,APA102-2020,LED-APA102-2020,260.525,-323.2,180,top
D3948,APA102-2020,LED-APA102-2020,264.525,-323.2,180,top
D3949,APA102-2020,LED-APA102-2020,268.525,-323.2,180,top
D3950,APA102-2020,LED-APA102-2020,272.525,-323.2,180,top
D3951,APA102-2020,LED-APA102-2020,276.525,-323.2,180,top
D3952,APA102-2020,LED-APA102-2020,280.525,-323.2,180,top
D3953,APA102-2020,LED-APA102-2020,284.525,-323.2,180,top
D3954,APA102-2020,LED-APA102-2020,288.525,-323.2,180,top
D3955,APA102-2020,LED-APA102-2020,292.525,-323.2,180,top
D3956,APA102-2020,LED-APA102-2020,296.525,-323.2,180,top
D3957,APA102-2020,LED-APA102-2020,300.525,-323.2,180,top
D3958,APA102-2020,LED-APA102-2020,304.525,-323.2,180,top
D3959,APA102-2020,LED-APA102-2020,308.525,-323.2,180,top
D3960,APA102-2020,LED-APA102-2020,312.525,-323.2,180,top
D3961,APA102-2020,LED-APA102-2020,316.525,-323.2,180,top
D3962,APA102-2020,LED-APA102-2020,320.525,-323.2,180,top
D3963,APA102-2020,LED-APA102-2020,324.525,-323.2,180,top
D3964,APA102-2020,LED-APA102-2020,328.525,-323.2,180,top
D3965,APA102-2020,LED-APA102-2020,332.525,-323.2,180,top
D3966,APA102-2020,LED-APA102-2020,336.525,-323.2,180,top
D3967,APA102-2020,LED-APA102-2020,340.525,-323.2,180,top
D3968,APA102-2020,LED-APA102-2020,344.525,-323.2,180,top
D3969,APA102-2020,LED-APA102-2020,348.525,-323.2,180,top
D3970,APA102-2020,LED-APA102-2020,352.525,-323.2,180,top
D3971,APA102-2020,LED-APA102-2020,356.525,-323.2,180,top
D3972,APA102-2020,LED-APA102-2020,360.525,-323.2,180,top
D3973,APA102-2020,LED-APA102-2020,364.525,-323.2,180,top
D3974,APA102-2020,LED-APA102-2020,368.525,-323.2,180,top
D3975,APA102-2020,LED-APA102-2020,372.525,-323.2,180,top
D3976,APA102-2020,LED-APA102-2020,376.525,-323.2,180,top
D3977,APA102-2020,LED-APA102-2020,380.525,-323.2,180,top
D3978,APA102-2020,LED-APA102-2020,384.525,-323.2,180,top
D3979,APA102-2020,LED-APA102-2020,388.525,-323.2,180,top
D3980,APA102-2020,LED-APA102-2020,392.525,-323.2,180,top
D3981,APA102-2020,LED-APA102-2020,396.525,-323.2,180,top
D3982,APA102-2020,LED-APA102-2020,400.525,-323.2,180,top
D3983,APA102-2020,LED-APA102-2020,404.525,-323.2,180,top
D3984,APA102-2020,LED-APA102-2020,408.525,-323.2,180,top
D3985,APA102-2020,LED-APA102-2020,412.525,-323.2,180,top
D3986,APA102-2020,LED-APA102-2020,416.525,-323.2,180,top
D3987,APA102-2020,LED-APA102-2020,420.525,-323.2,180,top
D3988,APA102-2020,LED-APA102-2020,424.525,-323.2,180,top
D3989,APA102-2020,LED-APA102-2020,428.525,-323.2,180,top
D3990,APA102-2020,LED-APA102-2020,432.525,-323.2,180,top
D3991,APA102-2020,LED-APA102-2020,156.525,-327.2,180,top
D3992,APA102-2020,LED-APA102-2020,160.525,-327.2,180,top
D3993,APA102-2020,LED-APA102-2020,164.525,-327.2,180,top
D3994,APA102-2020,LED-APA102-2020,168.525,-327.2,180,top
D3995,APA102-2020,LED-APA102-2020,172.525,-327.2,180,top
D3996,APA102-2020,LED-APA102-2020,176.525,-327.2,180,top
D3997,APA102-2020,LED-APA102-2020,180.525,-327.2,180,top
D3998,APA102-2020,LED-APA102-2020,184.525,-327.2,180,top
D3999,APA102-2020,LED-APA102-2020,188.525,-327.2,180,top
D4000,APA102-2020,LED-APA102-2020,192.525,-327.2,180,top
D4001,APA102-2020,LED-APA102-2020,196.525,-327.2,180,top
D4002,APA102-2020,LED-APA102-2020,200.525,-327.2,180,top
D4003,APA102-2020,LED-APA102-2020,204.525,-327.2,180,top
D4004,APA102-2020,LED-APA102-2020,208.525,-327.2,180,top
D4005,APA102-2020,LED-APA102-2020,212.525,-327.2,180,top
D4006,APA102-2020,LED-APA102-2020,216.525,-327.2,180,top
D4007,APA102-2020,LED-APA102-2020,220.525,-327.2,180,top
D4008,APA102-2020,LED-APA102-2020,224.525,-327.2,180,top
D4009,APA102-2020,LED-APA102-2020,228.525,-327.2,180,top
D4010,APA102-2020,LED-APA102-2020,232.525,-327.2,180,top
D4011,APA102-2020,LED-APA102-2020,236.525,-327.2,180,top
D4012,APA102-2020,LED-APA102-2020,240.525,-327.2,180,top
D4013,APA102-2020,LED-APA102-2020,244.525,-327.2,180,top
D4014,APA102-2020,LED-APA102-2020,248.525,-327.2,180,top
D4015,APA102-2020,LED-APA102-2020,252.525,-327.2,180,top
D4016,APA102-2020,LED-APA102-2020,256.525,-327.2,180,top
D4017,APA102-2020,LED-APA102-2020,260.525,-327.2,180,top
D4018,APA102-2020,LED-APA102-2020,264.525,-327.2,180,top
D4019,APA102-2020,LED-APA102-2020,268.525,-327.2,180,top
D4020,APA102-2020,LED-APA102-2020,272.525,-327.2,180,top
D4021,APA102-2020,LED-APA102-2020,276.525,-327.2,180,top
D4022,APA102-2020,LED-APA102-2020,280.525,-327.2,180,top
D4023,APA102-2020,LED-APA102-2020,284.525,-327.2,180,top
D4024,APA102-2020,LED-APA102-2020,288.525,-327.2,180,top
D4025,APA102-2020,LED-APA102-2020,292.525,-327.2,180,top
D4026,APA102-2020,LED-APA102-2020,296.525,-327.2,180,top
D4027,APA102-2020,LED-APA102-2020,300.525,-327.2,180,top
D4028,APA102-2020,LED-APA102-2020,304.525,-327.2,180,top
D4029,APA102-2020,LED-APA102-2020,308.525,-327.2,180,top
D4030,APA102-2020,LED-APA102-2020,312.525,-327.2,180,top
D4031,APA102-2020,LED-APA102-2020,316.525,-327.2,180,top
D4032,APA102-2020,LED-APA102-2020,320.525,-327.2,180,top
D4033,APA102-2020,LED-APA102-2020,324.525,-327.2,180,top
D4034,APA102-2020,LED-APA102-2020,328.525,-327.2,180,top
D4035,APA102-2020,LED-APA102-2020,332.525,-327.2,180,top
D4036,APA102-2020,LED-APA102-2020,336.525,-327.2,180,top
D4037,APA102-2020,LED-APA102-2020,340.525,-327.2,180,top
D4038,APA102-2020,LED-APA102-2020,344.525,-327.2,180,top
D4039,APA102-2020,LED-APA102-2020,348.525,-327.2,180,top
D4040,APA102-2020,LED-APA102-2020,352.525,-327.2,180,top
D4041,APA102-2020,LED-APA102-2020,356.525,-327.2,180,top
D4042,APA102-2020,LED-APA102-2020,360.525,-327.2,180,top
D4043,APA102-2020,LED-APA102-2020,364.525,-327.2,180,top
D4044,APA102-2020,LED-APA102-2020,368.525,-327.2,180,top
D4045,APA102-2020,LED-APA102-2020,372.525,-327.2,180,top
D4046,APA102-2020,LED-APA102-2020,376.525,-327.2,180,top
D4047,APA102-2020,LED-APA102-2020,380.525,-327.2,180,top
D4048,APA102-2020,LED-APA102-2020,384.525,-327.2,180,top
D4049,APA102-2020,LED-APA102-2020,388.525,-327.2,180,top
D4050,APA102-2020,LED-APA102-2020,392.525,-327.2,180,top
D4051,APA102-2020,LED-APA102-2020,396.525,-327.2,180,top
D4052,APA102-2020,LED-APA102-2020,400.525,-327.2,180,top
D4053,APA102-2020,LED-APA102-2020,404.525,-327.2,180,top
D4054,APA102-2020,LED-APA102-2020,408.525,-327.2,180,top
D4055,APA102-2020,LED-APA102-2020,412.525,-327.2,180,top
D4056,APA102-2020,LED-APA102-2020,416.525,-327.2,180,top
D4057,APA102-2020,LED-APA102-2020,420.525,-327.2,180,top
D4058,APA102-2020,LED-APA102-2020,424.525,-327.2,180,top
D4059,APA102-2020,LED-APA102-2020,428.525,-327.2,180,top
D4060,APA102-2020,LED-APA102-2020,432.525,-327.2,180,top
D4061,APA102-2020,LED-APA102-2020,156.525,-331.2,180,top
D4062,APA102-2020,LED-APA102-2020,160.525,-331.2,180,top
D4063,APA102-2020,LED-APA102-2020,164.525,-331.2,180,top
D4064,APA102-2020,LED-APA102-2020,168.525,-331.2,180,top
D4065,APA102-2020,LED-APA102-2020,172.525,-331.2,180,top
D4066,APA102-2020,LED-APA102-2020,176.525,-331.2,180,top
D4067,APA102-2020,LED-APA102-2020,180.525,-331.2,180,top
D4068,APA102-2020,LED-APA102-2020,184.525,-331.2,180,top
D4069,APA102-2020,LED-APA102-2020,188.525,-331.2,180,top
D4070,APA102-2020,LED-APA102-2020,192.525,-331.2,180,top
D4071,APA102-2020,LED-APA102-2020,196.525,-331.2,180,top
D4072,APA102-2020,LED-APA102-2020,200.525,-331.2,180,top
D4073,APA102-2020,LED-APA102-2020,204.525,-331.2,180,top
D4074,APA102-2020,LED-APA102-2020,208.525,-331.2,180,top
D4075,APA102-2020,LED-APA102-2020,212.525,-331.2,180,top
D4076,APA102-2020,LED-APA102-2020,216.525,-331.2,180,top
D4077,APA102-2020,LED-APA102-2020,220.525,-331.2,180,top
D4078,APA102-2020,LED-APA102-2020,224.525,-331.2,180,top
D4079,APA102-2020,LED-APA102-2020,228.525,-331.2,180,top
D4080,APA102-2020,LED-APA102-2020,232.525,-331.2,180,top
D4081,APA102-2020,LED-APA102-2020,236.525,-331.2,180,top
D4082,APA102-2020,LED-APA102-2020,240.525,-331.2,180,top
D4083,APA102-2020,LED-APA102-2020,244.525,-331.2,180,top
D4084,APA102-2020,LED-APA102-2020,248.525,-331.2,180,top
D4085,APA102-2020,LED-APA102-2020,252.525,-331.2,180,top
D4086,APA102-2020,LED-APA102-2020,256.525,-331.2,180,top
D4087,APA102-2020,LED-APA102-2020,260.525,-331.2,180,top
D4088,APA102-2020,LED-APA102-2020,264.525,-331.2,180,top
D4089,APA102-2020,LED-APA102-2020,268.525,-331.2,180,top
D4090,APA102-2020,LED-APA102-2020,272.525,-331.2,180,top
D4091,APA102-2020,LED-APA102-2020,276.525,-331.2,180,top
D4092,APA102-2020,LED-APA102-2020,280.525,-331.2,180,top
D4093,APA102-2020,LED-APA102-2020,284.525,-331.2,180,top
D4094,APA102-2020,LED-APA102-2020,288.525,-331.2,180,top
D4095,APA102-2020,LED-APA102-2020,292.525,-331.2,180,top
D4096,APA102-2020,LED-APA102-2020,296.525,-331.2,180,top
D4097,APA102-2020,LED-APA102-2020,300.525,-331.2,180,top
D4098,APA102-2020,LED-APA102-2020,304.525,-331.2,180,top
D4099,APA102-2020,LED-APA102-2020,308.525,-331.2,180,top
D4100,APA102-2020,LED-APA102-2020,312.525,-331.2,180,top
D4101,APA102-2020,LED-APA102-2020,316.525,-331.2,180,top
D4102,APA102-2020,LED-APA102-2020,320.525,-331.2,180,top
D4103,APA102-2020,LED-APA102-2020,324.525,-331.2,180,top
D4104,APA102-2020,LED-APA102-2020,328.525,-331.2,180,top
D4105,APA102-2020,LED-APA102-2020,332.525,-331.2,180,top
D4106,APA102-2020,LED-APA102-2020,336.525,-331.2,180,top
D4107,APA102-2020,LED-APA102-2020,340.525,-331.2,180,top
D4108,APA102-2020,LED-APA102-2020,344.525,-331.2,180,top
D4109,APA102-2020,LED-APA102-2020,348.525,-331.2,180,top
D4110,APA102-2020,LED-APA102-2020,352.525,-331.2,180,top
D4111,APA102-2020,LED-APA102-2020,356.525,-331.2,180,top
D4112,APA102-2020,LED-APA102-2020,360.525,-331.2,180,top
D4113,APA102-2020,LED-APA102-2020,364.525,-331.2,180,top
D4114,APA102-2020,LED-APA102-2020,368.525,-331.2,180,top
D4115,APA102-2020,LED-APA102-2020,372.525,-331.2,180,top
D4116,APA102-2020,LED-APA102-2020,376.525,-331.2,180,top
D4117,APA102-2020,LED-APA102-2020,380.525,-331.2,180,top
D4118,APA102-2020,LED-APA102-2020,384.525,-331.2,180,top
D4119,APA102-2020,LED-APA102-2020,388.525,-331.2,180,top
D4120,APA102-2020,LED-APA102-2020,392.525,-331.2,180,top
D4121,APA102-2020,LED-APA102-2020,396.525,-331.2,180,top
D4122,APA102-2020,LED-APA102-2020,400.525,-331.2,180,top
D4123,APA102-2020,LED-APA102-2020,404.525,-331.2,180,top
D4124,APA102-2020,LED-APA102-2020,408.525,-331.2,180,top
D4125,APA102-2020,LED-APA102-2020,412.525,-331.2,180,top
D4126,APA102-2020,LED-APA102-2020,416.525,-331.2,180,top
D4127,APA102-2020,LED-APA102-2020,420.525,-331.2,180,top
D4128,APA102-2020,LED-APA102-2020,424.525,-331.2,180,top
D4129,APA102-2020,LED-APA102-2020,428.525,-331.2,180,top
D4130,APA102-2020,LED-APA102-2020,432.525,-331.2,180,top
D4131,APA102-2020,LED-APA102-2020,156.525,-335.2,180,top
D4132,APA102-2020,LED-APA102-2020,160.525,-335.2,180,top
D4133,APA102-2020,LED-APA102-2020,164.525,-335.2,180,top
D4134,APA102-2020,LED-APA102-2020,168.525,-335.2,180,top
D4135,APA102-2020,LED-APA102-2020,172.525,-335.2,180,top
D4136,APA102-2020,LED-APA102-2020,176.525,-335.2,180,top
D4137,APA102-2020,LED-APA102-2020,180.525,-335.2,180,top
D4138,APA102-2020,LED-APA102-2020,184.525,-335.2,180,top
D4139,APA102-2020,LED-APA102-2020,188.525,-335.2,180,top
D4140,APA102-2020,LED-APA102-2020,192.525,-335.2,180,top
D4141,APA102-2020,LED-APA102-2020,196.525,-335.2,180,top
D4142,APA102-2020,LED-APA102-2020,200.525,-335.2,180,top
D4143,APA102-2020,LED-APA102-2020,204.525,-335.2,180,top
D4144,APA102-2020,LED-APA102-2020,208.525,-335.2,180,top
D4145,APA102-2020,LED-APA102-2020,212.525,-335.2,180,top
D4146,APA102-2020,LED-APA102-2020,216.525,-335.2,180,top
D4147,APA102-2020,LED-APA102-2020,220.525,-335.2,180,top
D4148,APA102-2020,LED-APA102-2020,224.525,-335.2,180,top
D4149,APA102-2020,LED-APA102-2020,228.525,-335.2,180,top
D4150,APA102-2020,LED-APA102-2020,232.525,-335.2,180,top
D4151,APA102-2020,LED-APA102-2020,236.525,-335.2,180,top
D4152,APA102-2020,LED-APA102-2020,240.525,-335.2,180,top
D4153,APA102-2020,LED-APA102-2020,244.525,-335.2,180,top
D4154,APA102-2020,LED-APA102-2020,248.525,-335.2,180,top
D4155,APA102-2020,LED-APA102-2020,252.525,-335.2,180,top
D4156,APA102-2020,LED-APA102-2020,256.525,-335.2,180,top
D4157,APA102-2020,LED-APA102-2020,260.525,-335.2,180,top
D4158,APA102-2020,LED-APA102-2020,264.525,-335.2,180,top
D4159,APA102-2020,LED-APA102-2020,268.525,-335.2,180,top
D4160,APA102-2020,LED-APA102-2020,272.525,-335.2,180,top
D4161,APA102-2020,LED-APA102-2020,276.525,-335.2,180,top
D4162,APA102-2020,LED-APA102-2020,280.525,-335.2,180,top
D4163,APA102-2020,LED-APA102-2020,284.525,-335.2,180,top
D4164,APA102-2020,LED-APA102-2020,288.525,-335.2,180,top
D4165,APA102-2020,LED-APA102-2020,292.525,-335.2,180,top
D4166,APA102-2020,LED-APA102-2020,296.525,-335.2,180,top
D4167,APA102-2020,LED-APA102-2020,300.525,-335.2,180,top
D4168,APA102-2020,LED-APA102-2020,304.525,-335.2,180,top
D4169,APA102-2020,LED-APA102-2020,308.525,-335.2,180,top
D4170,APA102-2020,LED-APA102-2020,312.525,-335.2,180,top
D4171,APA102-2020,LED-APA102-2020,316.525,-335.2,180,top
D4172,APA102-2020,LED-APA102-2020,320.525,-335.2,180,top
D4173,APA102-2020,LED-APA102-2020,324.525,-335.2,180,top
D4174,APA102-2020,LED-APA102-2020,328.525,-335.2,180,top
D4175,APA102-2020,LED-APA102-2020,332.525,-335.2,180,top
D4176,APA102-2020,LED-APA102-2020,336.525,-335.2,180,top
D4177,APA102-2020,LED-APA102-2020,340.525,-335.2,180,top
D4178,APA102-2020,LED-APA102-2020,344.525,-335.2,180,top
D4179,APA102-2020,LED-APA102-2020,348.525,-335.2,180,top
D4180,APA102-2020,LED-APA102-2020,352.525,-335.2,180,top
D4181,APA102-2020,LED-APA102-2020,356.525,-335.2,180,top
D4182,APA102-2020,LED-APA102-2020,360.525,-335.2,180,top
D4183,APA102-2020,LED-APA102-2020,364.525,-335.2,180,top
D4184,APA102-2020,LED-APA102-2020,368.525,-335.2,180,top
D4185,APA102-2020,LED-APA102-2020,372.525,-335.2,180,top
D4186,APA102-2020,LED-APA102-2020,376.525,-335.2,180,top
D4187,APA102-2020,LED-APA102-2020,380.525,-335.2,180,top
D4188,APA102-2020,LED-APA102-2020,384.525,-335.2,180,top
D4189,APA102-2020,LED-APA102-2020,388.525,-335.2,180,top
D4190,APA102-2020,LED-APA102-2020,392.525,-335.2,180,top
D4191,APA102-2020,LED-APA102-2020,396.525,-335.2,180,top
D4192,APA102-2020,LED-APA102-2020,400.525,-335.2,180,top
D4193,APA102-2020,LED-APA102-2020,404.525,-335.2,180,top
D4194,APA102-2020,LED-APA102-2020,408.525,-335.2,180,top
D4195,APA102-2020,LED-APA102-2020,412.525,-335.2,180,top
D4196,APA102-2020,LED-APA102-2020,416.525,-335.2,180,top
D4197,APA102-2020,LED-APA102-2020,420.525,-335.2,180,top
D4198,APA102-2020,LED-APA102-2020,424.525,-335.2,180,top
D4199,APA102-2020,LED-APA102-2020,428.525,-335.2,180,top
D4200,APA102-2020,LED-APA102-2020,432.525,-335.2,180,top