Ref,Val,Package,PosX,PosY,Rot,Side
"C1","1uF","C_0603_1608Metric",158.450000,-99.275000,-90.000000,bottom
"C2","1uF","C_0603_1608Metric",162.450000,-99.275000,-90.000000,bottom
"C3","1uF","C_0603_1608Metric",166.450000,-99.275000,-90.000000,bottom
"C4","1uF","C_0603_1608Metric",170.450000,-99.275000,-90.000000,bottom
"C5","1uF","C_0603_1608Metric",174.450000,-99.275000,-90.000000,bottom
"C6","1uF","C_0603_1608Metric",178.450000,-99.275000,-90.000000,bottom
"C7","1uF","C_0603_1608Metric",182.450000,-99.275000,-90.000000,bottom
"C8","1uF","C_0603_1608Metric",186.450000,-99.275000,-90.000000,bottom
"C9","1uF","C_0603_1608Metric",190.450000,-99.275000,-90.000000,bottom
"C10","1uF","C_0603_1608Metric",194.450000,-99.275000,-90.000000,bottom
"C11","1uF","C_0603_1608Metric",198.450000,-99.275000,-90.000000,bottom
"C12","1uF","C_0603_1608Metric",202.450000,-99.275000,-90.000000,bottom
"C13","1uF","C_0603_1608Metric",206.450000,-99.275000,-90.000000,bottom
"C14","1uF","C_0603_1608Metric",210.450000,-99.275000,-90.000000,bottom
"C15","1uF","C_0603_1608Metric",214.450000,-99.275000,-90.000000,bottom
"C16","1uF","C_0603_1608Metric",218.450000,-99.275000,-90.000000,bottom
"C17","1uF","C_0603_1608Metric",222.450000,-99.275000,-90.000000,bottom
"C18","1uF","C_0603_1608Metric",226.450000,-99.275000,-90.000000,bottom
"C19","1uF","C_0603_1608Metric",230.450000,-99.275000,-90.000000,bottom
"C20","1uF","C_0603_1608Metric",234.450000,-99.275000,-90.000000,bottom
"C21","1uF","C_0603_1608Metric",238.450000,-99.275000,-90.000000,bottom
"C22","1uF","C_0603_1608Metric",242.450000,-99.275000,-90.000000,bottom
"C23","1uF","C_0603_1608Metric",246.450000,-99.275000,-90.000000,bottom
"C24","1uF","C_0603_1608Metric",250.450000,-99.275000,-90.000000,bottom
"C25","1uF","C_0603_1608Metric",254.450000,-99.275000,-90.000000,bottom
"C26","1uF","C_0603_1608Metric",258.450000,-99.275000,-90.000000,bottom
"C27","1uF","C_0603_1608Metric",262.450000,-99.275000,-90.000000,bottom
"C28","1uF","C_0603_1608Metric",266.450000,-99.275000,-90.000000,bottom
"C29","1uF","C_0603_1608Metric",270.450000,-99.275000,-90.000000,bottom
"C30","1uF","C_0603_1608Metric",274.450000,-99.275000,-90.000000,bottom
"C31","1uF","C_0603_1608Metric",278.450000,-99.275000,-90.000000,bottom
"C32","1uF","C_0603_1608Metric",282.450000,-99.275000,-90.000000,bottom
"C33","1uF","C_0603_1608Metric",286.450000,-99.275000,-90.000000,bottom
"C34","1uF","C_0603_1608Metric",290.450000,-99.275000,-90.000000,bottom
"C35","1uF","C_0603_1608Metric",294.450000,-99.275000,-90.000000,bottom
"C36","1uF","C_0603_1608Metric",298.450000,-99.275000,-90.000000,bottom
"C37","1uF","C_0603_1608Metric",302.450000,-99.275000,-90.000000,bottom
"C38","1uF","C_0603_1608Metric",306.450000,-99.275000,-90.000000,bottom
"C39","1uF","C_0603_1608Metric",310.450000,-99.275000,-90.000000,bottom
"C40","1uF","C_0603_1608Metric",314.450000,-99.275000,-90.000000,bottom
"C41","1uF","C_0603_1608Metric",318.450000,-99.275000,-90.000000,bottom
"C42","1uF","C_0603_1608Metric",322.450000,-99.275000,-90.000000,bottom
"C43","1uF","C_0603_1608Metric",326.450000,-99.275000,-90.000000,bottom
"C44","1uF","C_0603_1608Metric",330.450000,-99.275000,-90.000000,bottom
"C45","1uF","C_0603_1608Metric",334.450000,-99.275000,-90.000000,bottom
"C46","1uF","C_0603_1608Metric",338.450000,-99.275000,-90.000000,bottom
"C47","1uF","C_0603_1608Metric",342.450000,-99.275000,-90.000000,bottom
"C48","1uF","C_0603_1608Metric",346.450000,-99.275000,-90.000000,bottom
"C49","1uF","C_0603_1608Metric",350.450000,-99.275000,-90.000000,bottom
"C50","1uF","C_0603_1608Metric",354.450000,-99.275000,-90.000000,bottom
"C51","1uF","C_0603_1608Metric",358.450000,-99.275000,-90.000000,bottom
"C52","1uF","C_0603_1608Metric",362.450000,-99.275000,-90.000000,bottom
"C53","1uF","C_0603_1608Metric",366.450000,-99.275000,-90.000000,bottom
"C54","1uF","C_0603_1608Metric",370.450000,-99.275000,-90.000000,bottom
"C55","1uF","C_0603_1608Metric",374.450000,-99.275000,-90.000000,bottom
"C56","1uF","C_0603_1608Metric",378.450000,-99.275000,-90.000000,bottom
"C57","1uF","C_0603_1608Metric",382.450000,-99.275000,-90.000000,bottom
"C58","1uF","C_0603_1608Metric",386.450000,-99.275000,-90.000000,bottom
"C59","1uF","C_0603_1608Metric",390.450000,-99.275000,-90.000000,bottom
"C60","1uF","C_0603_1608Metric",394.450000,-99.275000,-90.000000,bottom
"C61","1uF","C_0603_1608Metric",398.450000,-99.275000,-90.000000,bottom
"C62","1uF","C_0603_1608Metric",402.450000,-99.275000,-90.000000,bottom
"C63","1uF","C_0603_1608Metric",406.450000,-99.275000,-90.000000,bottom
"C64","1uF","C_0603_1608Metric",410.450000,-99.275000,-90.000000,bottom
"C65","1uF","C_0603_1608Metric",414.450000,-99.275000,-90.000000,bottom
"C66","1uF","C_0603_1608Metric",418.450000,-99.275000,-90.000000,bottom
"C67","1uF","C_0603_1608Metric",422.450000,-99.275000,-90.000000,bottom
"C68","1uF","C_0603_1608Metric",426.450000,-99.275000,-90.000000,bottom
"C69","1uF","C_0603_1608Metric",430.450000,-99.275000,-90.000000,bottom
"C70","1uF","C_0603_1608Metric",434.450000,-99.275000,-90.000000,bottom
"C71","1uF","C_0603_1608Metric",158.450000,-103.275000,-90.000000,bottom
"C72","1uF","C_0603_1608Metric",162.450000,-103.275000,-90.000000,bottom
"C73","1uF","C_0603_1608Metric",166.450000,-103.275000,-90.000000,bottom
"C74","1uF","C_0603_1608Metric",170.450000,-103.275000,-90.000000,bottom
"C75","1uF","C_0603_1608Metric",174.450000,-103.275000,-90.000000,bottom
"C76","1uF","C_0603_1608Metric",178.450000,-103.275000,-90.000000,bottom
"C77","1uF","C_0603_1608Metric",182.450000,-103.275000,-90.000000,bottom
"C78","1uF","C_0603_1608Metric",186.450000,-103.275000,-90.000000,bottom
"C79","1uF","C_0603_1608Metric",190.450000,-103.275000,-90.000000,bottom
"C80","1uF","C_0603_1608Metric",194.450000,-103.275000,-90.000000,bottom
"C81","1uF","C_0603_1608Metric",198.450000,-103.275000,-90.000000,bottom
"C82","1uF","C_0603_1608Metric",202.450000,-103.275000,-90.000000,bottom
"C83","1uF","C_0603_1608Metric",206.450000,-103.275000,-90.000000,bottom
"C84","1uF","C_0603_1608Metric",210.450000,-103.275000,-90.000000,bottom
"C85","1uF","C_0603_1608Metric",214.450000,-103.275000,-90.000000,bottom
"C86","1uF","C_0603_1608Metric",218.450000,-103.275000,-90.000000,bottom
"C87","1uF","C_0603_1608Metric",222.450000,-103.275000,-90.000000,bottom
"C88","1uF","C_0603_1608Metric",226.450000,-103.275000,-90.000000,bottom
"C89","1uF","C_0603_1608Metric",230.450000,-103.275000,-90.000000,bottom
"C90","1uF","C_0603_1608Metric",234.450000,-103.275000,-90.000000,bottom
"C91","1uF","C_0603_1608Metric",238.450000,-103.275000,-90.000000,bottom
"C92","1uF","C_0603_1608Metric",242.450000,-103.275000,-90.000000,bottom
"C93","1uF","C_0603_1608Metric",246.450000,-103.275000,-90.000000,bottom
"C94","1uF","C_0603_1608Metric",250.450000,-103.275000,-90.000000,bottom
"C95","1uF","C_0603_1608Metric",254.450000,-103.275000,-90.000000,bottom
"C96","1uF","C_0603_1608Metric",258.450000,-103.275000,-90.000000,bottom
"C97","1uF","C_0603_1608Metric",262.450000,-103.275000,-90.000000,bottom
"C98","1uF","C_0603_1608Metric",266.450000,-103.275000,-90.000000,bottom
"C99","1uF","C_0603_1608Metric",270.450000,-103.275000,-90.000000,bottom
"C100","1uF","C_0603_1608Metric",274.450000,-103.275000,-90.000000,bottom
"C101","1uF","C_0603_1608Metric",278.450000,-103.275000,-90.000000,bottom
"C102","1uF","C_0603_1608Metric",282.450000,-103.275000,-90.000000,bottom
"C103","1uF","C_0603_1608Metric",286.450000,-103.275000,-90.000000,bottom
"C104","1uF","C_0603_1608Metric",290.450000,-103.275000,-90.000000,bottom
"C105","1uF","C_0603_1608Metric",294.450000,-103.275000,-90.000000,bottom
"C106","1uF","C_0603_1608Metric",298.450000,-103.275000,-90.000000,bottom
"C107","1uF","C_0603_1608Metric",302.450000,-103.275000,-90.000000,bottom
"C108","1uF","C_0603_1608Metric",306.450000,-103.275000,-90.000000,bottom
"C109","1uF","C_0603_1608Metric",310.450000,-103.275000,-90.000000,bottom
"C110","1uF","C_0603_1608Metric",314.450000,-103.275000,-90.000000,bottom
"C111","1uF","C_0603_1608Metric",318.450000,-103.275000,-90.000000,bottom
"C112","1uF","C_0603_1608Metric",322.450000,-103.275000,-90.000000,bottom
"C113","1uF","C_0603_1608Metric",326.450000,-103.275000,-90.000000,bottom
"C114","1uF","C_0603_1608Metric",330.450000,-103.275000,-90.000000,bottom
"C115","1uF","C_0603_1608Metric",334.450000,-103.275000,-90.000000,bottom
"C116","1uF","C_0603_1608Metric",338.450000,-103.275000,-90.000000,bottom
"C117","1uF","C_0603_1608Metric",342.450000,-103.275000,-90.000000,bottom
"C118","1uF","C_0603_1608Metric",346.450000,-103.275000,-90.000000,bottom
"C119","1uF","C_0603_1608Metric",350.450000,-103.275000,-90.000000,bottom
"C120","1uF","C_0603_1608Metric",354.450000,-103.275000,-90.000000,bottom
"C121","1uF","C_0603_1608Metric",358.450000,-103.275000,-90.000000,bottom
"C122","1uF","C_0603_1608Metric",362.450000,-103.275000,-90.000000,bottom
"C123","1uF","C_0603_1608Metric",366.450000,-103.275000,-90.000000,bottom
"C124","1uF","C_0603_1608Metric",370.450000,-103.275000,-90.000000,bottom
"C125","1uF","C_0603_1608Metric",374.450000,-103.275000,-90.000000,bottom
"C126","1uF","C_0603_1608Metric",378.450000,-103.275000,-90.000000,bottom
"C127","1uF","C_0603_1608Metric",382.450000,-103.275000,-90.000000,bottom
"C128","1uF","C_0603_1608Metric",386.450000,-103.275000,-90.000000,bottom
"C129","1uF","C_0603_1608Metric",390.450000,-103.275000,-90.000000,bottom
"C130","1uF","C_0603_1608Metric",394.450000,-103.275000,-90.000000,bottom
"C131","1uF","C_0603_1608Metric",398.450000,-103.275000,-90.000000,bottom
"C132","1uF","C_0603_1608Metric",402.450000,-103.275000,-90.000000,bottom
"C133","1uF","C_0603_1608Metric",406.450000,-103.275000,-90.000000,bottom
"C134","1uF","C_0603_1608Metric",410.450000,-103.275000,-90.000000,bottom
"C135","1uF","C_0603_1608Metric",414.450000,-103.275000,-90.000000,bottom
"C136","1uF","C_0603_1608Metric",418.450000,-103.275000,-90.000000,bottom
"C137","1uF","C_0603_1608Metric",422.450000,-103.275000,-90.000000,bottom
"C138","1uF","C_0603_1608Metric",426.450000,-103.275000,-90.000000,bottom
"C139","1uF","C_0603_1608Metric",430.450000,-103.275000,-90.000000,bottom
"C140","1uF","C_0603_1608Metric",434.450000,-103.275000,-90.000000,bottom
"C141","1uF","C_0603_1608Metric",158.450000,-107.275000,-90.000000,bottom
"C142","1uF","C_0603_1608Metric",162.450000,-107.275000,-90.000000,bottom
"C143","1uF","C_0603_1608Metric",166.450000,-107.275000,-90.000000,bottom
"C144","1uF","C_0603_1608Metric",170.450000,-107.275000,-90.000000,bottom
"C145","1uF","C_0603_1608Metric",174.450000,-107.275000,-90.000000,bottom
"C146","1uF","C_0603_1608Metric",178.450000,-107.275000,-90.000000,bottom
"C147","1uF","C_0603_1608Metric",182.450000,-107.275000,-90.000000,bottom
"C148","1uF","C_0603_1608Metric",186.450000,-107.275000,-90.000000,bottom
"C149","1uF","C_0603_1608Metric",190.450000,-107.275000,-90.000000,bottom
"C150","1uF","C_0603_1608Metric",194.450000,-107.275000,-90.000000,bottom
"C151","1uF","C_0603_1608Metric",198.450000,-107.275000,-90.000000,bottom
"C152","1uF","C_0603_1608Metric",202.450000,-107.275000,-90.000000,bottom
"C153","1uF","C_0603_1608Metric",206.450000,-107.275000,-90.000000,bottom
"C154","1uF","C_0603_1608Metric",210.450000,-107.275000,-90.000000,bottom
"C155","1uF","C_0603_1608Metric",214.450000,-107.275000,-90.000000,bottom
"C156","1uF","C_0603_1608Metric",218.450000,-107.275000,-90.000000,bottom
"C157","1uF","C_0603_1608Metric",222.450000,-107.275000,-90.000000,bottom
"C158","1uF","C_0603_1608Metric",226.450000,-107.275000,-90.000000,bottom
"C159","1uF","C_0603_1608Metric",230.450000,-107.275000,-90.000000,bottom
"C160","1uF","C_0603_1608Metric",234.450000,-107.275000,-90.000000,bottom
"C161","1uF","C_0603_1608Metric",238.450000,-107.275000,-90.000000,bottom
"C162","1uF","C_0603_1608Metric",242.450000,-107.275000,-90.000000,bottom
"C163","1uF","C_0603_1608Metric",246.450000,-107.275000,-90.000000,bottom
"C164","1uF","C_0603_1608Metric",250.450000,-107.275000,-90.000000,bottom
"C165","1uF","C_0603_1608Metric",254.450000,-107.275000,-90.000000,bottom
"C166","1uF","C_0603_1608Metric",258.450000,-107.275000,-90.000000,bottom
"C167","1uF","C_0603_1608Metric",262.450000,-107.275000,-90.000000,bottom
"C168","1uF","C_0603_1608Metric",266.450000,-107.275000,-90.000000,bottom
"C169","1uF","C_0603_1608Metric",270.450000,-107.275000,-90.000000,bottom
"C170","1uF","C_0603_1608Metric",274.450000,-107.275000,-90.000000,bottom
"C171","1uF","C_0603_1608Metric",278.450000,-107.275000,-90.000000,bottom
"C172","1uF","C_0603_1608Metric",282.450000,-107.275000,-90.000000,bottom
"C173","1uF","C_0603_1608Metric",286.450000,-107.275000,-90.000000,bottom
"C174","1uF","C_0603_1608Metric",290.450000,-107.275000,-90.000000,bottom
"C175","1uF","C_0603_1608Metric",294.450000,-107.275000,-90.000000,bottom
"C176","1uF","C_0603_1608Metric",298.450000,-107.275000,-90.000000,bottom
"C177","1uF","C_0603_1608Metric",302.450000,-107.275000,-90.000000,bottom
"C178","1uF","C_0603_1608Metric",306.450000,-107.275000,-90.000000,bottom
"C179","1uF","C_0603_1608Metric",310.450000,-107.275000,-90.000000,bottom
"C180","1uF","C_0603_1608Metric",314.450000,-107.275000,-90.000000,bottom
"C181","1uF","C_0603_1608Metric",318.450000,-107.275000,-90.000000,bottom
"C182","1uF","C_0603_1608Metric",322.450000,-107.275000,-90.000000,bottom
"C183","1uF","C_0603_1608Metric",326.450000,-107.275000,-90.000000,bottom
"C184","1uF","C_0603_1608Metric",330.450000,-107.275000,-90.000000,bottom
"C185","1uF","C_0603_1608Metric",334.450000,-107.275000,-90.000000,bottom
"C186","1uF","C_0603_1608Metric",338.450000,-107.275000,-90.000000,bottom
"C187","1uF","C_0603_1608Metric",342.450000,-107.275000,-90.000000,bottom
"C188","1uF","C_0603_1608Metric",346.450000,-107.275000,-90.000000,bottom
"C189","1uF","C_0603_1608Metric",350.450000,-107.275000,-90.000000,bottom
"C190","1uF","C_0603_1608Metric",354.450000,-107.275000,-90.000000,bottom
"C191","1uF","C_0603_1608Metric",358.450000,-107.275000,-90.000000,bottom
"C192","1uF","C_0603_1608Metric",362.450000,-107.275000,-90.000000,bottom
"C193","1uF","C_0603_1608Metric",366.450000,-107.275000,-90.000000,bottom
"C194","1uF","C_0603_1608Metric",370.450000,-107.275000,-90.000000,bottom
"C195","1uF","C_0603_1608Metric",374.450000,-107.275000,-90.000000,bottom
"C196","1uF","C_0603_1608Metric",378.450000,-107.275000,-90.000000,bottom
"C197","1uF","C_0603_1608Metric",382.450000,-107.275000,-90.000000,bottom
"C198","1uF","C_0603_1608Metric",386.450000,-107.275000,-90.000000,bottom
"C199","1uF","C_0603_1608Metric",390.450000,-107.275000,-90.000000,bottom
"C200","1uF","C_0603_1608Metric",394.450000,-107.275000,-90.000000,bottom
"C201","1uF","C_0603_1608Metric",398.450000,-107.275000,-90.000000,bottom
"C202","1uF","C_0603_1608Metric",402.450000,-107.275000,-90.000000,bottom
"C203","1uF","C_0603_1608Metric",406.450000,-107.275000,-90.000000,bottom
"C204","1uF","C_0603_1608Metric",410.450000,-107.275000,-90.000000,bottom
"C205","1uF","C_0603_1608Metric",414.450000,-107.275000,-90.000000,bottom
"C206","1uF","C_0603_1608Metric",418.450000,-107.275000,-90.000000,bottom
"C207","1uF","C_0603_1608Metric",422.450000,-107.275000,-90.000000,bottom
"C208","1uF","C_0603_1608Metric",426.450000,-107.275000,-90.000000,bottom
"C209","1uF","C_0603_1608Metric",430.450000,-107.275000,-90.000000,bottom
"C210","1uF","C_0603_1608Metric",434.450000,-107.275000,-90.000000,bottom
"C211","1uF","C_0603_1608Metric",158.450000,-111.275000,-90.000000,bottom
"C212","1uF","C_0603_1608Metric",162.450000,-111.275000,-90.000000,bottom
"C213","1uF","C_0603_1608Metric",166.450000,-111.275000,-90.000000,bottom
"C214","1uF","C_0603_1608Metric",170.450000,-111.275000,-90.000000,bottom
"C215","1uF","C_0603_1608Metric",174.450000,-111.275000,-90.000000,bottom
"C216","1uF","C_0603_1608Metric",178.450000,-111.275000,-90.000000,bottom
"C217","1uF","C_0603_1608Metric",182.450000,-111.275000,-90.000000,bottom
"C218","1uF","C_0603_1608Metric",186.450000,-111.275000,-90.000000,bottom
"C219","1uF","C_0603_1608Metric",190.450000,-111.275000,-90.000000,bottom
"C220","1uF","C_0603_1608Metric",194.450000,-111.275000,-90.000000,bottom
"C221","1uF","C_0603_1608Metric",198.450000,-111.275000,-90.000000,bottom
"C222","1uF","C_0603_1608Metric",202.450000,-111.275000,-90.000000,bottom
"C223","1uF","C_0603_1608Metric",206.450000,-111.275000,-90.000000,bottom
"C224","1uF","C_0603_1608Metric",210.450000,-111.275000,-90.000000,bottom
"C225","1uF","C_0603_1608Metric",214.450000,-111.275000,-90.000000,bottom
"C226","1uF","C_0603_1608Metric",218.450000,-111.275000,-90.000000,bottom
"C227","1uF","C_0603_1608Metric",222.450000,-111.275000,-90.000000,bottom
"C228","1uF","C_0603_1608Metric",226.450000,-111.275000,-90.000000,bottom
"C229","1uF","C_0603_1608Metric",230.450000,-111.275000,-90.000000,bottom
"C230","1uF","C_0603_1608Metric",234.450000,-111.275000,-90.000000,bottom
"C231","1uF","C_0603_1608Metric",238.450000,-111.275000,-90.000000,bottom
"C232","1uF","C_0603_1608Metric",242.450000,-111.275000,-90.000000,bottom
"C233","1uF","C_0603_1608Metric",246.450000,-111.275000,-90.000000,bottom
"C234","1uF","C_0603_1608Metric",250.450000,-111.275000,-90.000000,bottom
"C235","1uF","C_0603_1608Metric",254.450000,-111.275000,-90.000000,bottom
"C236","1uF","C_0603_1608Metric",258.450000,-111.275000,-90.000000,bottom
"C237","1uF","C_0603_1608Metric",262.450000,-111.275000,-90.000000,bottom
"C238","1uF","C_0603_1608Metric",266.450000,-111.275000,-90.000000,bottom
"C239","1uF","C_0603_1608Metric",270.450000,-111.275000,-90.000000,bottom
"C240","1uF","C_0603_1608Metric",274.450000,-111.275000,-90.000000,bottom
"C241","1uF","C_0603_1608Metric",278.450000,-111.275000,-90.000000,bottom
"C242","1uF","C_0603_1608Metric",282.450000,-111.275000,-90.000000,bottom
"C243","1uF","C_0603_1608Metric",286.450000,-111.275000,-90.000000,bottom
"C244","1uF","C_0603_1608Metric",290.450000,-111.275000,-90.000000,bottom
"C245","1uF","C_0603_1608Metric",294.450000,-111.275000,-90.000000,bottom
"C246","1uF","C_0603_1608Metric",298.450000,-111.275000,-90.000000,bottom
"C247","1uF","C_0603_1608Metric",302.450000,-111.275000,-90.000000,bottom
"C248","1uF","C_0603_1608Metric",306.450000,-111.275000,-90.000000,bottom
"C249","1uF","C_0603_1608Metric",310.450000,-111.275000,-90.000000,bottom
"C250","1uF","C_0603_1608Metric",314.450000,-111.275000,-90.000000,bottom
"C251","1uF","C_0603_1608Metric",318.450000,-111.275000,-90.000000,bottom
"C252","1uF","C_0603_1608Metric",322.450000,-111.275000,-90.000000,bottom
"C253","1uF","C_0603_1608Metric",326.450000,-111.275000,-90.000000,bottom
"C254","1uF","C_0603_1608Metric",330.450000,-111.275000,-90.000000,bottom
"C255","1uF","C_0603_1608Metric",334.450000,-111.275000,-90.000000,bottom
"C256","1uF","C_0603_1608Metric",338.450000,-111.275000,-90.000000,bottom
"C257","1uF","C_0603_1608Metric",342.450000,-111.275000,-90.000000,bottom
"C258","1uF","C_0603_1608Metric",346.450000,-111.275000,-90.000000,bottom
"C259","1uF","C_0603_1608Metric",350.450000,-111.275000,-90.000000,bottom
"C260","1uF","C_0603_1608Metric",354.450000,-111.275000,-90.000000,bottom
"C261","1uF","C_0603_1608Metric",358.450000,-111.275000,-90.000000,bottom
"C262","1uF","C_0603_1608Metric",362.450000,-111.275000,-90.000000,bottom
"C263","1uF","C_0603_1608Metric",366.450000,-111.275000,-90.000000,bottom
"C264","1uF","C_0603_1608Metric",370.450000,-111.275000,-90.000000,bottom
"C265","1uF","C_0603_1608Metric",374.450000,-111.275000,-90.000000,bottom
"C266","1uF","C_0603_1608Metric",378.450000,-111.275000,-90.000000,bottom
"C267","1uF","C_0603_1608Metric",382.450000,-111.275000,-90.000000,bottom
"C268","1uF","C_0603_1608Metric",386.450000,-111.275000,-90.000000,bottom
"C269","1uF","C_0603_1608Metric",390.450000,-111.275000,-90.000000,bottom
"C270","1uF","C_0603_1608Metric",394.450000,-111.275000,-90.000000,bottom
"C271","1uF","C_0603_1608Metric",398.450000,-111.275000,-90.000000,bottom
"C272","1uF","C_0603_1608Metric",402.450000,-111.275000,-90.000000,bottom
"C273","1uF","C_0603_1608Metric",406.450000,-111.275000,-90.000000,bottom
"C274","1uF","C_0603_1608Metric",410.450000,-111.275000,-90.000000,bottom
"C275","1uF","C_0603_1608Metric",414.450000,-111.275000,-90.000000,bottom
"C276","1uF","C_0603_1608Metric",418.450000,-111.275000,-90.000000,bottom
"C277","1uF","C_0603_1608Metric",422.450000,-111.275000,-90.000000,bottom
"C278","1uF","C_0603_1608Metric",426.450000,-111.275000,-90.000000,bottom
"C279","1uF","C_0603_1608Metric",430.450000,-111.275000,-90.000000,bottom
"C280","1uF","C_0603_1608Metric",434.450000,-111.275000,-90.000000,bottom
"C281","1uF","C_0603_1608Metric",158.450000,-115.275000,-90.000000,bottom
"C282","1uF","C_0603_1608Metric",162.450000,-115.275000,-90.000000,bottom
"C283","1uF","C_0603_1608Metric",166.450000,-115.275000,-90.000000,bottom
"C284","1uF","C_0603_1608Metric",170.450000,-115.275000,-90.000000,bottom
"C285","1uF","C_0603_1608Metric",174.450000,-115.275000,-90.000000,bottom
"C286","1uF","C_0603_1608Metric",178.450000,-115.275000,-90.000000,bottom
"C287","1uF","C_0603_1608Metric",182.450000,-115.275000,-90.000000,bottom
"C288","1uF","C_0603_1608Metric",186.450000,-115.275000,-90.000000,bottom
"C289","1uF","C_0603_1608Metric",190.450000,-115.275000,-90.000000,bottom
"C290","1uF","C_0603_1608Metric",194.450000,-115.275000,-90.000000,bottom
"C291","1uF","C_0603_1608Metric",198.450000,-115.275000,-90.000000,bottom
"C292","1uF","C_0603_1608Metric",202.450000,-115.275000,-90.000000,bottom
"C293","1uF","C_0603_1608Metric",206.450000,-115.275000,-90.000000,bottom
"C294","1uF","C_0603_1608Metric",210.450000,-115.275000,-90.000000,bottom
"C295","1uF","C_0603_1608Metric",214.450000,-115.275000,-90.000000,bottom
"C296","1uF","C_0603_1608Metric",218.450000,-115.275000,-90.000000,bottom
"C297","1uF","C_0603_1608Metric",222.450000,-115.275000,-90.000000,bottom
"C298","1uF","C_0603_1608Metric",226.450000,-115.275000,-90.000000,bottom
"C299","1uF","C_0603_1608Metric",230.450000,-115.275000,-90.000000,bottom
"C300","1uF","C_0603_1608Metric",234.450000,-115.275000,-90.000000,bottom
"C301","1uF","C_0603_1608Metric",238.450000,-115.275000,-90.000000,bottom
"C302","1uF","C_0603_1608Metric",242.450000,-115.275000,-90.000000,bottom
"C303","1uF","C_0603_1608Metric",246.450000,-115.275000,-90.000000,bottom
"C304","1uF","C_0603_1608Metric",250.450000,-115.275000,-90.000000,bottom
"C305","1uF","C_0603_1608Metric",254.450000,-115.275000,-90.000000,bottom
"C306","1uF","C_0603_1608Metric",258.450000,-115.275000,-90.000000,bottom
"C307","1uF","C_0603_1608Metric",262.450000,-115.275000,-90.000000,bottom
"C308","1uF","C_0603_1608Metric",266.450000,-115.275000,-90.000000,bottom
"C309","1uF","C_0603_1608Metric",270.450000,-115.275000,-90.000000,bottom
"C310","1uF","C_0603_1608Metric",274.450000,-115.275000,-90.000000,bottom
"C311","1uF","C_0603_1608Metric",278.450000,-115.275000,-90.000000,bottom
"C312","1uF","C_0603_1608Metric",282.450000,-115.275000,-90.000000,bottom
"C313","1uF","C_0603_1608Metric",286.450000,-115.275000,-90.000000,bottom
"C314","1uF","C_0603_1608Metric",290.450000,-115.275000,-90.000000,bottom
"C315","1uF","C_0603_1608Metric",294.450000,-115.275000,-90.000000,bottom
"C316","1uF","C_0603_1608Metric",298.450000,-115.275000,-90.000000,bottom
"C317","1uF","C_0603_1608Metric",302.450000,-115.275000,-90.000000,bottom
"C318","1uF","C_0603_1608Metric",306.450000,-115.275000,-90.000000,bottom
"C319","1uF","C_0603_1608Metric",310.450000,-115.275000,-90.000000,bottom
"C320","1uF","C_0603_1608Metric",314.450000,-115.275000,-90.000000,bottom
"C321","1uF","C_0603_1608Metric",318.450000,-115.275000,-90.000000,bottom
"C322","1uF","C_0603_1608Metric",322.450000,-115.275000,-90.000000,bottom
"C323","1uF","C_0603_1608Metric",326.450000,-115.275000,-90.000000,bottom
"C324","1uF","C_0603_1608Metric",330.450000,-115.275000,-90.000000,bottom
"C325","1uF","C_0603_1608Metric",334.450000,-115.275000,-90.000000,bottom
"C326","1uF","C_0603_1608Metric",338.450000,-115.275000,-90.000000,bottom
"C327","1uF","C_0603_1608Metric",342.450000,-115.275000,-90.000000,bottom
"C328","1uF","C_0603_1608Metric",346.450000,-115.275000,-90.000000,bottom
"C329","1uF","C_0603_1608Metric",350.450000,-115.275000,-90.000000,bottom
"C330","1uF","C_0603_1608Metric",354.450000,-115.275000,-90.000000,bottom
"C331","1uF","C_0603_1608Metric",358.450000,-115.275000,-90.000000,bottom
"C332","1uF","C_0603_1608Metric",362.450000,-115.275000,-90.000000,bottom
"C333","1uF","C_0603_1608Metric",366.450000,-115.275000,-90.000000,bottom
"C334","1uF","C_0603_1608Metric",370.450000,-115.275000,-90.000000,bottom
"C335","1uF","C_0603_1608Metric",374.450000,-115.275000,-90.000000,bottom
"C336","1uF","C_0603_1608Metric",378.450000,-115.275000,-90.000000,bottom
"C337","1uF","C_0603_1608Metric",382.450000,-115.275000,-90.000000,bottom
"C338","1uF","C_0603_1608Metric",386.450000,-115.275000,-90.000000,bottom
"C339","1uF","C_0603_1608Metric",390.450000,-115.275000,-90.000000,bottom
"C340","1uF","C_0603_1608Metric",394.450000,-115.275000,-90.000000,bottom
"C341","1uF","C_0603_1608Metric",398.450000,-115.275000,-90.000000,bottom
"C342","1uF","C_0603_1608Metric",402.450000,-115.275000,-90.000000,bottom
"C343","1uF","C_0603_1608Metric",406.450000,-115.275000,-90.000000,bottom
"C344","1uF","C_0603_1608Metric",410.450000,-115.275000,-90.000000,bottom
"C345","1uF","C_0603_1608Metric",414.450000,-115.275000,-90.000000,bottom
"C346","1uF","C_0603_1608Metric",418.450000,-115.275000,-90.000000,bottom
"C347","1uF","C_0603_1608Metric",422.450000,-115.275000,-90.000000,bottom
"C348","1uF","C_0603_1608Metric",426.450000,-115.275000,-90.000000,bottom
"C349","1uF","C_0603_1608Metric",430.450000,-115.275000,-90.000000,bottom
"C350","1uF","C_0603_1608Metric",434.450000,-115.275000,-90.000000,bottom
"C351","1uF","C_0603_1608Metric",158.450000,-119.275000,-90.000000,bottom
"C352","1uF","C_0603_1608Metric",162.450000,-119.275000,-90.000000,bottom
"C353","1uF","C_0603_1608Metric",166.450000,-119.275000,-90.000000,bottom
"C354","1uF","C_0603_1608Metric",170.450000,-119.275000,-90.000000,bottom
"C355","1uF","C_0603_1608Metric",174.450000,-119.275000,-90.000000,bottom
"C356","1uF","C_0603_1608Metric",178.450000,-119.275000,-90.000000,bottom
"C357","1uF","C_0603_1608Metric",182.450000,-119.275000,-90.000000,bottom
"C358","1uF","C_0603_1608Metric",186.450000,-119.275000,-90.000000,bottom
"C359","1uF","C_0603_1608Metric",190.450000,-119.275000,-90.000000,bottom
"C360","1uF","C_0603_1608Metric",194.450000,-119.275000,-90.000000,bottom
"C361","1uF","C_0603_1608Metric",198.450000,-119.275000,-90.000000,bottom
"C362","1uF","C_0603_1608Metric",202.450000,-119.275000,-90.000000,bottom
"C363","1uF","C_0603_1608Metric",206.450000,-119.275000,-90.000000,bottom
"C364","1uF","C_0603_1608Metric",210.450000,-119.275000,-90.000000,bottom
"C365","1uF","C_0603_1608Metric",214.450000,-119.275000,-90.000000,bottom
"C366","1uF","C_0603_1608Metric",218.450000,-119.275000,-90.000000,bottom
"C367","1uF","C_0603_1608Metric",222.450000,-119.275000,-90.000000,bottom
"C368","1uF","C_0603_1608Metric",226.450000,-119.275000,-90.000000,bottom
"C369","1uF","C_0603_1608Metric",230.450000,-119.275000,-90.000000,bottom
"C370","1uF","C_0603_1608Metric",234.450000,-119.275000,-90.000000,bottom
"C371","1uF","C_0603_1608Metric",238.450000,-119.275000,-90.000000,bottom
"C372","1uF","C_0603_1608Metric",242.450000,-119.275000,-90.000000,bottom
"C373","1uF","C_0603_1608Metric",246.450000,-119.275000,-90.000000,bottom
"C374","1uF","C_0603_1608Metric",250.450000,-119.275000,-90.000000,bottom
"C375","1uF","C_0603_1608Metric",254.450000,-119.275000,-90.000000,bottom
"C376","1uF","C_0603_1608Metric",258.450000,-119.275000,-90.000000,bottom
"C377","1uF","C_0603_1608Metric",262.450000,-119.275000,-90.000000,bottom
"C378","1uF","C_0603_1608Metric",266.450000,-119.275000,-90.000000,bottom
"C379","1uF","C_0603_1608Metric",270.450000,-119.275000,-90.000000,bottom
"C380","1uF","C_0603_1608Metric",274.450000,-119.275000,-90.000000,bottom
"C381","1uF","C_0603_1608Metric",278.450000,-119.275000,-90.000000,bottom
"C382","1uF","C_0603_1608Metric",282.450000,-119.275000,-90.000000,bottom
"C383","1uF","C_0603_1608Metric",286.450000,-119.275000,-90.000000,bottom
"C384","1uF","C_0603_1608Metric",290.450000,-119.275000,-90.000000,bottom
"C385","1uF","C_0603_1608Metric",294.450000,-119.275000,-90.000000,bottom
"C386","1uF","C_0603_1608Metric",298.450000,-119.275000,-90.000000,bottom
"C387","1uF","C_0603_1608Metric",302.450000,-119.275000,-90.000000,bottom
"C388","1uF","C_0603_1608Metric",306.450000,-119.275000,-90.000000,bottom
"C389","1uF","C_0603_1608Metric",310.450000,-119.275000,-90.000000,bottom
"C390","1uF","C_0603_1608Metric",314.450000,-119.275000,-90.000000,bottom
"C391","1uF","C_0603_1608Metric",318.450000,-119.275000,-90.000000,bottom
"C392","1uF","C_0603_1608Metric",322.450000,-119.275000,-90.000000,bottom
"C393","1uF","C_0603_1608Metric",326.450000,-119.275000,-90.000000,bottom
"C394","1uF","C_0603_1608Metric",330.450000,-119.275000,-90.000000,bottom
"C395","1uF","C_0603_1608Metric",334.450000,-119.275000,-90.000000,bottom
"C396","1uF","C_0603_1608Metric",338.450000,-119.275000,-90.000000,bottom
"C397","1uF","C_0603_1608Metric",342.450000,-119.275000,-90.000000,bottom
"C398","1uF","C_0603_1608Metric",346.450000,-119.275000,-90.000000,bottom
"C399","1uF","C_0603_1608Metric",350.450000,-119.275000,-90.000000,bottom
"C400","1uF","C_0603_1608Metric",354.450000,-119.275000,-90.000000,bottom
"C401","1uF","C_0603_1608Metric",358.450000,-119.275000,-90.000000,bottom
"C402","1uF","C_0603_1608Metric",362.450000,-119.275000,-90.000000,bottom
"C403","1uF","C_0603_1608Metric",366.450000,-119.275000,-90.000000,bottom
"C404","1uF","C_0603_1608Metric",370.450000,-119.275000,-90.000000,bottom
"C405","1uF","C_0603_1608Metric",374.450000,-119.275000,-90.000000,bottom
"C406","1uF","C_0603_1608Metric",378.450000,-119.275000,-90.000000,bottom
"C407","1uF","C_0603_1608Metric",382.450000,-119.275000,-90.000000,bottom
"C408","1uF","C_0603_1608Metric",386.450000,-119.275000,-90.000000,bottom
"C409","1uF","C_0603_1608Metric",390.450000,-119.275000,-90.000000,bottom
"C410","1uF","C_0603_1608Metric",394.450000,-119.275000,-90.000000,bottom
"C411","1uF","C_0603_1608Metric",398.450000,-119.275000,-90.000000,bottom
"C412","1uF","C_0603_1608Metric",402.450000,-119.275000,-90.000000,bottom
"C413","1uF","C_0603_1608Metric",406.450000,-119.275000,-90.000000,bottom
"C414","1uF","C_0603_1608Metric",410.450000,-119.275000,-90.000000,bottom
"C415","1uF","C_0603_1608Metric",414.450000,-119.275000,-90.000000,bottom
"C416","1uF","C_0603_1608Metric",418.450000,-119.275000,-90.000000,bottom
"C417","1uF","C_0603_1608Metric",422.450000,-119.275000,-90.000000,bottom
"C418","1uF","C_0603_1608Metric",426.450000,-119.275000,-90.000000,bottom
"C419","1uF","C_0603_1608Metric",430.450000,-119.275000,-90.000000,bottom
"C420","1uF","C_0603_1608Metric",434.450000,-119.275000,-90.000000,bottom
"C421","1uF","C_0603_1608Metric",158.450000,-123.275000,-90.000000,bottom
"C422","1uF","C_0603_1608Metric",162.450000,-123.275000,-90.000000,bottom
"C423","1uF","C_0603_1608Metric",166.450000,-123.275000,-90.000000,bottom
"C424","1uF","C_0603_1608Metric",170.450000,-123.275000,-90.000000,bottom
"C425","1uF","C_0603_1608Metric",174.450000,-123.275000,-90.000000,bottom
"C426","1uF","C_0603_1608Metric",178.450000,-123.275000,-90.000000,bottom
"C427","1uF","C_0603_1608Metric",182.450000,-123.275000,-90.000000,bottom
"C428","1uF","C_0603_1608Metric",186.450000,-123.275000,-90.000000,bottom
"C429","1uF","C_0603_1608Metric",190.450000,-123.275000,-90.000000,bottom
"C430","1uF","C_0603_1608Metric",194.450000,-123.275000,-90.000000,bottom
"C431","1uF","C_0603_1608Metric",198.450000,-123.275000,-90.000000,bottom
"C432","1uF","C_0603_1608Metric",202.450000,-123.275000,-90.000000,bottom
"C433","1uF","C_0603_1608Metric",206.450000,-123.275000,-90.000000,bottom
"C434","1uF","C_0603_1608Metric",210.450000,-123.275000,-90.000000,bottom
"C435","1uF","C_0603_1608Metric",214.450000,-123.275000,-90.000000,bottom
"C436","1uF","C_0603_1608Metric",218.450000,-123.275000,-90.000000,bottom
"C437","1uF","C_0603_1608Metric",222.450000,-123.275000,-90.000000,bottom
"C438","1uF","C_0603_1608Metric",226.450000,-123.275000,-90.000000,bottom
"C439","1uF","C_0603_1608Metric",230.450000,-123.275000,-90.000000,bottom
"C440","1uF","C_0603_1608Metric",234.450000,-123.275000,-90.000000,bottom
"C441","1uF","C_0603_1608Metric",238.450000,-123.275000,-90.000000,bottom
"C442","1uF","C_0603_1608Metric",242.450000,-123.275000,-90.000000,bottom
"C443","1uF","C_0603_1608Metric",246.450000,-123.275000,-90.000000,bottom
"C444","1uF","C_0603_1608Metric",250.450000,-123.275000,-90.000000,bottom
"C445","1uF","C_0603_1608Metric",254.450000,-123.275000,-90.000000,bottom
"C446","1uF","C_0603_1608Metric",258.450000,-123.275000,-90.000000,bottom
"C447","1uF","C_0603_1608Metric",262.450000,-123.275000,-90.000000,bottom
"C448","1uF","C_0603_1608Metric",266.450000,-123.275000,-90.000000,bottom
"C449","1uF","C_0603_1608Metric",270.450000,-123.275000,-90.000000,bottom
"C450","1uF","C_0603_1608Metric",274.450000,-123.275000,-90.000000,bottom
"C451","1uF","C_0603_1608Metric",278.450000,-123.275000,-90.000000,bottom
"C452","1uF","C_0603_1608Metric",282.450000,-123.275000,-90.000000,bottom
"C453","1uF","C_0603_1608Metric",286.450000,-123.275000,-90.000000,bottom
"C454","1uF","C_0603_1608Metric",290.450000,-123.275000,-90.000000,bottom
"C455","1uF","C_0603_1608Metric",294.450000,-123.275000,-90.000000,bottom
"C456","1uF","C_0603_1608Metric",298.450000,-123.275000,-90.000000,bottom
"C457","1uF","C_0603_1608Metric",302.450000,-123.275000,-90.000000,bottom
"C458","1uF","C_0603_1608Metric",306.450000,-123.275000,-90.000000,bottom
"C459","1uF","C_0603_1608Metric",310.450000,-123.275000,-90.000000,bottom
"C460","1uF","C_0603_1608Metric",314.450000,-123.275000,-90.000000,bottom
"C461","1uF","C_0603_1608Metric",318.450000,-123.275000,-90.000000,bottom
"C462","1uF","C_0603_1608Metric",322.450000,-123.275000,-90.000000,bottom
"C463","1uF","C_0603_1608Metric",326.450000,-123.275000,-90.000000,bottom
"C464","1uF","C_0603_1608Metric",330.450000,-123.275000,-90.000000,bottom
"C465","1uF","C_0603_1608Metric",334.450000,-123.275000,-90.000000,bottom
"C466","1uF","C_0603_1608Metric",338.450000,-123.275000,-90.000000,bottom
"C467","1uF","C_0603_1608Metric",342.450000,-123.275000,-90.000000,bottom
"C468","1uF","C_0603_1608Metric",346.450000,-123.275000,-90.000000,bottom
"C469","1uF","C_0603_1608Metric",350.450000,-123.275000,-90.000000,bottom
"C470","1uF","C_0603_1608Metric",354.450000,-123.275000,-90.000000,bottom
"C471","1uF","C_0603_1608Metric",358.450000,-123.275000,-90.000000,bottom
"C472","1uF","C_0603_1608Metric",362.450000,-123.275000,-90.000000,bottom
"C473","1uF","C_0603_1608Metric",366.450000,-123.275000,-90.000000,bottom
"C474","1uF","C_0603_1608Metric",370.450000,-123.275000,-90.000000,bottom
"C475","1uF","C_0603_1608Metric",374.450000,-123.275000,-90.000000,bottom
"C476","1uF","C_0603_1608Metric",378.450000,-123.275000,-90.000000,bottom
"C477","1uF","C_0603_1608Metric",382.450000,-123.275000,-90.000000,bottom
"C478","1uF","C_0603_1608Metric",386.450000,-123.275000,-90.000000,bottom
"C479","1uF","C_0603_1608Metric",390.450000,-123.275000,-90.000000,bottom
"C480","1uF","C_0603_1608Metric",394.450000,-123.275000,-90.000000,bottom
"C481","1uF","C_0603_1608Metric",398.450000,-123.275000,-90.000000,bottom
"C482","1uF","C_0603_1608Metric",402.450000,-123.275000,-90.000000,bottom
"C483","1uF","C_0603_1608Metric",406.450000,-123.275000,-90.000000,bottom
"C484","1uF","C_0603_1608Metric",410.450000,-123.275000,-90.000000,bottom
"C485","1uF","C_0603_1608Metric",414.450000,-123.275000,-90.000000,bottom
"C486","1uF","C_0603_1608Metric",418.450000,-123.275000,-90.000000,bottom
"C487","1uF","C_0603_1608Metric",422.450000,-123.275000,-90.000000,bottom
"C488","1uF","C_0603_1608Metric",426.450000,-123.275000,-90.000000,bottom
"C489","1uF","C_0603_1608Metric",430.450000,-123.275000,-90.000000,bottom
"C490","1uF","C_0603_1608Metric",434.450000,-123.275000,-90.000000,bottom
"C491","1uF","C_0603_1608Metric",158.450000,-127.275000,-90.000000,bottom
"C492","1uF","C_0603_1608Metric",162.450000,-127.275000,-90.000000,bottom
"C493","1uF","C_0603_1608Metric",166.450000,-127.275000,-90.000000,bottom
"C494","1uF","C_0603_1608Metric",170.450000,-127.275000,-90.000000,bottom
"C495","1uF","C_0603_1608Metric",174.450000,-127.275000,-90.000000,bottom
"C496","1uF","C_0603_1608Metric",178.450000,-127.275000,-90.000000,bottom
"C497","1uF","C_0603_1608Metric",182.450000,-127.275000,-90.000000,bottom
"C498","1uF","C_0603_1608Metric",186.450000,-127.275000,-90.000000,bottom
"C499","1uF","C_0603_1608Metric",190.450000,-127.275000,-90.000000,bottom
"C500","1uF","C_0603_1608Metric",194.450000,-127.275000,-90.000000,bottom
"C501","1uF","C_0603_1608Metric",198.450000,-127.275000,-90.000000,bottom
"C502","1uF","C_0603_1608Metric",202.450000,-127.275000,-90.000000,bottom
"C503","1uF","C_0603_1608Metric",206.450000,-127.275000,-90.000000,bottom
"C504","1uF","C_0603_1608Metric",210.450000,-127.275000,-90.000000,bottom
"C505","1uF","C_0603_1608Metric",214.450000,-127.275000,-90.000000,bottom
"C506","1uF","C_0603_1608Metric",218.450000,-127.275000,-90.000000,bottom
"C507","1uF","C_0603_1608Metric",222.450000,-127.275000,-90.000000,bottom
"C508","1uF","C_0603_1608Metric",226.450000,-127.275000,-90.000000,bottom
"C509","1uF","C_0603_1608Metric",230.450000,-127.275000,-90.000000,bottom
"C510","1uF","C_0603_1608Metric",234.450000,-127.275000,-90.000000,bottom
"C511","1uF","C_0603_1608Metric",238.450000,-127.275000,-90.000000,bottom
"C512","1uF","C_0603_1608Metric",242.450000,-127.275000,-90.000000,bottom
"C513","1uF","C_0603_1608Metric",246.450000,-127.275000,-90.000000,bottom
"C514","1uF","C_0603_1608Metric",250.450000,-127.275000,-90.000000,bottom
"C515","1uF","C_0603_1608Metric",254.450000,-127.275000,-90.000000,bottom
"C516","1uF","C_0603_1608Metric",258.450000,-127.275000,-90.000000,bottom
"C517","1uF","C_0603_1608Metric",262.450000,-127.275000,-90.000000,bottom
"C518","1uF","C_0603_1608Metric",266.450000,-127.275000,-90.000000,bottom
"C519","1uF","C_0603_1608Metric",270.450000,-127.275000,-90.000000,bottom
"C520","1uF","C_0603_1608Metric",274.450000,-127.275000,-90.000000,bottom
"C521","1uF","C_0603_1608Metric",278.450000,-127.275000,-90.000000,bottom
"C522","1uF","C_0603_1608Metric",282.450000,-127.275000,-90.000000,bottom
"C523","1uF","C_0603_1608Metric",286.450000,-127.275000,-90.000000,bottom
"C524","1uF","C_0603_1608Metric",290.450000,-127.275000,-90.000000,bottom
"C525","1uF","C_0603_1608Metric",294.450000,-127.275000,-90.000000,bottom
"C526","1uF","C_0603_1608Metric",298.450000,-127.275000,-90.000000,bottom
"C527","1uF","C_0603_1608Metric",302.450000,-127.275000,-90.000000,bottom
"C528","1uF","C_0603_1608Metric",306.450000,-127.275000,-90.000000,bottom
"C529","1uF","C_0603_1608Metric",310.450000,-127.275000,-90.000000,bottom
"C530","1uF","C_0603_1608Metric",314.450000,-127.275000,-90.000000,bottom
"C531","1uF","C_0603_1608Metric",318.450000,-127.275000,-90.000000,bottom
"C532","1uF","C_0603_1608Metric",322.450000,-127.275000,-90.000000,bottom
"C533","1uF","C_0603_1608Metric",326.450000,-127.275000,-90.000000,bottom
"C534","1uF","C_0603_1608Metric",330.450000,-127.275000,-90.000000,bottom
"C535","1uF","C_0603_1608Metric",334.450000,-127.275000,-90.000000,bottom
"C536","1uF","C_0603_1608Metric",338.450000,-127.275000,-90.000000,bottom
"C537","1uF","C_0603_1608Metric",342.450000,-127.275000,-90.000000,bottom
"C538","1uF","C_0603_1608Metric",346.450000,-127.275000,-90.000000,bottom
"C539","1uF","C_0603_1608Metric",350.450000,-127.275000,-90.000000,bottom
"C540","1uF","C_0603_1608Metric",354.450000,-127.275000,-90.000000,bottom
"C541","1uF","C_0603_1608Metric",358.450000,-127.275000,-90.000000,bottom
"C542","1uF","C_0603_1608Metric",362.450000,-127.275000,-90.000000,bottom
"C543","1uF","C_0603_1608Metric",366.450000,-127.275000,-90.000000,bottom
"C544","1uF","C_0603_1608Metric",370.450000,-127.275000,-90.000000,bottom
"C545","1uF","C_0603_1608Metric",374.450000,-127.275000,-90.000000,bottom
"C546","1uF","C_0603_1608Metric",378.450000,-127.275000,-90.000000,bottom
"C547","1uF","C_0603_1608Metric",382.450000,-127.275000,-90.000000,bottom
"C548","1uF","C_0603_1608Metric",386.450000,-127.275000,-90.000000,bottom
"C549","1uF","C_0603_1608Metric",390.450000,-127.275000,-90.000000,bottom
"C550","1uF","C_0603_1608Metric",394.450000,-127.275000,-90.000000,bottom
"C551","1uF","C_0603_1608Metric",398.450000,-127.275000,-90.000000,bottom
"C552","1uF","C_0603_1608Metric",402.450000,-127.275000,-90.000000,bottom
"C553","1uF","C_0603_1608Metric",406.450000,-127.275000,-90.000000,bottom
"C554","1uF","C_0603_1608Metric",410.450000,-127.275000,-90.000000,bottom
"C555","1uF","C_0603_1608Metric",414.450000,-127.275000,-90.000000,bottom
"C556","1uF","C_0603_1608Metric",418.450000,-127.275000,-90.000000,bottom
"C557","1uF","C_0603_1608Metric",422.450000,-127.275000,-90.000000,bottom
"C558","1uF","C_0603_1608Metric",426.450000,-127.275000,-90.000000,bottom
"C559","1uF","C_0603_1608Metric",430.450000,-127.275000,-90.000000,bottom
"C560","1uF","C_0603_1608Metric",434.450000,-127.275000,-90.000000,bottom
"C561","1uF","C_0603_1608Metric",158.450000,-131.275000,-90.000000,bottom
"C562","1uF","C_0603_1608Metric",162.450000,-131.275000,-90.000000,bottom
"C563","1uF","C_0603_1608Metric",166.450000,-131.275000,-90.000000,bottom
"C564","1uF","C_0603_1608Metric",170.450000,-131.275000,-90.000000,bottom
"C565","1uF","C_0603_1608Metric",174.450000,-131.275000,-90.000000,bottom
"C566","1uF","C_0603_1608Metric",178.450000,-131.275000,-90.000000,bottom
"C567","1uF","C_0603_1608Metric",182.450000,-131.275000,-90.000000,bottom
"C568","1uF","C_0603_1608Metric",186.450000,-131.275000,-90.000000,bottom
"C569","1uF","C_0603_1608Metric",190.450000,-131.275000,-90.000000,bottom
"C570","1uF","C_0603_1608Metric",194.450000,-131.275000,-90.000000,bottom
"C571","1uF","C_0603_1608Metric",198.450000,-131.275000,-90.000000,bottom
"C572","1uF","C_0603_1608Metric",202.450000,-131.275000,-90.000000,bottom
"C573","1uF","C_0603_1608Metric",206.450000,-131.275000,-90.000000,bottom
"C574","1uF","C_0603_1608Metric",210.450000,-131.275000,-90.000000,bottom
"C575","1uF","C_0603_1608Metric",214.450000,-131.275000,-90.000000,bottom
"C576","1uF","C_0603_1608Metric",218.450000,-131.275000,-90.000000,bottom
"C577","1uF","C_0603_1608Metric",222.450000,-131.275000,-90.000000,bottom
"C578","1uF","C_0603_1608Metric",226.450000,-131.275000,-90.000000,bottom
"C579","1uF","C_0603_1608Metric",230.450000,-131.275000,-90.000000,bottom
"C580","1uF","C_0603_1608Metric",234.450000,-131.275000,-90.000000,bottom
"C581","1uF","C_0603_1608Metric",238.450000,-131.275000,-90.000000,bottom
"C582","1uF","C_0603_1608Metric",242.450000,-131.275000,-90.000000,bottom
"C583","1uF","C_0603_1608Metric",246.450000,-131.275000,-90.000000,bottom
"C584","1uF","C_0603_1608Metric",250.450000,-131.275000,-90.000000,bottom
"C585","1uF","C_0603_1608Metric",254.450000,-131.275000,-90.000000,bottom
"C586","1uF","C_0603_1608Metric",258.450000,-131.275000,-90.000000,bottom
"C587","1uF","C_0603_1608Metric",262.450000,-131.275000,-90.000000,bottom
"C588","1uF","C_0603_1608Metric",266.450000,-131.275000,-90.000000,bottom
"C589","1uF","C_0603_1608Metric",270.450000,-131.275000,-90.000000,bottom
"C590","1uF","C_0603_1608Metric",274.450000,-131.275000,-90.000000,bottom
"C591","1uF","C_0603_1608Metric",278.450000,-131.275000,-90.000000,bottom
"C592","1uF","C_0603_1608Metric",282.450000,-131.275000,-90.000000,bottom
"C593","1uF","C_0603_1608Metric",286.450000,-131.275000,-90.000000,bottom
"C594","1uF","C_0603_1608Metric",290.450000,-131.275000,-90.000000,bottom
"C595","1uF","C_0603_1608Metric",294.450000,-131.275000,-90.000000,bottom
"C596","1uF","C_0603_1608Metric",298.450000,-131.275000,-90.000000,bottom
"C597","1uF","C_0603_1608Metric",302.450000,-131.275000,-90.000000,bottom
"C598","1uF","C_0603_1608Metric",306.450000,-131.275000,-90.000000,bottom
"C599","1uF","C_0603_1608Metric",310.450000,-131.275000,-90.000000,bottom
"C600","1uF","C_0603_1608Metric",314.450000,-131.275000,-90.000000,bottom
"C601","1uF","C_0603_1608Metric",318.450000,-131.275000,-90.000000,bottom
"C602","1uF","C_0603_1608Metric",322.450000,-131.275000,-90.000000,bottom
"C603","1uF","C_0603_1608Metric",326.450000,-131.275000,-90.000000,bottom
"C604","1uF","C_0603_1608Metric",330.450000,-131.275000,-90.000000,bottom
"C605","1uF","C_0603_1608Metric",334.450000,-131.275000,-90.000000,bottom
"C606","1uF","C_0603_1608Metric",338.450000,-131.275000,-90.000000,bottom
"C607","1uF","C_0603_1608Metric",342.450000,-131.275000,-90.000000,bottom
"C608","1uF","C_0603_1608Metric",346.450000,-131.275000,-90.000000,bottom
"C609","1uF","C_0603_1608Metric",350.450000,-131.275000,-90.000000,bottom
"C610","1uF","C_0603_1608Metric",354.450000,-131.275000,-90.000000,bottom
"C611","1uF","C_0603_1608Metric",358.450000,-131.275000,-90.000000,bottom
"C612","1uF","C_0603_1608Metric",362.450000,-131.275000,-90.000000,bottom
"C613","1uF","C_0603_1608Metric",366.450000,-131.275000,-90.000000,bottom
"C614","1uF","C_0603_1608Metric",370.450000,-131.275000,-90.000000,bottom
"C615","1uF","C_0603_1608Metric",374.450000,-131.275000,-90.000000,bottom
"C616","1uF","C_0603_1608Metric",378.450000,-131.275000,-90.000000,bottom
"C617","1uF","C_0603_1608Metric",382.450000,-131.275000,-90.000000,bottom
"C618","1uF","C_0603_1608Metric",386.450000,-131.275000,-90.000000,bottom
"C619","1uF","C_0603_1608Metric",390.450000,-131.275000,-90.000000,bottom
"C620","1uF","C_0603_1608Metric",394.450000,-131.275000,-90.000000,bottom
"C621","1uF","C_0603_1608Metric",398.450000,-131.275000,-90.000000,bottom
"C622","1uF","C_0603_1608Metric",402.450000,-131.275000,-90.000000,bottom
"C623","1uF","C_0603_1608Metric",406.450000,-131.275000,-90.000000,bottom
"C624","1uF","C_0603_1608Metric",410.450000,-131.275000,-90.000000,bottom
"C625","1uF","C_0603_1608Metric",414.450000,-131.275000,-90.000000,bottom
"C626","1uF","C_0603_1608Metric",418.450000,-131.275000,-90.000000,bottom
"C627","1uF","C_0603_1608Metric",422.450000,-131.275000,-90.000000,bottom
"C628","1uF","C_0603_1608Metric",426.450000,-131.275000,-90.000000,bottom
"C629","1uF","C_0603_1608Metric",430.450000,-131.275000,-90.000000,bottom
"C630","1uF","C_0603_1608Metric",434.450000,-131.275000,-90.000000,bottom
"C631","1uF","C_0603_1608Metric",158.450000,-135.275000,-90.000000,bottom
"C632","1uF","C_0603_1608Metric",162.450000,-135.275000,-90.000000,bottom
"C633","1uF","C_0603_1608Metric",166.450000,-135.275000,-90.000000,bottom
"C634","1uF","C_0603_1608Metric",170.450000,-135.275000,-90.000000,bottom
"C635","1uF","C_0603_1608Metric",174.450000,-135.275000,-90.000000,bottom
"C636","1uF","C_0603_1608Metric",178.450000,-135.275000,-90.000000,bottom
"C637","1uF","C_0603_1608Metric",182.450000,-135.275000,-90.000000,bottom
"C638","1uF","C_0603_1608Metric",186.450000,-135.275000,-90.000000,bottom
"C639","1uF","C_0603_1608Metric",190.450000,-135.275000,-90.000000,bottom
"C640","1uF","C_0603_1608Metric",194.450000,-135.275000,-90.000000,bottom
"C641","1uF","C_0603_1608Metric",198.450000,-135.275000,-90.000000,bottom
"C642","1uF","C_0603_1608Metric",202.450000,-135.275000,-90.000000,bottom
"C643","1uF","C_0603_1608Metric",206.450000,-135.275000,-90.000000,bottom
"C644","1uF","C_0603_1608Metric",210.450000,-135.275000,-90.000000,bottom
"C645","1uF","C_0603_1608Metric",214.450000,-135.275000,-90.000000,bottom
"C646","1uF","C_0603_1608Metric",218.450000,-135.275000,-90.000000,bottom
"C647","1uF","C_0603_1608Metric",222.450000,-135.275000,-90.000000,bottom
"C648","1uF","C_0603_1608Metric",226.450000,-135.275000,-90.000000,bottom
"C649","1uF","C_0603_1608Metric",230.450000,-135.275000,-90.000000,bottom
"C650","1uF","C_0603_1608Metric",234.450000,-135.275000,-90.000000,bottom
"C651","1uF","C_0603_1608Metric",238.450000,-135.275000,-90.000000,bottom
"C652","1uF","C_0603_1608Metric",242.450000,-135.275000,-90.000000,bottom
"C653","1uF","C_0603_1608Metric",246.450000,-135.275000,-90.000000,bottom
"C654","1uF","C_0603_1608Metric",250.450000,-135.275000,-90.000000,bottom
"C655","1uF","C_0603_1608Metric",254.450000,-135.275000,-90.000000,bottom
"C656","1uF","C_0603_1608Metric",258.450000,-135.275000,-90.000000,bottom
"C657","1uF","C_0603_1608Metric",262.450000,-135.275000,-90.000000,bottom
"C658","1uF","C_0603_1608Metric",266.450000,-135.275000,-90.000000,bottom
"C659","1uF","C_0603_1608Metric",270.450000,-135.275000,-90.000000,bottom
"C660","1uF","C_0603_1608Metric",274.450000,-135.275000,-90.000000,bottom
"C661","1uF","C_0603_1608Metric",278.450000,-135.275000,-90.000000,bottom
"C662","1uF","C_0603_1608Metric",282.450000,-135.275000,-90.000000,bottom
"C663","1uF","C_0603_1608Metric",286.450000,-135.275000,-90.000000,bottom
"C664","1uF","C_0603_1608Metric",290.450000,-135.275000,-90.000000,bottom
"C665","1uF","C_0603_1608Metric",294.450000,-135.275000,-90.000000,bottom
"C666","1uF","C_0603_1608Metric",298.450000,-135.275000,-90.000000,bottom
"C667","1uF","C_0603_1608Metric",302.450000,-135.275000,-90.000000,bottom
"C668","1uF","C_0603_1608Metric",306.450000,-135.275000,-90.000000,bottom
"C669","1uF","C_0603_1608Metric",310.450000,-135.275000,-90.000000,bottom
"C670","1uF","C_0603_1608Metric",314.450000,-135.275000,-90.000000,bottom
"C671","1uF","C_0603_1608Metric",318.450000,-135.275000,-90.000000,bottom
"C672","1uF","C_0603_1608Metric",322.450000,-135.275000,-90.000000,bottom
"C673","1uF","C_0603_1608Metric",326.450000,-135.275000,-90.000000,bottom
"C674","1uF","C_0603_1608Metric",330.450000,-135.275000,-90.000000,bottom
"C675","1uF","C_0603_1608Metric",334.450000,-135.275000,-90.000000,bottom
"C676","1uF","C_0603_1608Metric",338.450000,-135.275000,-90.000000,bottom
"C677","1uF","C_0603_1608Metric",342.450000,-135.275000,-90.000000,bottom
"C678","1uF","C_0603_1608Metric",346.450000,-135.275000,-90.000000,bottom
"C679","1uF","C_0603_1608Metric",350.450000,-135.275000,-90.000000,bottom
"C680","1uF","C_0603_1608Metric",354.450000,-135.275000,-90.000000,bottom
"C681","1uF","C_0603_1608Metric",358.450000,-135.275000,-90.000000,bottom
"C682","1uF","C_0603_1608Metric",362.450000,-135.275000,-90.000000,bottom
"C683","1uF","C_0603_1608Metric",366.450000,-135.275000,-90.000000,bottom
"C684","1uF","C_0603_1608Metric",370.450000,-135.275000,-90.000000,bottom
"C685","1uF","C_0603_1608Metric",374.450000,-135.275000,-90.000000,bottom
"C686","1uF","C_0603_1608Metric",378.450000,-135.275000,-90.000000,bottom
"C687","1uF","C_0603_1608Metric",382.450000,-135.275000,-90.000000,bottom
"C688","1uF","C_0603_1608Metric",386.450000,-135.275000,-90.000000,bottom
"C689","1uF","C_0603_1608Metric",390.450000,-135.275000,-90.000000,bottom
"C690","1uF","C_0603_1608Metric",394.450000,-135.275000,-90.000000,bottom
"C691","1uF","C_0603_1608Metric",398.450000,-135.275000,-90.000000,bottom
"C692","1uF","C_0603_1608Metric",402.450000,-135.275000,-90.000000,bottom
"C693","1uF","C_0603_1608Metric",406.450000,-135.275000,-90.000000,bottom
"C694","1uF","C_0603_1608Metric",410.450000,-135.275000,-90.000000,bottom
"C695","1uF","C_0603_1608Metric",414.450000,-135.275000,-90.000000,bottom
"C696","1uF","C_0603_1608Metric",418.450000,-135.275000,-90.000000,bottom
"C697","1uF","C_0603_1608Metric",422.450000,-135.275000,-90.000000,bottom
"C698","1uF","C_0603_1608Metric",426.450000,-135.275000,-90.000000,bottom
"C699","1uF","C_0603_1608Metric",430.450000,-135.275000,-90.000000,bottom
"C700","1uF","C_0603_1608Metric",434.450000,-135.275000,-90.000000,bottom
"C701","1uF","C_0603_1608Metric",158.450000,-139.275000,-90.000000,bottom
"C702","1uF","C_0603_1608Metric",162.450000,-139.275000,-90.000000,bottom
"C703","1uF","C_0603_1608Metric",166.450000,-139.275000,-90.000000,bottom
"C704","1uF","C_0603_1608Metric",170.450000,-139.275000,-90.000000,bottom
"C705","1uF","C_0603_1608Metric",174.450000,-139.275000,-90.000000,bottom
"C706","1uF","C_0603_1608Metric",178.450000,-139.275000,-90.000000,bottom
"C707","1uF","C_0603_1608Metric",182.450000,-139.275000,-90.000000,bottom
"C708","1uF","C_0603_1608Metric",186.450000,-139.275000,-90.000000,bottom
"C709","1uF","C_0603_1608Metric",190.450000,-139.275000,-90.000000,bottom
"C710","1uF","C_0603_1608Metric",194.450000,-139.275000,-90.000000,bottom
"C711","1uF","C_0603_1608Metric",198.450000,-139.275000,-90.000000,bottom
"C712","1uF","C_0603_1608Metric",202.450000,-139.275000,-90.000000,bottom
"C713","1uF","C_0603_1608Metric",206.450000,-139.275000,-90.000000,bottom
"C714","1uF","C_0603_1608Metric",210.450000,-139.275000,-90.000000,bottom
"C715","1uF","C_0603_1608Metric",214.450000,-139.275000,-90.000000,bottom
"C716","1uF","C_0603_1608Metric",218.450000,-139.275000,-90.000000,bottom
"C717","1uF","C_0603_1608Metric",222.450000,-139.275000,-90.000000,bottom
"C718","1uF","C_0603_1608Metric",226.450000,-139.275000,-90.000000,bottom
"C719","1uF","C_0603_1608Metric",230.450000,-139.275000,-90.000000,bottom
"C720","1uF","C_0603_1608Metric",234.450000,-139.275000,-90.000000,bottom
"C721","1uF","C_0603_1608Metric",238.450000,-139.275000,-90.000000,bottom
"C722","1uF","C_0603_1608Metric",242.450000,-139.275000,-90.000000,bottom
"C723","1uF","C_0603_1608Metric",246.450000,-139.275000,-90.000000,bottom
"C724","1uF","C_0603_1608Metric",250.450000,-139.275000,-90.000000,bottom
"C725","1uF","C_0603_1608Metric",254.450000,-139.275000,-90.000000,bottom
"C726","1uF","C_0603_1608Metric",258.450000,-139.275000,-90.000000,bottom
"C727","1uF","C_0603_1608Metric",262.450000,-139.275000,-90.000000,bottom
"C728","1uF","C_0603_1608Metric",266.450000,-139.275000,-90.000000,bottom
"C729","1uF","C_0603_1608Metric",270.450000,-139.275000,-90.000000,bottom
"C730","1uF","C_0603_1608Metric",274.450000,-139.275000,-90.000000,bottom
"C731","1uF","C_0603_1608Metric",278.450000,-139.275000,-90.000000,bottom
"C732","1uF","C_0603_1608Metric",282.450000,-139.275000,-90.000000,bottom
"C733","1uF","C_0603_1608Metric",286.450000,-139.275000,-90.000000,bottom
"C734","1uF","C_0603_1608Metric",290.450000,-139.275000,-90.000000,bottom
"C735","1uF","C_0603_1608Metric",294.450000,-139.275000,-90.000000,bottom
"C736","1uF","C_0603_1608Metric",298.450000,-139.275000,-90.000000,bottom
"C737","1uF","C_0603_1608Metric",302.450000,-139.275000,-90.000000,bottom
"C738","1uF","C_0603_1608Metric",306.450000,-139.275000,-90.000000,bottom
"C739","1uF","C_0603_1608Metric",310.450000,-139.275000,-90.000000,bottom
"C740","1uF","C_0603_1608Metric",314.450000,-139.275000,-90.000000,bottom
"C741","1uF","C_0603_1608Metric",318.450000,-139.275000,-90.000000,bottom
"C742","1uF","C_0603_1608Metric",322.450000,-139.275000,-90.000000,bottom
"C743","1uF","C_0603_1608Metric",326.450000,-139.275000,-90.000000,bottom
"C744","1uF","C_0603_1608Metric",330.450000,-139.275000,-90.000000,bottom
"C745","1uF","C_0603_1608Metric",334.450000,-139.275000,-90.000000,bottom
"C746","1uF","C_0603_1608Metric",338.450000,-139.275000,-90.000000,bottom
"C747","1uF","C_0603_1608Metric",342.450000,-139.275000,-90.000000,bottom
"C748","1uF","C_0603_1608Metric",346.450000,-139.275000,-90.000000,bottom
"C749","1uF","C_0603_1608Metric",350.450000,-139.275000,-90.000000,bottom
"C750","1uF","C_0603_1608Metric",354.450000,-139.275000,-90.000000,bottom
"C751","1uF","C_0603_1608Metric",358.450000,-139.275000,-90.000000,bottom
"C752","1uF","C_0603_1608Metric",362.450000,-139.275000,-90.000000,bottom
"C753","1uF","C_0603_1608Metric",366.450000,-139.275000,-90.000000,bottom
"C754","1uF","C_0603_1608Metric",370.450000,-139.275000,-90.000000,bottom
"C755","1uF","C_0603_1608Metric",374.450000,-139.275000,-90.000000,bottom
"C756","1uF","C_0603_1608Metric",378.450000,-139.275000,-90.000000,bottom
"C757","1uF","C_0603_1608Metric",382.450000,-139.275000,-90.000000,bottom
"C758","1uF","C_0603_1608Metric",386.450000,-139.275000,-90.000000,bottom
"C759","1uF","C_0603_1608Metric",390.450000,-139.275000,-90.000000,bottom
"C760","1uF","C_0603_1608Metric",394.450000,-139.275000,-90.000000,bottom
"C761","1uF","C_0603_1608Metric",398.450000,-139.275000,-90.000000,bottom
"C762","1uF","C_0603_1608Metric",402.450000,-139.275000,-90.000000,bottom
"C763","1uF","C_0603_1608Metric",406.450000,-139.275000,-90.000000,bottom
"C764","1uF","C_0603_1608Metric",410.450000,-139.275000,-90.000000,bottom
"C765","1uF","C_0603_1608Metric",414.450000,-139.275000,-90.000000,bottom
"C766","1uF","C_0603_1608Metric",418.450000,-139.275000,-90.000000,bottom
"C767","1uF","C_0603_1608Metric",422.450000,-139.275000,-90.000000,bottom
"C768","1uF","C_0603_1608Metric",426.450000,-139.275000,-90.000000,bottom
"C769","1uF","C_0603_1608Metric",430.450000,-139.275000,-90.000000,bottom
"C770","1uF","C_0603_1608Metric",434.450000,-139.275000,-90.000000,bottom
"C771","1uF","C_0603_1608Metric",158.450000,-143.275000,-90.000000,bottom
"C772","1uF","C_0603_1608Metric",162.450000,-143.275000,-90.000000,bottom
"C773","1uF","C_0603_1608Metric",166.450000,-143.275000,-90.000000,bottom
"C774","1uF","C_0603_1608Metric",170.450000,-143.275000,-90.000000,bottom
"C775","1uF","C_0603_1608Metric",174.450000,-143.275000,-90.000000,bottom
"C776","1uF","C_0603_1608Metric",178.450000,-143.275000,-90.000000,bottom
"C777","1uF","C_0603_1608Metric",182.450000,-143.275000,-90.000000,bottom
"C778","1uF","C_0603_1608Metric",186.450000,-143.275000,-90.000000,bottom
"C779","1uF","C_0603_1608Metric",190.450000,-143.275000,-90.000000,bottom
"C780","1uF","C_0603_1608Metric",194.450000,-143.275000,-90.000000,bottom
"C781","1uF","C_0603_1608Metric",198.450000,-143.275000,-90.000000,bottom
"C782","1uF","C_0603_1608Metric",202.450000,-143.275000,-90.000000,bottom
"C783","1uF","C_0603_1608Metric",206.450000,-143.275000,-90.000000,bottom
"C784","1uF","C_0603_1608Metric",210.450000,-143.275000,-90.000000,bottom
"C785","1uF","C_0603_1608Metric",214.450000,-143.275000,-90.000000,bottom
"C786","1uF","C_0603_1608Metric",218.450000,-143.275000,-90.000000,bottom
"C787","1uF","C_0603_1608Metric",222.450000,-143.275000,-90.000000,bottom
"C788","1uF","C_0603_1608Metric",226.450000,-143.275000,-90.000000,bottom
"C789","1uF","C_0603_1608Metric",230.450000,-143.275000,-90.000000,bottom
"C790","1uF","C_0603_1608Metric",234.450000,-143.275000,-90.000000,bottom
"C791","1uF","C_0603_1608Metric",238.450000,-143.275000,-90.000000,bottom
"C792","1uF","C_0603_1608Metric",242.450000,-143.275000,-90.000000,bottom
"C793","1uF","C_0603_1608Metric",246.450000,-143.275000,-90.000000,bottom
"C794","1uF","C_0603_1608Metric",250.450000,-143.275000,-90.000000,bottom
"C795","1uF","C_0603_1608Metric",254.450000,-143.275000,-90.000000,bottom
"C796","1uF","C_0603_1608Metric",258.450000,-143.275000,-90.000000,bottom
"C797","1uF","C_0603_1608Metric",262.450000,-143.275000,-90.000000,bottom
"C798","1uF","C_0603_1608Metric",266.450000,-143.275000,-90.000000,bottom
"C799","1uF","C_0603_1608Metric",270.450000,-143.275000,-90.000000,bottom
"C800","1uF","C_0603_1608Metric",274.450000,-143.275000,-90.000000,bottom
"C801","1uF","C_0603_1608Metric",278.450000,-143.275000,-90.000000,bottom
"C802","1uF","C_0603_1608Metric",282.450000,-143.275000,-90.000000,bottom
"C803","1uF","C_0603_1608Metric",286.450000,-143.275000,-90.000000,bottom
"C804","1uF","C_0603_1608Metric",290.450000,-143.275000,-90.000000,bottom
"C805","1uF","C_0603_1608Metric",294.450000,-143.275000,-90.000000,bottom
"C806","1uF","C_0603_1608Metric",298.450000,-143.275000,-90.000000,bottom
"C807","1uF","C_0603_1608Metric",302.450000,-143.275000,-90.000000,bottom
"C808","1uF","C_0603_1608Metric",306.450000,-143.275000,-90.000000,bottom
"C809","1uF","C_0603_1608Metric",310.450000,-143.275000,-90.000000,bottom
"C810","1uF","C_0603_1608Metric",314.450000,-143.275000,-90.000000,bottom
"C811","1uF","C_0603_1608Metric",318.450000,-143.275000,-90.000000,bottom
"C812","1uF","C_0603_1608Metric",322.450000,-143.275000,-90.000000,bottom
"C813","1uF","C_0603_1608Metric",326.450000,-143.275000,-90.000000,bottom
"C814","1uF","C_0603_1608Metric",330.450000,-143.275000,-90.000000,bottom
"C815","1uF","C_0603_1608Metric",334.450000,-143.275000,-90.000000,bottom
"C816","1uF","C_0603_1608Metric",338.450000,-143.275000,-90.000000,bottom
"C817","1uF","C_0603_1608Metric",342.450000,-143.275000,-90.000000,bottom
"C818","1uF","C_0603_1608Metric",346.450000,-143.275000,-90.000000,bottom
"C819","1uF","C_0603_1608Metric",350.450000,-143.275000,-90.000000,bottom
"C820","1uF","C_0603_1608Metric",354.450000,-143.275000,-90.000000,bottom
"C821","1uF","C_0603_1608Metric",358.450000,-143.275000,-90.000000,bottom
"C822","1uF","C_0603_1608Metric",362.450000,-143.275000,-90.000000,bottom
"C823","1uF","C_0603_1608Metric",366.450000,-143.275000,-90.000000,bottom
"C824","1uF","C_0603_1608Metric",370.450000,-143.275000,-90.000000,bottom
"C825","1uF","C_0603_1608Metric",374.450000,-143.275000,-90.000000,bottom
"C826","1uF","C_0603_1608Metric",378.450000,-143.275000,-90.000000,bottom
"C827","1uF","C_0603_1608Metric",382.450000,-143.275000,-90.000000,bottom
"C828","1uF","C_0603_1608Metric",386.450000,-143.275000,-90.000000,bottom
"C829","1uF","C_0603_1608Metric",390.450000,-143.275000,-90.000000,bottom
"C830","1uF","C_0603_1608Metric",394.450000,-143.275000,-90.000000,bottom
"C831","1uF","C_0603_1608Metric",398.450000,-143.275000,-90.000000,bottom
"C832","1uF","C_0603_1608Metric",402.450000,-143.275000,-90.000000,bottom
"C833","1uF","C_0603_1608Metric",406.450000,-143.275000,-90.000000,bottom
"C834","1uF","C_0603_1608Metric",410.450000,-143.275000,-90.000000,bottom
"C835","1uF","C_0603_1608Metric",414.450000,-143.275000,-90.000000,bottom
"C836","1uF","C_0603_1608Metric",418.450000,-143.275000,-90.000000,bottom
"C837","1uF","C_0603_1608Metric",422.450000,-143.275000,-90.000000,bottom
"C838","1uF","C_0603_1608Metric",426.450000,-143.275000,-90.000000,bottom
"C839","1uF","C_0603_1608Metric",430.450000,-143.275000,-90.000000,bottom
"C840","1uF","C_0603_1608Metric",434.450000,-143.275000,-90.000000,bottom
"C841","1uF","C_0603_1608Metric",158.450000,-147.275000,-90.000000,bottom
"C842","1uF","C_0603_1608Metric",162.450000,-147.275000,-90.000000,bottom
"C843","1uF","C_0603_1608Metric",166.450000,-147.275000,-90.000000,bottom
"C844","1uF","C_0603_1608Metric",170.450000,-147.275000,-90.000000,bottom
"C845","1uF","C_0603_1608Metric",174.450000,-147.275000,-90.000000,bottom
"C846","1uF","C_0603_1608Metric",178.450000,-147.275000,-90.000000,bottom
"C847","1uF","C_0603_1608Metric",182.450000,-147.275000,-90.000000,bottom
"C848","1uF","C_0603_1608Metric",186.450000,-147.275000,-90.000000,bottom
"C849","1uF","C_0603_1608Metric",190.450000,-147.275000,-90.000000,bottom
"C850","1uF","C_0603_1608Metric",194.450000,-147.275000,-90.000000,bottom
"C851","1uF","C_0603_1608Metric",198.450000,-147.275000,-90.000000,bottom
"C852","1uF","C_0603_1608Metric",202.450000,-147.275000,-90.000000,bottom
"C853","1uF","C_0603_1608Metric",206.450000,-147.275000,-90.000000,bottom
"C854","1uF","C_0603_1608Metric",210.450000,-147.275000,-90.000000,bottom
"C855","1uF","C_0603_1608Metric",214.450000,-147.275000,-90.000000,bottom
"C856","1uF","C_0603_1608Metric",218.450000,-147.275000,-90.000000,bottom
"C857","1uF","C_0603_1608Metric",222.450000,-147.275000,-90.000000,bottom
"C858","1uF","C_0603_1608Metric",226.450000,-147.275000,-90.000000,bottom
"C859","1uF","C_0603_1608Metric",230.450000,-147.275000,-90.000000,bottom
"C860","1uF","C_0603_1608Metric",234.450000,-147.275000,-90.000000,bottom
"C861","1uF","C_0603_1608Metric",238.450000,-147.275000,-90.000000,bottom
"C862","1uF","C_0603_1608Metric",242.450000,-147.275000,-90.000000,bottom
"C863","1uF","C_0603_1608Metric",246.450000,-147.275000,-90.000000,bottom
"C864","1uF","C_0603_1608Metric",250.450000,-147.275000,-90.000000,bottom
"C865","1uF","C_0603_1608Metric",254.450000,-147.275000,-90.000000,bottom
"C866","1uF","C_0603_1608Metric",258.450000,-147.275000,-90.000000,bottom
"C867","1uF","C_0603_1608Metric",262.450000,-147.275000,-90.000000,bottom
"C868","1uF","C_0603_1608Metric",266.450000,-147.275000,-90.000000,bottom
"C869","1uF","C_0603_1608Metric",270.450000,-147.275000,-90.000000,bottom
"C870","1uF","C_0603_1608Metric",274.450000,-147.275000,-90.000000,bottom
"C871","1uF","C_0603_1608Metric",278.450000,-147.275000,-90.000000,bottom
"C872","1uF","C_0603_1608Metric",282.450000,-147.275000,-90.000000,bottom
"C873","1uF","C_0603_1608Metric",286.450000,-147.275000,-90.000000,bottom
"C874","1uF","C_0603_1608Metric",290.450000,-147.275000,-90.000000,bottom
"C875","1uF","C_0603_1608Metric",294.450000,-147.275000,-90.000000,bottom
"C876","1uF","C_0603_1608Metric",298.450000,-147.275000,-90.000000,bottom
"C877","1uF","C_0603_1608Metric",302.450000,-147.275000,-90.000000,bottom
"C878","1uF","C_0603_1608Metric",306.450000,-147.275000,-90.000000,bottom
"C879","1uF","C_0603_1608Metric",310.450000,-147.275000,-90.000000,bottom
"C880","1uF","C_0603_1608Metric",314.450000,-147.275000,-90.000000,bottom
"C881","1uF","C_0603_1608Metric",318.450000,-147.275000,-90.000000,bottom
"C882","1uF","C_0603_1608Metric",322.450000,-147.275000,-90.000000,bottom
"C883","1uF","C_0603_1608Metric",326.450000,-147.275000,-90.000000,bottom
"C884","1uF","C_0603_1608Metric",330.450000,-147.275000,-90.000000,bottom
"C885","1uF","C_0603_1608Metric",334.450000,-147.275000,-90.000000,bottom
"C886","1uF","C_0603_1608Metric",338.450000,-147.275000,-90.000000,bottom
"C887","1uF","C_0603_1608Metric",342.450000,-147.275000,-90.000000,bottom
"C888","1uF","C_0603_1608Metric",346.450000,-147.275000,-90.000000,bottom
"C889","1uF","C_0603_1608Metric",350.450000,-147.275000,-90.000000,bottom
"C890","1uF","C_0603_1608Metric",354.450000,-147.275000,-90.000000,bottom
"C891","1uF","C_0603_1608Metric",358.450000,-147.275000,-90.000000,bottom
"C892","1uF","C_0603_1608Metric",362.450000,-147.275000,-90.000000,bottom
"C893","1uF","C_0603_1608Metric",366.450000,-147.275000,-90.000000,bottom
"C894","1uF","C_0603_1608Metric",370.450000,-147.275000,-90.000000,bottom
"C895","1uF","C_0603_1608Metric",374.450000,-147.275000,-90.000000,bottom
"C896","1uF","C_0603_1608Metric",378.450000,-147.275000,-90.000000,bottom
"C897","1uF","C_0603_1608Metric",382.450000,-147.275000,-90.000000,bottom
"C898","1uF","C_0603_1608Metric",386.450000,-147.275000,-90.000000,bottom
"C899","1uF","C_0603_1608Metric",390.450000,-147.275000,-90.000000,bottom
"C900","1uF","C_0603_1608Metric",394.450000,-147.275000,-90.000000,bottom
"C901","1uF","C_0603_1608Metric",398.450000,-147.275000,-90.000000,bottom
"C902","1uF","C_0603_1608Metric",402.450000,-147.275000,-90.000000,bottom
"C903","1uF","C_0603_1608Metric",406.450000,-147.275000,-90.000000,bottom
"C904","1uF","C_0603_1608Metric",410.450000,-147.275000,-90.000000,bottom
"C905","1uF","C_0603_1608Metric",414.450000,-147.275000,-90.000000,bottom
"C906","1uF","C_0603_1608Metric",418.450000,-147.275000,-90.000000,bottom
"C907","1uF","C_0603_1608Metric",422.450000,-147.275000,-90.000000,bottom
"C908","1uF","C_0603_1608Metric",426.450000,-147.275000,-90.000000,bottom
"C909","1uF","C_0603_1608Metric",430.450000,-147.275000,-90.000000,bottom
"C910","1uF","C_0603_1608Metric",434.450000,-147.275000,-90.000000,bottom
"C911","1uF","C_0603_1608Metric",158.450000,-151.275000,-90.000000,bottom
"C912","1uF","C_0603_1608Metric",162.450000,-151.275000,-90.000000,bottom
"C913","1uF","C_0603_1608Metric",166.450000,-151.275000,-90.000000,bottom
"C914","1uF","C_0603_1608Metric",170.450000,-151.275000,-90.000000,bottom
"C915","1uF","C_0603_1608Metric",174.450000,-151.275000,-90.000000,bottom
"C916","1uF","C_0603_1608Metric",178.450000,-151.275000,-90.000000,bottom
"C917","1uF","C_0603_1608Metric",182.450000,-151.275000,-90.000000,bottom
"C918","1uF","C_0603_1608Metric",186.450000,-151.275000,-90.000000,bottom
"C919","1uF","C_0603_1608Metric",190.450000,-151.275000,-90.000000,bottom
"C920","1uF","C_0603_1608Metric",194.450000,-151.275000,-90.000000,bottom
"C921","1uF","C_0603_1608Metric",198.450000,-151.275000,-90.000000,bottom
"C922","1uF","C_0603_1608Metric",202.450000,-151.275000,-90.000000,bottom
"C923","1uF","C_0603_1608Metric",206.450000,-151.275000,-90.000000,bottom
"C924","1uF","C_0603_1608Metric",210.450000,-151.275000,-90.000000,bottom
"C925","1uF","C_0603_1608Metric",214.450000,-151.275000,-90.000000,bottom
"C926","1uF","C_0603_1608Metric",218.450000,-151.275000,-90.000000,bottom
"C927","1uF","C_0603_1608Metric",222.450000,-151.275000,-90.000000,bottom
"C928","1uF","C_0603_1608Metric",226.450000,-151.275000,-90.000000,bottom
"C929","1uF","C_0603_1608Metric",230.450000,-151.275000,-90.000000,bottom
"C930","1uF","C_0603_1608Metric",234.450000,-151.275000,-90.000000,bottom
"C931","1uF","C_0603_1608Metric",238.450000,-151.275000,-90.000000,bottom
"C932","1uF","C_0603_1608Metric",242.450000,-151.275000,-90.000000,bottom
"C933","1uF","C_0603_1608Metric",246.450000,-151.275000,-90.000000,bottom
"C934","1uF","C_0603_1608Metric",250.450000,-151.275000,-90.000000,bottom
"C935","1uF","C_0603_1608Metric",254.450000,-151.275000,-90.000000,bottom
"C936","1uF","C_0603_1608Metric",258.450000,-151.275000,-90.000000,bottom
"C937","1uF","C_0603_1608Metric",262.450000,-151.275000,-90.000000,bottom
"C938","1uF","C_0603_1608Metric",266.450000,-151.275000,-90.000000,bottom
"C939","1uF","C_0603_1608Metric",270.450000,-151.275000,-90.000000,bottom
"C940","1uF","C_0603_1608Metric",274.450000,-151.275000,-90.000000,bottom
"C941","1uF","C_0603_1608Metric",278.450000,-151.275000,-90.000000,bottom
"C942","1uF","C_0603_1608Metric",282.450000,-151.275000,-90.000000,bottom
"C943","1uF","C_0603_1608Metric",286.450000,-151.275000,-90.000000,bottom
"C944","1uF","C_0603_1608Metric",290.450000,-151.275000,-90.000000,bottom
"C945","1uF","C_0603_1608Metric",294.450000,-151.275000,-90.000000,bottom
"C946","1uF","C_0603_1608Metric",298.450000,-151.275000,-90.000000,bottom
"C947","1uF","C_0603_1608Metric",302.450000,-151.275000,-90.000000,bottom
"C948","1uF","C_0603_1608Metric",306.450000,-151.275000,-90.000000,bottom
"C949","1uF","C_0603_1608Metric",310.450000,-151.275000,-90.000000,bottom
"C950","1uF","C_0603_1608Metric",314.450000,-151.275000,-90.000000,bottom
"C951","1uF","C_0603_1608Metric",318.450000,-151.275000,-90.000000,bottom
"C952","1uF","C_0603_1608Metric",322.450000,-151.275000,-90.000000,bottom
"C953","1uF","C_0603_1608Metric",326.450000,-151.275000,-90.000000,bottom
"C954","1uF","C_0603_1608Metric",330.450000,-151.275000,-90.000000,bottom
"C955","1uF","C_0603_1608Metric",334.450000,-151.275000,-90.000000,bottom
"C956","1uF","C_0603_1608Metric",338.450000,-151.275000,-90.000000,bottom
"C957","1uF","C_0603_1608Metric",342.450000,-151.275000,-90.000000,bottom
"C958","1uF","C_0603_1608Metric",346.450000,-151.275000,-90.000000,bottom
"C959","1uF","C_0603_1608Metric",350.450000,-151.275000,-90.000000,bottom
"C960","1uF","C_0603_1608Metric",354.450000,-151.275000,-90.000000,bottom
"C961","1uF","C_0603_1608Metric",358.450000,-151.275000,-90.000000,bottom
"C962","1uF","C_0603_1608Metric",362.450000,-151.275000,-90.000000,bottom
"C963","1uF","C_0603_1608Metric",366.450000,-151.275000,-90.000000,bottom
"C964","1uF","C_0603_1608Metric",370.450000,-151.275000,-90.000000,bottom
"C965","1uF","C_0603_1608Metric",374.450000,-151.275000,-90.000000,bottom
"C966","1uF","C_0603_1608Metric",378.450000,-151.275000,-90.000000,bottom
"C967","1uF","C_0603_1608Metric",382.450000,-151.275000,-90.000000,bottom
"C968","1uF","C_0603_1608Metric",386.450000,-151.275000,-90.000000,bottom
"C969","1uF","C_0603_1608Metric",390.450000,-151.275000,-90.000000,bottom
"C970","1uF","C_0603_1608Metric",394.450000,-151.275000,-90.000000,bottom
"C971","1uF","C_0603_1608Metric",398.450000,-151.275000,-90.000000,bottom
"C972","1uF","C_0603_1608Metric",402.450000,-151.275000,-90.000000,bottom
"C973","1uF","C_0603_1608Metric",406.450000,-151.275000,-90.000000,bottom
"C974","1uF","C_0603_1608Metric",410.450000,-151.275000,-90.000000,bottom
"C975","1uF","C_0603_1608Metric",414.450000,-151.275000,-90.000000,bottom
"C976","1uF","C_0603_1608Metric",418.450000,-151.275000,-90.000000,bottom
"C977","1uF","C_0603_1608Metric",422.450000,-151.275000,-90.000000,bottom
"C978","1uF","C_0603_1608Metric",426.450000,-151.275000,-90.000000,bottom
"C979","1uF","C_0603_1608Metric",430.450000,-151.275000,-90.000000,bottom
"C980","1uF","C_0603_1608Metric",434.450000,-151.275000,-90.000000,bottom
"C981","1uF","C_0603_1608Metric",158.450000,-155.275000,-90.000000,bottom
"C982","1uF","C_0603_1608Metric",162.450000,-155.275000,-90.000000,bottom
"C983","1uF","C_0603_1608Metric",166.450000,-155.275000,-90.000000,bottom
"C984","1uF","C_0603_1608Metric",170.450000,-155.275000,-90.000000,bottom
"C985","1uF","C_0603_1608Metric",174.450000,-155.275000,-90.000000,bottom
"C986","1uF","C_0603_1608Metric",178.450000,-155.275000,-90.000000,bottom
"C987","1uF","C_0603_1608Metric",182.450000,-155.275000,-90.000000,bottom
"C988","1uF","C_0603_1608Metric",186.450000,-155.275000,-90.000000,bottom
"C989","1uF","C_0603_1608Metric",190.450000,-155.275000,-90.000000,bottom
"C990","1uF","C_0603_1608Metric",194.450000,-155.275000,-90.000000,bottom
"C991","1uF","C_0603_1608Metric",198.450000,-155.275000,-90.000000,bottom
"C992","1uF","C_0603_1608Metric",202.450000,-155.275000,-90.000000,bottom
"C993","1uF","C_0603_1608Metric",206.450000,-155.275000,-90.000000,bottom
"C994","1uF","C_0603_1608Metric",210.450000,-155.275000,-90.000000,bottom
"C995","1uF","C_0603_1608Metric",214.450000,-155.275000,-90.000000,bottom
"C996","1uF","C_0603_1608Metric",218.450000,-155.275000,-90.000000,bottom
"C997","1uF","C_0603_1608Metric",222.450000,-155.275000,-90.000000,bottom
"C998","1uF","C_0603_1608Metric",226.450000,-155.275000,-90.000000,bottom
"C999","1uF","C_0603_1608Metric",230.450000,-155.275000,-90.000000,bottom
"C1000","1uF","C_0603_1608Metric",234.450000,-155.275000,-90.000000,bottom
"C1001","1uF","C_0603_1608Metric",238.450000,-155.275000,-90.000000,bottom
"C1002","1uF","C_0603_1608Metric",242.450000,-155.275000,-90.000000,bottom
"C1003","1uF","C_0603_1608Metric",246.450000,-155.275000,-90.000000,bottom
"C1004","1uF","C_0603_1608Metric",250.450000,-155.275000,-90.000000,bottom
"C1005","1uF","C_0603_1608Metric",254.450000,-155.275000,-90.000000,bottom
"C1006","1uF","C_0603_1608Metric",258.450000,-155.275000,-90.000000,bottom
"C1007","1uF","C_0603_1608Metric",262.450000,-155.275000,-90.000000,bottom
"C1008","1uF","C_0603_1608Metric",266.450000,-155.275000,-90.000000,bottom
"C1009","1uF","C_0603_1608Metric",270.450000,-155.275000,-90.000000,bottom
"C1010","1uF","C_0603_1608Metric",274.450000,-155.275000,-90.000000,bottom
"C1011","1uF","C_0603_1608Metric",278.450000,-155.275000,-90.000000,bottom
"C1012","1uF","C_0603_1608Metric",282.450000,-155.275000,-90.000000,bottom
"C1013","1uF","C_0603_1608Metric",286.450000,-155.275000,-90.000000,bottom
"C1014","1uF","C_0603_1608Metric",290.450000,-155.275000,-90.000000,bottom
"C1015","1uF","C_0603_1608Metric",294.450000,-155.275000,-90.000000,bottom
"C1016","1uF","C_0603_1608Metric",298.450000,-155.275000,-90.000000,bottom
"C1017","1uF","C_0603_1608Metric",302.450000,-155.275000,-90.000000,bottom
"C1018","1uF","C_0603_1608Metric",306.450000,-155.275000,-90.000000,bottom
"C1019","1uF","C_0603_1608Metric",310.450000,-155.275000,-90.000000,bottom
"C1020","1uF","C_0603_1608Metric",314.450000,-155.275000,-90.000000,bottom
"C1021","1uF","C_0603_1608Metric",318.450000,-155.275000,-90.000000,bottom
"C1022","1uF","C_0603_1608Metric",322.450000,-155.275000,-90.000000,bottom
"C1023","1uF","C_0603_1608Metric",326.450000,-155.275000,-90.000000,bottom
"C1024","1uF","C_0603_1608Metric",330.450000,-155.275000,-90.000000,bottom
"C1025","1uF","C_0603_1608Metric",334.450000,-155.275000,-90.000000,bottom
"C1026","1uF","C_0603_1608Metric",338.450000,-155.275000,-90.000000,bottom
"C1027","1uF","C_0603_1608Metric",342.450000,-155.275000,-90.000000,bottom
"C1028","1uF","C_0603_1608Metric",346.450000,-155.275000,-90.000000,bottom
"C1029","1uF","C_0603_1608Metric",350.450000,-155.275000,-90.000000,bottom
"C1030","1uF","C_0603_1608Metric",354.450000,-155.275000,-90.000000,bottom
"C1031","1uF","C_0603_1608Metric",358.450000,-155.275000,-90.000000,bottom
"C1032","1uF","C_0603_1608Metric",362.450000,-155.275000,-90.000000,bottom
"C1033","1uF","C_0603_1608Metric",366.450000,-155.275000,-90.000000,bottom
"C1034","1uF","C_0603_1608Metric",370.450000,-155.275000,-90.000000,bottom
"C1035","1uF","C_0603_1608Metric",374.450000,-155.275000,-90.000000,bottom
"C1036","1uF","C_0603_1608Metric",378.450000,-155.275000,-90.000000,bottom
"C1037","1uF","C_0603_1608Metric",382.450000,-155.275000,-90.000000,bottom
"C1038","1uF","C_0603_1608Metric",386.450000,-155.275000,-90.000000,bottom
"C1039","1uF","C_0603_1608Metric",390.450000,-155.275000,-90.000000,bottom
"C1040","1uF","C_0603_1608Metric",394.450000,-155.275000,-90.000000,bottom
"C1041","1uF","C_0603_1608Metric",398.450000,-155.275000,-90.000000,bottom
"C1042","1uF","C_0603_1608Metric",402.450000,-155.275000,-90.000000,bottom
"C1043","1uF","C_0603_1608Metric",406.450000,-155.275000,-90.000000,bottom
"C1044","1uF","C_0603_1608Metric",410.450000,-155.275000,-90.000000,bottom
"C1045","1uF","C_0603_1608Metric",414.450000,-155.275000,-90.000000,bottom
"C1046","1uF","C_0603_1608Metric",418.450000,-155.275000,-90.000000,bottom
"C1047","1uF","C_0603_1608Metric",422.450000,-155.275000,-90.000000,bottom
"C1048","1uF","C_0603_1608Metric",426.450000,-155.275000,-90.000000,bottom
"C1049","1uF","C_0603_1608Metric",430.450000,-155.275000,-90.000000,bottom
"C1050","1uF","C_0603_1608Metric",434.450000,-155.275000,-90.000000,bottom
"C1051","1uF","C_0603_1608Metric",158.450000,-159.275000,-90.000000,bottom
"C1052","1uF","C_0603_1608Metric",162.450000,-159.275000,-90.000000,bottom
"C1053","1uF","C_0603_1608Metric",166.450000,-159.275000,-90.000000,bottom
"C1054","1uF","C_0603_1608Metric",170.450000,-159.275000,-90.000000,bottom
"C1055","1uF","C_0603_1608Metric",174.450000,-159.275000,-90.000000,bottom
"C1056","1uF","C_0603_1608Metric",178.450000,-159.275000,-90.000000,bottom
"C1057","1uF","C_0603_1608Metric",182.450000,-159.275000,-90.000000,bottom
"C1058","1uF","C_0603_1608Metric",186.450000,-159.275000,-90.000000,bottom
"C1059","1uF","C_0603_1608Metric",190.450000,-159.275000,-90.000000,bottom
"C1060","1uF","C_0603_1608Metric",194.450000,-159.275000,-90.000000,bottom
"C1061","1uF","C_0603_1608Metric",198.450000,-159.275000,-90.000000,bottom
"C1062","1uF","C_0603_1608Metric",202.450000,-159.275000,-90.000000,bottom
"C1063","1uF","C_0603_1608Metric",206.450000,-159.275000,-90.000000,bottom
"C1064","1uF","C_0603_1608Metric",210.450000,-159.275000,-90.000000,bottom
"C1065","1uF","C_0603_1608Metric",214.450000,-159.275000,-90.000000,bottom
"C1066","1uF","C_0603_1608Metric",218.450000,-159.275000,-90.000000,bottom
"C1067","1uF","C_0603_1608Metric",222.450000,-159.275000,-90.000000,bottom
"C1068","1uF","C_0603_1608Metric",226.450000,-159.275000,-90.000000,bottom
"C1069","1uF","C_0603_1608Metric",230.450000,-159.275000,-90.000000,bottom
"C1070","1uF","C_0603_1608Metric",234.450000,-159.275000,-90.000000,bottom
"C1071","1uF","C_0603_1608Metric",238.450000,-159.275000,-90.000000,bottom
"C1072","1uF","C_0603_1608Metric",242.450000,-159.275000,-90.000000,bottom
"C1073","1uF","C_0603_1608Metric",246.450000,-159.275000,-90.000000,bottom
"C1074","1uF","C_0603_1608Metric",250.450000,-159.275000,-90.000000,bottom
"C1075","1uF","C_0603_1608Metric",254.450000,-159.275000,-90.000000,bottom
"C1076","1uF","C_0603_1608Metric",258.450000,-159.275000,-90.000000,bottom
"C1077","1uF","C_0603_1608Metric",262.450000,-159.275000,-90.000000,bottom
"C1078","1uF","C_0603_1608Metric",266.450000,-159.275000,-90.000000,bottom
"C1079","1uF","C_0603_1608Metric",270.450000,-159.275000,-90.000000,bottom
"C1080","1uF","C_0603_1608Metric",274.450000,-159.275000,-90.000000,bottom
"C1081","1uF","C_0603_1608Metric",278.450000,-159.275000,-90.000000,bottom
"C1082","1uF","C_0603_1608Metric",282.450000,-159.275000,-90.000000,bottom
"C1083","1uF","C_0603_1608Metric",286.450000,-159.275000,-90.000000,bottom
"C1084","1uF","C_0603_1608Metric",290.450000,-159.275000,-90.000000,bottom
"C1085","1uF","C_0603_1608Metric",294.450000,-159.275000,-90.000000,bottom
"C1086","1uF","C_0603_1608Metric",298.450000,-159.275000,-90.000000,bottom
"C1087","1uF","C_0603_1608Metric",302.450000,-159.275000,-90.000000,bottom
"C1088","1uF","C_0603_1608Metric",306.450000,-159.275000,-90.000000,bottom
"C1089","1uF","C_0603_1608Metric",310.450000,-159.275000,-90.000000,bottom
"C1090","1uF","C_0603_1608Metric",314.450000,-159.275000,-90.000000,bottom
"C1091","1uF","C_0603_1608Metric",318.450000,-159.275000,-90.000000,bottom
"C1092","1uF","C_0603_1608Metric",322.450000,-159.275000,-90.000000,bottom
"C1093","1uF","C_0603_1608Metric",326.450000,-159.275000,-90.000000,bottom
"C1094","1uF","C_0603_1608Metric",330.450000,-159.275000,-90.000000,bottom
"C1095","1uF","C_0603_1608Metric",334.450000,-159.275000,-90.000000,bottom
"C1096","1uF","C_0603_1608Metric",338.450000,-159.275000,-90.000000,bottom
"C1097","1uF","C_0603_1608Metric",342.450000,-159.275000,-90.000000,bottom
"C1098","1uF","C_0603_1608Metric",346.450000,-159.275000,-90.000000,bottom
"C1099","1uF","C_0603_1608Metric",350.450000,-159.275000,-90.000000,bottom
"C1100","1uF","C_0603_1608Metric",354.450000,-159.275000,-90.000000,bottom
"C1101","1uF","C_0603_1608Metric",358.450000,-159.275000,-90.000000,bottom
"C1102","1uF","C_0603_1608Metric",362.450000,-159.275000,-90.000000,bottom
"C1103","1uF","C_0603_1608Metric",366.450000,-159.275000,-90.000000,bottom
"C1104","1uF","C_0603_1608Metric",370.450000,-159.275000,-90.000000,bottom
"C1105","1uF","C_0603_1608Metric",374.450000,-159.275000,-90.000000,bottom
"C1106","1uF","C_0603_1608Metric",378.450000,-159.275000,-90.000000,bottom
"C1107","1uF","C_0603_1608Metric",382.450000,-159.275000,-90.000000,bottom
"C1108","1uF","C_0603_1608Metric",386.450000,-159.275000,-90.000000,bottom
"C1109","1uF","C_0603_1608Metric",390.450000,-159.275000,-90.000000,bottom
"C1110","1uF","C_0603_1608Metric",394.450000,-159.275000,-90.000000,bottom
"C1111","1uF","C_0603_1608Metric",398.450000,-159.275000,-90.000000,bottom
"C1112","1uF","C_0603_1608Metric",402.450000,-159.275000,-90.000000,bottom
"C1113","1uF","C_0603_1608Metric",406.450000,-159.275000,-90.000000,bottom
"C1114","1uF","C_0603_1608Metric",410.450000,-159.275000,-90.000000,bottom
"C1115","1uF","C_0603_1608Metric",414.450000,-159.275000,-90.000000,bottom
"C1116","1uF","C_0603_1608Metric",418.450000,-159.275000,-90.000000,bottom
"C1117","1uF","C_0603_1608Metric",422.450000,-159.275000,-90.000000,bottom
"C1118","1uF","C_0603_1608Metric",426.450000,-159.275000,-90.000000,bottom
"C1119","1uF","C_0603_1608Metric",430.450000,-159.275000,-90.000000,bottom
"C1120","1uF","C_0603_1608Metric",434.450000,-159.275000,-90.000000,bottom
"C1121","1uF","C_0603_1608Metric",158.450000,-163.275000,-90.000000,bottom
"C1122","1uF","C_0603_1608Metric",162.450000,-163.275000,-90.000000,bottom
"C1123","1uF","C_0603_1608Metric",166.450000,-163.275000,-90.000000,bottom
"C1124","1uF","C_0603_1608Metric",170.450000,-163.275000,-90.000000,bottom
"C1125","1uF","C_0603_1608Metric",174.450000,-163.275000,-90.000000,bottom
"C1126","1uF","C_0603_1608Metric",178.450000,-163.275000,-90.000000,bottom
"C1127","1uF","C_0603_1608Metric",182.450000,-163.275000,-90.000000,bottom
"C1128","1uF","C_0603_1608Metric",186.450000,-163.275000,-90.000000,bottom
"C1129","1uF","C_0603_1608Metric",190.450000,-163.275000,-90.000000,bottom
"C1130","1uF","C_0603_1608Metric",194.450000,-163.275000,-90.000000,bottom
"C1131","1uF","C_0603_1608Metric",198.450000,-163.275000,-90.000000,bottom
"C1132","1uF","C_0603_1608Metric",202.450000,-163.275000,-90.000000,bottom
"C1133","1uF","C_0603_1608Metric",206.450000,-163.275000,-90.000000,bottom
"C1134","1uF","C_0603_1608Metric",210.450000,-163.275000,-90.000000,bottom
"C1135","1uF","C_0603_1608Metric",214.450000,-163.275000,-90.000000,bottom
"C1136","1uF","C_0603_1608Metric",218.450000,-163.275000,-90.000000,bottom
"C1137","1uF","C_0603_1608Metric",222.450000,-163.275000,-90.000000,bottom
"C1138","1uF","C_0603_1608Metric",226.450000,-163.275000,-90.000000,bottom
"C1139","1uF","C_0603_1608Metric",230.450000,-163.275000,-90.000000,bottom
"C1140","1uF","C_0603_1608Metric",234.450000,-163.275000,-90.000000,bottom
"C1141","1uF","C_0603_1608Metric",238.450000,-163.275000,-90.000000,bottom
"C1142","1uF","C_0603_1608Metric",242.450000,-163.275000,-90.000000,bottom
"C1143","1uF","C_0603_1608Metric",246.450000,-163.275000,-90.000000,bottom
"C1144","1uF","C_0603_1608Metric",250.450000,-163.275000,-90.000000,bottom
"C1145","1uF","C_0603_1608Metric",254.450000,-163.275000,-90.000000,bottom
"C1146","1uF","C_0603_1608Metric",258.450000,-163.275000,-90.000000,bottom
"C1147","1uF","C_0603_1608Metric",262.450000,-163.275000,-90.000000,bottom
"C1148","1uF","C_0603_1608Metric",266.450000,-163.275000,-90.000000,bottom
"C1149","1uF","C_0603_1608Metric",270.450000,-163.275000,-90.000000,bottom
"C1150","1uF","C_0603_1608Metric",274.450000,-163.275000,-90.000000,bottom
"C1151","1uF","C_0603_1608Metric",278.450000,-163.275000,-90.000000,bottom
"C1152","1uF","C_0603_1608Metric",282.450000,-163.275000,-90.000000,bottom
"C1153","1uF","C_0603_1608Metric",286.450000,-163.275000,-90.000000,bottom
"C1154","1uF","C_0603_1608Metric",290.450000,-163.275000,-90.000000,bottom
"C1155","1uF","C_0603_1608Metric",294.450000,-163.275000,-90.000000,bottom
"C1156","1uF","C_0603_1608Metric",298.450000,-163.275000,-90.000000,bottom
"C1157","1uF","C_0603_1608Metric",302.450000,-163.275000,-90.000000,bottom
"C1158","1uF","C_0603_1608Metric",306.450000,-163.275000,-90.000000,bottom
"C1159","1uF","C_0603_1608Metric",310.450000,-163.275000,-90.000000,bottom
"C1160","1uF","C_0603_1608Metric",314.450000,-163.275000,-90.000000,bottom
"C1161","1uF","C_0603_1608Metric",318.450000,-163.275000,-90.000000,bottom
"C1162","1uF","C_0603_1608Metric",322.450000,-163.275000,-90.000000,bottom
"C1163","1uF","C_0603_1608Metric",326.450000,-163.275000,-90.000000,bottom
"C1164","1uF","C_0603_1608Metric",330.450000,-163.275000,-90.000000,bottom
"C1165","1uF","C_0603_1608Metric",334.450000,-163.275000,-90.000000,bottom
"C1166","1uF","C_0603_1608Metric",338.450000,-163.275000,-90.000000,bottom
"C1167","1uF","C_0603_1608Metric",342.450000,-163.275000,-90.000000,bottom
"C1168","1uF","C_0603_1608Metric",346.450000,-163.275000,-90.000000,bottom
"C1169","1uF","C_0603_1608Metric",350.450000,-163.275000,-90.000000,bottom
"C1170","1uF","C_0603_1608Metric",354.450000,-163.275000,-90.000000,bottom
"C1171","1uF","C_0603_1608Metric",358.450000,-163.275000,-90.000000,bottom
"C1172","1uF","C_0603_1608Metric",362.450000,-163.275000,-90.000000,bottom
"C1173","1uF","C_0603_1608Metric",366.450000,-163.275000,-90.000000,bottom
"C1174","1uF","C_0603_1608Metric",370.450000,-163.275000,-90.000000,bottom
"C1175","1uF","C_0603_1608Metric",374.450000,-163.275000,-90.000000,bottom
"C1176","1uF","C_0603_1608Metric",378.450000,-163.275000,-90.000000,bottom
"C1177","1uF","C_0603_1608Metric",382.450000,-163.275000,-90.000000,bottom
"C1178","1uF","C_0603_1608Metric",386.450000,-163.275000,-90.000000,bottom
"C1179","1uF","C_0603_1608Metric",390.450000,-163.275000,-90.000000,bottom
"C1180","1uF","C_0603_1608Metric",394.450000,-163.275000,-90.000000,bottom
"C1181","1uF","C_0603_1608Metric",398.450000,-163.275000,-90.000000,bottom
"C1182","1uF","C_0603_1608Metric",402.450000,-163.275000,-90.000000,bottom
"C1183","1uF","C_0603_1608Metric",406.450000,-163.275000,-90.000000,bottom
"C1184","1uF","C_0603_1608Metric",410.450000,-163.275000,-90.000000,bottom
"C1185","1uF","C_0603_1608Metric",414.450000,-163.275000,-90.000000,bottom
"C1186","1uF","C_0603_1608Metric",418.450000,-163.275000,-90.000000,bottom
"C1187","1uF","C_0603_1608Metric",422.450000,-163.275000,-90.000000,bottom
"C1188","1uF","C_0603_1608Metric",426.450000,-163.275000,-90.000000,bottom
"C1189","1uF","C_0603_1608Metric",430.450000,-163.275000,-90.000000,bottom
"C1190","1uF","C_0603_1608Metric",434.450000,-163.275000,-90.000000,bottom
"C1191","1uF","C_0603_1608Metric",158.450000,-167.275000,-90.000000,bottom
"C1192","1uF","C_0603_1608Metric",162.450000,-167.275000,-90.000000,bottom
"C1193","1uF","C_0603_1608Metric",166.450000,-167.275000,-90.000000,bottom
"C1194","1uF","C_0603_1608Metric",170.450000,-167.275000,-90.000000,bottom
"C1195","1uF","C_0603_1608Metric",174.450000,-167.275000,-90.000000,bottom
"C1196","1uF","C_0603_1608Metric",178.450000,-167.275000,-90.000000,bottom
"C1197","1uF","C_0603_1608Metric",182.450000,-167.275000,-90.000000,bottom
"C1198","1uF","C_0603_1608Metric",186.450000,-167.275000,-90.000000,bottom
"C1199","1uF","C_0603_1608Metric",190.450000,-167.275000,-90.000000,bottom
"C1200","1uF","C_0603_1608Metric",194.450000,-167.275000,-90.000000,bottom
"C1201","1uF","C_0603_1608Metric",198.450000,-167.275000,-90.000000,bottom
"C1202","1uF","C_0603_1608Metric",202.450000,-167.275000,-90.000000,bottom
"C1203","1uF","C_0603_1608Metric",206.450000,-167.275000,-90.000000,bottom
"C1204","1uF","C_0603_1608Metric",210.450000,-167.275000,-90.000000,bottom
"C1205","1uF","C_0603_1608Metric",214.450000,-167.275000,-90.000000,bottom
"C1206","1uF","C_0603_1608Metric",218.450000,-167.275000,-90.000000,bottom
"C1207","1uF","C_0603_1608Metric",222.450000,-167.275000,-90.000000,bottom
"C1208","1uF","C_0603_1608Metric",226.450000,-167.275000,-90.000000,bottom
"C1209","1uF","C_0603_1608Metric",230.450000,-167.275000,-90.000000,bottom
"C1210","1uF","C_0603_1608Metric",234.450000,-167.275000,-90.000000,bottom
"C1211","1uF","C_0603_1608Metric",238.450000,-167.275000,-90.000000,bottom
"C1212","1uF","C_0603_1608Metric",242.450000,-167.275000,-90.000000,bottom
"C1213","1uF","C_0603_1608Metric",246.450000,-167.275000,-90.000000,bottom
"C1214","1uF","C_0603_1608Metric",250.450000,-167.275000,-90.000000,bottom
"C1215","1uF","C_0603_1608Metric",254.450000,-167.275000,-90.000000,bottom
"C1216","1uF","C_0603_1608Metric",258.450000,-167.275000,-90.000000,bottom
"C1217","1uF","C_0603_1608Metric",262.450000,-167.275000,-90.000000,bottom
"C1218","1uF","C_0603_1608Metric",266.450000,-167.275000,-90.000000,bottom
"C1219","1uF","C_0603_1608Metric",270.450000,-167.275000,-90.000000,bottom
"C1220","1uF","C_0603_1608Metric",274.450000,-167.275000,-90.000000,bottom
"C1221","1uF","C_0603_1608Metric",278.450000,-167.275000,-90.000000,bottom
"C1222","1uF","C_0603_1608Metric",282.450000,-167.275000,-90.000000,bottom
"C1223","1uF","C_0603_1608Metric",286.450000,-167.275000,-90.000000,bottom
"C1224","1uF","C_0603_1608Metric",290.450000,-167.275000,-90.000000,bottom
"C1225","1uF","C_0603_1608Metric",294.450000,-167.275000,-90.000000,bottom
"C1226","1uF","C_0603_1608Metric",298.450000,-167.275000,-90.000000,bottom
"C1227","1uF","C_0603_1608Metric",302.450000,-167.275000,-90.000000,bottom
"C1228","1uF","C_0603_1608Metric",306.450000,-167.275000,-90.000000,bottom
"C1229","1uF","C_0603_1608Metric",310.450000,-167.275000,-90.000000,bottom
"C1230","1uF","C_0603_1608Metric",314.450000,-167.275000,-90.000000,bottom
"C1231","1uF","C_0603_1608Metric",318.450000,-167.275000,-90.000000,bottom
"C1232","1uF","C_0603_1608Metric",322.450000,-167.275000,-90.000000,bottom
"C1233","1uF","C_0603_1608Metric",326.450000,-167.275000,-90.000000,bottom
"C1234","1uF","C_0603_1608Metric",330.450000,-167.275000,-90.000000,bottom
"C1235","1uF","C_0603_1608Metric",334.450000,-167.275000,-90.000000,bottom
"C1236","1uF","C_0603_1608Metric",338.450000,-167.275000,-90.000000,bottom
"C1237","1uF","C_0603_1608Metric",342.450000,-167.275000,-90.000000,bottom
"C1238","1uF","C_0603_1608Metric",346.450000,-167.275000,-90.000000,bottom
"C1239","1uF","C_0603_1608Metric",350.450000,-167.275000,-90.000000,bottom
"C1240","1uF","C_0603_1608Metric",354.450000,-167.275000,-90.000000,bottom
"C1241","1uF","C_0603_1608Metric",358.450000,-167.275000,-90.000000,bottom
"C1242","1uF","C_0603_1608Metric",362.450000,-167.275000,-90.000000,bottom
"C1243","1uF","C_0603_1608Metric",366.450000,-167.275000,-90.000000,bottom
"C1244","1uF","C_0603_1608Metric",370.450000,-167.275000,-90.000000,bottom
"C1245","1uF","C_0603_1608Metric",374.450000,-167.275000,-90.000000,bottom
"C1246","1uF","C_0603_1608Metric",378.450000,-167.275000,-90.000000,bottom
"C1247","1uF","C_0603_1608Metric",382.450000,-167.275000,-90.000000,bottom
"C1248","1uF","C_0603_1608Metric",386.450000,-167.275000,-90.000000,bottom
"C1249","1uF","C_0603_1608Metric",390.450000,-167.275000,-90.000000,bottom
"C1250","1uF","C_0603_1608Metric",394.450000,-167.275000,-90.000000,bottom
"C1251","1uF","C_0603_1608Metric",398.450000,-167.275000,-90.000000,bottom
"C1252","1uF","C_0603_1608Metric",402.450000,-167.275000,-90.000000,bottom
"C1253","1uF","C_0603_1608Metric",406.450000,-167.275000,-90.000000,bottom
"C1254","1uF","C_0603_1608Metric",410.450000,-167.275000,-90.000000,bottom
"C1255","1uF","C_0603_1608Metric",414.450000,-167.275000,-90.000000,bottom
"C1256","1uF","C_0603_1608Metric",418.450000,-167.275000,-90.000000,bottom
"C1257","1uF","C_0603_1608Metric",422.450000,-167.275000,-90.000000,bottom
"C1258","1uF","C_0603_1608Metric",426.450000,-167.275000,-90.000000,bottom
"C1259","1uF","C_0603_1608Metric",430.450000,-167.275000,-90.000000,bottom
"C1260","1uF","C_0603_1608Metric",434.450000,-167.275000,-90.000000,bottom
"C1261","1uF","C_0603_1608Metric",158.450000,-171.275000,-90.000000,bottom
"C1262","1uF","C_0603_1608Metric",162.450000,-171.275000,-90.000000,bottom
"C1263","1uF","C_0603_1608Metric",166.450000,-171.275000,-90.000000,bottom
"C1264","1uF","C_0603_1608Metric",170.450000,-171.275000,-90.000000,bottom
"C1265","1uF","C_0603_1608Metric",174.450000,-171.275000,-90.000000,bottom
"C1266","1uF","C_0603_1608Metric",178.450000,-171.275000,-90.000000,bottom
"C1267","1uF","C_0603_1608Metric",182.450000,-171.275000,-90.000000,bottom
"C1268","1uF","C_0603_1608Metric",186.450000,-171.275000,-90.000000,bottom
"C1269","1uF","C_0603_1608Metric",190.450000,-171.275000,-90.000000,bottom
"C1270","1uF","C_0603_1608Metric",194.450000,-171.275000,-90.000000,bottom
"C1271","1uF","C_0603_1608Metric",198.450000,-171.275000,-90.000000,bottom
"C1272","1uF","C_0603_1608Metric",202.450000,-171.275000,-90.000000,bottom
"C1273","1uF","C_0603_1608Metric",206.450000,-171.275000,-90.000000,bottom
"C1274","1uF","C_0603_1608Metric",210.450000,-171.275000,-90.000000,bottom
"C1275","1uF","C_0603_1608Metric",214.450000,-171.275000,-90.000000,bottom
"C1276","1uF","C_0603_1608Metric",218.450000,-171.275000,-90.000000,bottom
"C1277","1uF","C_0603_1608Metric",222.450000,-171.275000,-90.000000,bottom
"C1278","1uF","C_0603_1608Metric",226.450000,-171.275000,-90.000000,bottom
"C1279","1uF","C_0603_1608Metric",230.450000,-171.275000,-90.000000,bottom
"C1280","1uF","C_0603_1608Metric",234.450000,-171.275000,-90.000000,bottom
"C1281","1uF","C_0603_1608Metric",238.450000,-171.275000,-90.000000,bottom
"C1282","1uF","C_0603_1608Metric",242.450000,-171.275000,-90.000000,bottom
"C1283","1uF","C_0603_1608Metric",246.450000,-171.275000,-90.000000,bottom
"C1284","1uF","C_0603_1608Metric",250.450000,-171.275000,-90.000000,bottom
"C1285","1uF","C_0603_1608Metric",254.450000,-171.275000,-90.000000,bottom
"C1286","1uF","C_0603_1608Metric",258.450000,-171.275000,-90.000000,bottom
"C1287","1uF","C_0603_1608Metric",262.450000,-171.275000,-90.000000,bottom
"C1288","1uF","C_0603_1608Metric",266.450000,-171.275000,-90.000000,bottom
"C1289","1uF","C_0603_1608Metric",270.450000,-171.275000,-90.000000,bottom
"C1290","1uF","C_0603_1608Metric",274.450000,-171.275000,-90.000000,bottom
"C1291","1uF","C_0603_1608Metric",278.450000,-171.275000,-90.000000,bottom
"C1292","1uF","C_0603_1608Metric",282.450000,-171.275000,-90.000000,bottom
"C1293","1uF","C_0603_1608Metric",286.450000,-171.275000,-90.000000,bottom
"C1294","1uF","C_0603_1608Metric",290.450000,-171.275000,-90.000000,bottom
"C1295","1uF","C_0603_1608Metric",294.450000,-171.275000,-90.000000,bottom
"C1296","1uF","C_0603_1608Metric",298.450000,-171.275000,-90.000000,bottom
"C1297","1uF","C_0603_1608Metric",302.450000,-171.275000,-90.000000,bottom
"C1298","1uF","C_0603_1608Metric",306.450000,-171.275000,-90.000000,bottom
"C1299","1uF","C_0603_1608Metric",310.450000,-171.275000,-90.000000,bottom
"C1300","1uF","C_0603_1608Metric",314.450000,-171.275000,-90.000000,bottom
"C1301","1uF","C_0603_1608Metric",318.450000,-171.275000,-90.000000,bottom
"C1302","1uF","C_0603_1608Metric",322.450000,-171.275000,-90.000000,bottom
"C1303","1uF","C_0603_1608Metric",326.450000,-171.275000,-90.000000,bottom
"C1304","1uF","C_0603_1608Metric",330.450000,-171.275000,-90.000000,bottom
"C1305","1uF","C_0603_1608Metric",334.450000,-171.275000,-90.000000,bottom
"C1306","1uF","C_0603_1608Metric",338.450000,-171.275000,-90.000000,bottom
"C1307","1uF","C_0603_1608Metric",342.450000,-171.275000,-90.000000,bottom
"C1308","1uF","C_0603_1608Metric",346.450000,-171.275000,-90.000000,bottom
"C1309","1uF","C_0603_1608Metric",350.450000,-171.275000,-90.000000,bottom
"C1310","1uF","C_0603_1608Metric",354.450000,-171.275000,-90.000000,bottom
"C1311","1uF","C_0603_1608Metric",358.450000,-171.275000,-90.000000,bottom
"C1312","1uF","C_0603_1608Metric",362.450000,-171.275000,-90.000000,bottom
"C1313","1uF","C_0603_1608Metric",366.450000,-171.275000,-90.000000,bottom
"C1314","1uF","C_0603_1608Metric",370.450000,-171.275000,-90.000000,bottom
"C1315","1uF","C_0603_1608Metric",374.450000,-171.275000,-90.000000,bottom
"C1316","1uF","C_0603_1608Metric",378.450000,-171.275000,-90.000000,bottom
"C1317","1uF","C_0603_1608Metric",382.450000,-171.275000,-90.000000,bottom
"C1318","1uF","C_0603_1608Metric",386.450000,-171.275000,-90.000000,bottom
"C1319","1uF","C_0603_1608Metric",390.450000,-171.275000,-90.000000,bottom
"C1320","1uF","C_0603_1608Metric",394.450000,-171.275000,-90.000000,bottom
"C1321","1uF","C_0603_1608Metric",398.450000,-171.275000,-90.000000,bottom
"C1322","1uF","C_0603_1608Metric",402.450000,-171.275000,-90.000000,bottom
"C1323","1uF","C_0603_1608Metric",406.450000,-171.275000,-90.000000,bottom
"C1324","1uF","C_0603_1608Metric",410.450000,-171.275000,-90.000000,bottom
"C1325","1uF","C_0603_1608Metric",414.450000,-171.275000,-90.000000,bottom
"C1326","1uF","C_0603_1608Metric",418.450000,-171.275000,-90.000000,bottom
"C1327","1uF","C_0603_1608Metric",422.450000,-171.275000,-90.000000,bottom
"C1328","1uF","C_0603_1608Metric",426.450000,-171.275000,-90.000000,bottom
"C1329","1uF","C_0603_1608Metric",430.450000,-171.275000,-90.000000,bottom
"C1330","1uF","C_0603_1608Metric",434.450000,-171.275000,-90.000000,bottom
"C1331","1uF","C_0603_1608Metric",158.450000,-175.275000,-90.000000,bottom
"C1332","1uF","C_0603_1608Metric",162.450000,-175.275000,-90.000000,bottom
"C1333","1uF","C_0603_1608Metric",166.450000,-175.275000,-90.000000,bottom
"C1334","1uF","C_0603_1608Metric",170.450000,-175.275000,-90.000000,bottom
"C1335","1uF","C_0603_1608Metric",174.450000,-175.275000,-90.000000,bottom
"C1336","1uF","C_0603_1608Metric",178.450000,-175.275000,-90.000000,bottom
"C1337","1uF","C_0603_1608Metric",182.450000,-175.275000,-90.000000,bottom
"C1338","1uF","C_0603_1608Metric",186.450000,-175.275000,-90.000000,bottom
"C1339","1uF","C_0603_1608Metric",190.450000,-175.275000,-90.000000,bottom
"C1340","1uF","C_0603_1608Metric",194.450000,-175.275000,-90.000000,bottom
"C1341","1uF","C_0603_1608Metric",198.450000,-175.275000,-90.000000,bottom
"C1342","1uF","C_0603_1608Metric",202.450000,-175.275000,-90.000000,bottom
"C1343","1uF","C_0603_1608Metric",206.450000,-175.275000,-90.000000,bottom
"C1344","1uF","C_0603_1608Metric",210.450000,-175.275000,-90.000000,bottom
"C1345","1uF","C_0603_1608Metric",214.450000,-175.275000,-90.000000,bottom
"C1346","1uF","C_0603_1608Metric",218.450000,-175.275000,-90.000000,bottom
"C1347","1uF","C_0603_1608Metric",222.450000,-175.275000,-90.000000,bottom
"C1348","1uF","C_0603_1608Metric",226.450000,-175.275000,-90.000000,bottom
"C1349","1uF","C_0603_1608Metric",230.450000,-175.275000,-90.000000,bottom
"C1350","1uF","C_0603_1608Metric",234.450000,-175.275000,-90.000000,bottom
"C1351","1uF","C_0603_1608Metric",238.450000,-175.275000,-90.000000,bottom
"C1352","1uF","C_0603_1608Metric",242.450000,-175.275000,-90.000000,bottom
"C1353","1uF","C_0603_1608Metric",246.450000,-175.275000,-90.000000,bottom
"C1354","1uF","C_0603_1608Metric",250.450000,-175.275000,-90.000000,bottom
"C1355","1uF","C_0603_1608Metric",254.450000,-175.275000,-90.000000,bottom
"C1356","1uF","C_0603_1608Metric",258.450000,-175.275000,-90.000000,bottom
"C1357","1uF","C_0603_1608Metric",262.450000,-175.275000,-90.000000,bottom
"C1358","1uF","C_0603_1608Metric",266.450000,-175.275000,-90.000000,bottom
"C1359","1uF","C_0603_1608Metric",270.450000,-175.275000,-90.000000,bottom
"C1360","1uF","C_0603_1608Metric",274.450000,-175.275000,-90.000000,bottom
"C1361","1uF","C_0603_1608Metric",278.450000,-175.275000,-90.000000,bottom
"C1362","1uF","C_0603_1608Metric",282.450000,-175.275000,-90.000000,bottom
"C1363","1uF","C_0603_1608Metric",286.450000,-175.275000,-90.000000,bottom
"C1364","1uF","C_0603_1608Metric",290.450000,-175.275000,-90.000000,bottom
"C1365","1uF","C_0603_1608Metric",294.450000,-175.275000,-90.000000,bottom
"C1366","1uF","C_0603_1608Metric",298.450000,-175.275000,-90.000000,bottom
"C1367","1uF","C_0603_1608Metric",302.450000,-175.275000,-90.000000,bottom
"C1368","1uF","C_0603_1608Metric",306.450000,-175.275000,-90.000000,bottom
"C1369","1uF","C_0603_1608Metric",310.450000,-175.275000,-90.000000,bottom
"C1370","1uF","C_0603_1608Metric",314.450000,-175.275000,-90.000000,bottom
"C1371","1uF","C_0603_1608Metric",318.450000,-175.275000,-90.000000,bottom
"C1372","1uF","C_0603_1608Metric",322.450000,-175.275000,-90.000000,bottom
"C1373","1uF","C_0603_1608Metric",326.450000,-175.275000,-90.000000,bottom
"C1374","1uF","C_0603_1608Metric",330.450000,-175.275000,-90.000000,bottom
"C1375","1uF","C_0603_1608Metric",334.450000,-175.275000,-90.000000,bottom
"C1376","1uF","C_0603_1608Metric",338.450000,-175.275000,-90.000000,bottom
"C1377","1uF","C_0603_1608Metric",342.450000,-175.275000,-90.000000,bottom
"C1378","1uF","C_0603_1608Metric",346.450000,-175.275000,-90.000000,bottom
"C1379","1uF","C_0603_1608Metric",350.450000,-175.275000,-90.000000,bottom
"C1380","1uF","C_0603_1608Metric",354.450000,-175.275000,-90.000000,bottom
"C1381","1uF","C_0603_1608Metric",358.450000,-175.275000,-90.000000,bottom
"C1382","1uF","C_0603_1608Metric",362.450000,-175.275000,-90.000000,bottom
"C1383","1uF","C_0603_1608Metric",366.450000,-175.275000,-90.000000,bottom
"C1384","1uF","C_0603_1608Metric",370.450000,-175.275000,-90.000000,bottom
"C1385","1uF","C_0603_1608Metric",374.450000,-175.275000,-90.000000,bottom
"C1386","1uF","C_0603_1608Metric",378.450000,-175.275000,-90.000000,bottom
"C1387","1uF","C_0603_1608Metric",382.450000,-175.275000,-90.000000,bottom
"C1388","1uF","C_0603_1608Metric",386.450000,-175.275000,-90.000000,bottom
"C1389","1uF","C_0603_1608Metric",390.450000,-175.275000,-90.000000,bottom
"C1390","1uF","C_0603_1608Metric",394.450000,-175.275000,-90.000000,bottom
"C1391","1uF","C_0603_1608Metric",398.450000,-175.275000,-90.000000,bottom
"C1392","1uF","C_0603_1608Metric",402.450000,-175.275000,-90.000000,bottom
"C1393","1uF","C_0603_1608Metric",406.450000,-175.275000,-90.000000,bottom
"C1394","1uF","C_0603_1608Metric",410.450000,-175.275000,-90.000000,bottom
"C1395","1uF","C_0603_1608Metric",414.450000,-175.275000,-90.000000,bottom
"C1396","1uF","C_0603_1608Metric",418.450000,-175.275000,-90.000000,bottom
"C1397","1uF","C_0603_1608Metric",422.450000,-175.275000,-90.000000,bottom
"C1398","1uF","C_0603_1608Metric",426.450000,-175.275000,-90.000000,bottom
"C1399","1uF","C_0603_1608Metric",430.450000,-175.275000,-90.000000,bottom
"C1400","1uF","C_0603_1608Metric",434.450000,-175.275000,-90.000000,bottom
"C1401","1uF","C_0603_1608Metric",158.450000,-179.275000,-90.000000,bottom
"C1402","1uF","C_0603_1608Metric",162.450000,-179.275000,-90.000000,bottom
"C1403","1uF","C_0603_1608Metric",166.450000,-179.275000,-90.000000,bottom
"C1404","1uF","C_0603_1608Metric",170.450000,-179.275000,-90.000000,bottom
"C1405","1uF","C_0603_1608Metric",174.450000,-179.275000,-90.000000,bottom
"C1406","1uF","C_0603_1608Metric",178.450000,-179.275000,-90.000000,bottom
"C1407","1uF","C_0603_1608Metric",182.450000,-179.275000,-90.000000,bottom
"C1408","1uF","C_0603_1608Metric",186.450000,-179.275000,-90.000000,bottom
"C1409","1uF","C_0603_1608Metric",190.450000,-179.275000,-90.000000,bottom
"C1410","1uF","C_0603_1608Metric",194.450000,-179.275000,-90.000000,bottom
"C1411","1uF","C_0603_1608Metric",198.450000,-179.275000,-90.000000,bottom
"C1412","1uF","C_0603_1608Metric",202.450000,-179.275000,-90.000000,bottom
"C1413","1uF","C_0603_1608Metric",206.450000,-179.275000,-90.000000,bottom
"C1414","1uF","C_0603_1608Metric",210.450000,-179.275000,-90.000000,bottom
"C1415","1uF","C_0603_1608Metric",214.450000,-179.275000,-90.000000,bottom
"C1416","1uF","C_0603_1608Metric",218.450000,-179.275000,-90.000000,bottom
"C1417","1uF","C_0603_1608Metric",222.450000,-179.275000,-90.000000,bottom
"C1418","1uF","C_0603_1608Metric",226.450000,-179.275000,-90.000000,bottom
"C1419","1uF","C_0603_1608Metric",230.450000,-179.275000,-90.000000,bottom
"C1420","1uF","C_0603_1608Metric",234.450000,-179.275000,-90.000000,bottom
"C1421","1uF","C_0603_1608Metric",238.450000,-179.275000,-90.000000,bottom
"C1422","1uF","C_0603_1608Metric",242.450000,-179.275000,-90.000000,bottom
"C1423","1uF","C_0603_1608Metric",246.450000,-179.275000,-90.000000,bottom
"C1424","1uF","C_0603_1608Metric",250.450000,-179.275000,-90.000000,bottom
"C1425","1uF","C_0603_1608Metric",254.450000,-179.275000,-90.000000,bottom
"C1426","1uF","C_0603_1608Metric",258.450000,-179.275000,-90.000000,bottom
"C1427","1uF","C_0603_1608Metric",262.450000,-179.275000,-90.000000,bottom
"C1428","1uF","C_0603_1608Metric",266.450000,-179.275000,-90.000000,bottom
"C1429","1uF","C_0603_1608Metric",270.450000,-179.275000,-90.000000,bottom
"C1430","1uF","C_0603_1608Metric",274.450000,-179.275000,-90.000000,bottom
"C1431","1uF","C_0603_1608Metric",278.450000,-179.275000,-90.000000,bottom
"C1432","1uF","C_0603_1608Metric",282.450000,-179.275000,-90.000000,bottom
"C1433","1uF","C_0603_1608Metric",286.450000,-179.275000,-90.000000,bottom
"C1434","1uF","C_0603_1608Metric",290.450000,-179.275000,-90.000000,bottom
"C1435","1uF","C_0603_1608Metric",294.450000,-179.275000,-90.000000,bottom
"C1436","1uF","C_0603_1608Metric",298.450000,-179.275000,-90.000000,bottom
"C1437","1uF","C_0603_1608Metric",302.450000,-179.275000,-90.000000,bottom
"C1438","1uF","C_0603_1608Metric",306.450000,-179.275000,-90.000000,bottom
"C1439","1uF","C_0603_1608Metric",310.450000,-179.275000,-90.000000,bottom
"C1440","1uF","C_0603_1608Metric",314.450000,-179.275000,-90.000000,bottom
"C1441","1uF","C_0603_1608Metric",318.450000,-179.275000,-90.000000,bottom
"C1442","1uF","C_0603_1608Metric",322.450000,-179.275000,-90.000000,bottom
"C1443","1uF","C_0603_1608Metric",326.450000,-179.275000,-90.000000,bottom
"C1444","1uF","C_0603_1608Metric",330.450000,-179.275000,-90.000000,bottom
"C1445","1uF","C_0603_1608Metric",334.450000,-179.275000,-90.000000,bottom
"C1446","1uF","C_0603_1608Metric",338.450000,-179.275000,-90.000000,bottom
"C1447","1uF","C_0603_1608Metric",342.450000,-179.275000,-90.000000,bottom
"C1448","1uF","C_0603_1608Metric",346.450000,-179.275000,-90.000000,bottom
"C1449","1uF","C_0603_1608Metric",350.450000,-179.275000,-90.000000,bottom
"C1450","1uF","C_0603_1608Metric",354.450000,-179.275000,-90.000000,bottom
"C1451","1uF","C_0603_1608Metric",358.450000,-179.275000,-90.000000,bottom
"C1452","1uF","C_0603_1608Metric",362.450000,-179.275000,-90.000000,bottom
"C1453","1uF","C_0603_1608Metric",366.450000,-179.275000,-90.000000,bottom
"C1454","1uF","C_0603_1608Metric",370.450000,-179.275000,-90.000000,bottom
"C1455","1uF","C_0603_1608Metric",374.450000,-179.275000,-90.000000,bottom
"C1456","1uF","C_0603_1608Metric",378.450000,-179.275000,-90.000000,bottom
"C1457","1uF","C_0603_1608Metric",382.450000,-179.275000,-90.000000,bottom
"C1458","1uF","C_0603_1608Metric",386.450000,-179.275000,-90.000000,bottom
"C1459","1uF","C_0603_1608Metric",390.450000,-179.275000,-90.000000,bottom
"C1460","1uF","C_0603_1608Metric",394.450000,-179.275000,-90.000000,bottom
"C1461","1uF","C_0603_1608Metric",398.450000,-179.275000,-90.000000,bottom
"C1462","1uF","C_0603_1608Metric",402.450000,-179.275000,-90.000000,bottom
"C1463","1uF","C_0603_1608Metric",406.450000,-179.275000,-90.000000,bottom
"C1464","1uF","C_0603_1608Metric",410.450000,-179.275000,-90.000000,bottom
"C1465","1uF","C_0603_1608Metric",414.450000,-179.275000,-90.000000,bottom
"C1466","1uF","C_0603_1608Metric",418.450000,-179.275000,-90.000000,bottom
"C1467","1uF","C_0603_1608Metric",422.450000,-179.275000,-90.000000,bottom
"C1468","1uF","C_0603_1608Metric",426.450000,-179.275000,-90.000000,bottom
"C1469","1uF","C_0603_1608Metric",430.450000,-179.275000,-90.000000,bottom
"C1470","1uF","C_0603_1608Metric",434.450000,-179.275000,-90.000000,bottom
"C1471","1uF","C_0603_1608Metric",158.450000,-183.275000,-90.000000,bottom
"C1472","1uF","C_0603_1608Metric",162.450000,-183.275000,-90.000000,bottom
"C1473","1uF","C_0603_1608Metric",166.450000,-183.275000,-90.000000,bottom
"C1474","1uF","C_0603_1608Metric",170.450000,-183.275000,-90.000000,bottom
"C1475","1uF","C_0603_1608Metric",174.450000,-183.275000,-90.000000,bottom
"C1476","1uF","C_0603_1608Metric",178.450000,-183.275000,-90.000000,bottom
"C1477","1uF","C_0603_1608Metric",182.450000,-183.275000,-90.000000,bottom
"C1478","1uF","C_0603_1608Metric",186.450000,-183.275000,-90.000000,bottom
"C1479","1uF","C_0603_1608Metric",190.450000,-183.275000,-90.000000,bottom
"C1480","1uF","C_0603_1608Metric",194.450000,-183.275000,-90.000000,bottom
"C1481","1uF","C_0603_1608Metric",198.450000,-183.275000,-90.000000,bottom
"C1482","1uF","C_0603_1608Metric",202.450000,-183.275000,-90.000000,bottom
"C1483","1uF","C_0603_1608Metric",206.450000,-183.275000,-90.000000,bottom
"C1484","1uF","C_0603_1608Metric",210.450000,-183.275000,-90.000000,bottom
"C1485","1uF","C_0603_1608Metric",214.450000,-183.275000,-90.000000,bottom
"C1486","1uF","C_0603_1608Metric",218.450000,-183.275000,-90.000000,bottom
"C1487","1uF","C_0603_1608Metric",222.450000,-183.275000,-90.000000,bottom
"C1488","1uF","C_0603_1608Metric",226.450000,-183.275000,-90.000000,bottom
"C1489","1uF","C_0603_1608Metric",230.450000,-183.275000,-90.000000,bottom
"C1490","1uF","C_0603_1608Metric",234.450000,-183.275000,-90.000000,bottom
"C1491","1uF","C_0603_1608Metric",238.450000,-183.275000,-90.000000,bottom
"C1492","1uF","C_0603_1608Metric",242.450000,-183.275000,-90.000000,bottom
"C1493","1uF","C_0603_1608Metric",246.450000,-183.275000,-90.000000,bottom
"C1494","1uF","C_0603_1608Metric",250.450000,-183.275000,-90.000000,bottom
"C1495","1uF","C_0603_1608Metric",254.450000,-183.275000,-90.000000,bottom
"C1496","1uF","C_0603_1608Metric",258.450000,-183.275000,-90.000000,bottom
"C1497","1uF","C_0603_1608Metric",262.450000,-183.275000,-90.000000,bottom
"C1498","1uF","C_0603_1608Metric",266.450000,-183.275000,-90.000000,bottom
"C1499","1uF","C_0603_1608Metric",270.450000,-183.275000,-90.000000,bottom
"C1500","1uF","C_0603_1608Metric",274.450000,-183.275000,-90.000000,bottom
"C1501","1uF","C_0603_1608Metric",278.450000,-183.275000,-90.000000,bottom
"C1502","1uF","C_0603_1608Metric",282.450000,-183.275000,-90.000000,bottom
"C1503","1uF","C_0603_1608Metric",286.450000,-183.275000,-90.000000,bottom
"C1504","1uF","C_0603_1608Metric",290.450000,-183.275000,-90.000000,bottom
"C1505","1uF","C_0603_1608Metric",294.450000,-183.275000,-90.000000,bottom
"C1506","1uF","C_0603_1608Metric",298.450000,-183.275000,-90.000000,bottom
"C1507","1uF","C_0603_1608Metric",302.450000,-183.275000,-90.000000,bottom
"C1508","1uF","C_0603_1608Metric",306.450000,-183.275000,-90.000000,bottom
"C1509","1uF","C_0603_1608Metric",310.450000,-183.275000,-90.000000,bottom
"C1510","1uF","C_0603_1608Metric",314.450000,-183.275000,-90.000000,bottom
"C1511","1uF","C_0603_1608Metric",318.450000,-183.275000,-90.000000,bottom
"C1512","1uF","C_0603_1608Metric",322.450000,-183.275000,-90.000000,bottom
"C1513","1uF","C_0603_1608Metric",326.450000,-183.275000,-90.000000,bottom
"C1514","1uF","C_0603_1608Metric",330.450000,-183.275000,-90.000000,bottom
"C1515","1uF","C_0603_1608Metric",334.450000,-183.275000,-90.000000,bottom
"C1516","1uF","C_0603_1608Metric",338.450000,-183.275000,-90.000000,bottom
"C1517","1uF","C_0603_1608Metric",342.450000,-183.275000,-90.000000,bottom
"C1518","1uF","C_0603_1608Metric",346.450000,-183.275000,-90.000000,bottom
"C1519","1uF","C_0603_1608Metric",350.450000,-183.275000,-90.000000,bottom
"C1520","1uF","C_0603_1608Metric",354.450000,-183.275000,-90.000000,bottom
"C1521","1uF","C_0603_1608Metric",358.450000,-183.275000,-90.000000,bottom
"C1522","1uF","C_0603_1608Metric",362.450000,-183.275000,-90.000000,bottom
"C1523","1uF","C_0603_1608Metric",366.450000,-183.275000,-90.000000,bottom
"C1524","1uF","C_0603_1608Metric",370.450000,-183.275000,-90.000000,bottom
"C1525","1uF","C_0603_1608Metric",374.450000,-183.275000,-90.000000,bottom
"C1526","1uF","C_0603_1608Metric",378.450000,-183.275000,-90.000000,bottom
"C1527","1uF","C_0603_1608Metric",382.450000,-183.275000,-90.000000,bottom
"C1528","1uF","C_0603_1608Metric",386.450000,-183.275000,-90.000000,bottom
"C1529","1uF","C_0603_1608Metric",390.450000,-183.275000,-90.000000,bottom
"C1530","1uF","C_0603_1608Metric",394.450000,-183.275000,-90.000000,bottom
"C1531","1uF","C_0603_1608Metric",398.450000,-183.275000,-90.000000,bottom
"C1532","1uF","C_0603_1608Metric",402.450000,-183.275000,-90.000000,bottom
"C1533","1uF","C_0603_1608Metric",406.450000,-183.275000,-90.000000,bottom
"C1534","1uF","C_0603_1608Metric",410.450000,-183.275000,-90.000000,bottom
"C1535","1uF","C_0603_1608Metric",414.450000,-183.275000,-90.000000,bottom
"C1536","1uF","C_0603_1608Metric",418.450000,-183.275000,-90.000000,bottom
"C1537","1uF","C_0603_1608Metric",422.450000,-183.275000,-90.000000,bottom
"C1538","1uF","C_0603_1608Metric",426.450000,-183.275000,-90.000000,bottom
"C1539","1uF","C_0603_1608Metric",430.450000,-183.275000,-90.000000,bottom
"C1540","1uF","C_0603_1608Metric",434.450000,-183.275000,-90.000000,bottom
"C1541","1uF","C_0603_1608Metric",158.450000,-187.275000,-90.000000,bottom
"C1542","1uF","C_0603_1608Metric",162.450000,-187.275000,-90.000000,bottom
"C1543","1uF","C_0603_1608Metric",166.450000,-187.275000,-90.000000,bottom
"C1544","1uF","C_0603_1608Metric",170.450000,-187.275000,-90.000000,bottom
"C1545","1uF","C_0603_1608Metric",174.450000,-187.275000,-90.000000,bottom
"C1546","1uF","C_0603_1608Metric",178.450000,-187.275000,-90.000000,bottom
"C1547","1uF","C_0603_1608Metric",182.450000,-187.275000,-90.000000,bottom
"C1548","1uF","C_0603_1608Metric",186.450000,-187.275000,-90.000000,bottom
"C1549","1uF","C_0603_1608Metric",190.450000,-187.275000,-90.000000,bottom
"C1550","1uF","C_0603_1608Metric",194.450000,-187.275000,-90.000000,bottom
"C1551","1uF","C_0603_1608Metric",198.450000,-187.275000,-90.000000,bottom
"C1552","1uF","C_0603_1608Metric",202.450000,-187.275000,-90.000000,bottom
"C1553","1uF","C_0603_1608Metric",206.450000,-187.275000,-90.000000,bottom
"C1554","1uF","C_0603_1608Metric",210.450000,-187.275000,-90.000000,bottom
"C1555","1uF","C_0603_1608Metric",214.450000,-187.275000,-90.000000,bottom
"C1556","1uF","C_0603_1608Metric",218.450000,-187.275000,-90.000000,bottom
"C1557","1uF","C_0603_1608Metric",222.450000,-187.275000,-90.000000,bottom
"C1558","1uF","C_0603_1608Metric",226.450000,-187.275000,-90.000000,bottom
"C1559","1uF","C_0603_1608Metric",230.450000,-187.275000,-90.000000,bottom
"C1560","1uF","C_0603_1608Metric",234.450000,-187.275000,-90.000000,bottom
"C1561","1uF","C_0603_1608Metric",238.450000,-187.275000,-90.000000,bottom
"C1562","1uF","C_0603_1608Metric",242.450000,-187.275000,-90.000000,bottom
"C1563","1uF","C_0603_1608Metric",246.450000,-187.275000,-90.000000,bottom
"C1564","1uF","C_0603_1608Metric",250.450000,-187.275000,-90.000000,bottom
"C1565","1uF","C_0603_1608Metric",254.450000,-187.275000,-90.000000,bottom
"C1566","1uF","C_0603_1608Metric",258.450000,-187.275000,-90.000000,bottom
"C1567","1uF","C_0603_1608Metric",262.450000,-187.275000,-90.000000,bottom
"C1568","1uF","C_0603_1608Metric",266.450000,-187.275000,-90.000000,bottom
"C1569","1uF","C_0603_1608Metric",270.450000,-187.275000,-90.000000,bottom
"C1570","1uF","C_0603_1608Metric",274.450000,-187.275000,-90.000000,bottom
"C1571","1uF","C_0603_1608Metric",278.450000,-187.275000,-90.000000,bottom
"C1572","1uF","C_0603_1608Metric",282.450000,-187.275000,-90.000000,bottom
"C1573","1uF","C_0603_1608Metric",286.450000,-187.275000,-90.000000,bottom
"C1574","1uF","C_0603_1608Metric",290.450000,-187.275000,-90.000000,bottom
"C1575","1uF","C_0603_1608Metric",294.450000,-187.275000,-90.000000,bottom
"C1576","1uF","C_0603_1608Metric",298.450000,-187.275000,-90.000000,bottom
"C1577","1uF","C_0603_1608Metric",302.450000,-187.275000,-90.000000,bottom
"C1578","1uF","C_0603_1608Metric",306.450000,-187.275000,-90.000000,bottom
"C1579","1uF","C_0603_1608Metric",310.450000,-187.275000,-90.000000,bottom
"C1580","1uF","C_0603_1608Metric",314.450000,-187.275000,-90.000000,bottom
"C1581","1uF","C_0603_1608Metric",318.450000,-187.275000,-90.000000,bottom
"C1582","1uF","C_0603_1608Metric",322.450000,-187.275000,-90.000000,bottom
"C1583","1uF","C_0603_1608Metric",326.450000,-187.275000,-90.000000,bottom
"C1584","1uF","C_0603_1608Metric",330.450000,-187.275000,-90.000000,bottom
"C1585","1uF","C_0603_1608Metric",334.450000,-187.275000,-90.000000,bottom
"C1586","1uF","C_0603_1608Metric",338.450000,-187.275000,-90.000000,bottom
"C1587","1uF","C_0603_1608Metric",342.450000,-187.275000,-90.000000,bottom
"C1588","1uF","C_0603_1608Metric",346.450000,-187.275000,-90.000000,bottom
"C1589","1uF","C_0603_1608Metric",350.450000,-187.275000,-90.000000,bottom
"C1590","1uF","C_0603_1608Metric",354.450000,-187.275000,-90.000000,bottom
"C1591","1uF","C_0603_1608Metric",358.450000,-187.275000,-90.000000,bottom
"C1592","1uF","C_0603_1608Metric",362.450000,-187.275000,-90.000000,bottom
"C1593","1uF","C_0603_1608Metric",366.450000,-187.275000,-90.000000,bottom
"C1594","1uF","C_0603_1608Metric",370.450000,-187.275000,-90.000000,bottom
"C1595","1uF","C_0603_1608Metric",374.450000,-187.275000,-90.000000,bottom
"C1596","1uF","C_0603_1608Metric",378.450000,-187.275000,-90.000000,bottom
"C1597","1uF","C_0603_1608Metric",382.450000,-187.275000,-90.000000,bottom
"C1598","1uF","C_0603_1608Metric",386.450000,-187.275000,-90.000000,bottom
"C1599","1uF","C_0603_1608Metric",390.450000,-187.275000,-90.000000,bottom
"C1600","1uF","C_0603_1608Metric",394.450000,-187.275000,-90.000000,bottom
"C1601","1uF","C_0603_1608Metric",398.450000,-187.275000,-90.000000,bottom
"C1602","1uF","C_0603_1608Metric",402.450000,-187.275000,-90.000000,bottom
"C1603","1uF","C_0603_1608Metric",406.450000,-187.275000,-90.000000,bottom
"C1604","1uF","C_0603_1608Metric",410.450000,-187.275000,-90.000000,bottom
"C1605","1uF","C_0603_1608Metric",414.450000,-187.275000,-90.000000,bottom
"C1606","1uF","C_0603_1608Metric",418.450000,-187.275000,-90.000000,bottom
"C1607","1uF","C_0603_1608Metric",422.450000,-187.275000,-90.000000,bottom
"C1608","1uF","C_0603_1608Metric",426.450000,-187.275000,-90.000000,bottom
"C1609","1uF","C_0603_1608Metric",430.450000,-187.275000,-90.000000,bottom
"C1610","1uF","C_0603_1608Metric",434.450000,-187.275000,-90.000000,bottom
"C1611","1uF","C_0603_1608Metric",158.450000,-191.275000,-90.000000,bottom
"C1612","1uF","C_0603_1608Metric",162.450000,-191.275000,-90.000000,bottom
"C1613","1uF","C_0603_1608Metric",166.450000,-191.275000,-90.000000,bottom
"C1614","1uF","C_0603_1608Metric",170.450000,-191.275000,-90.000000,bottom
"C1615","1uF","C_0603_1608Metric",174.450000,-191.275000,-90.000000,bottom
"C1616","1uF","C_0603_1608Metric",178.450000,-191.275000,-90.000000,bottom
"C1617","1uF","C_0603_1608Metric",182.450000,-191.275000,-90.000000,bottom
"C1618","1uF","C_0603_1608Metric",186.450000,-191.275000,-90.000000,bottom
"C1619","1uF","C_0603_1608Metric",190.450000,-191.275000,-90.000000,bottom
"C1620","1uF","C_0603_1608Metric",194.450000,-191.275000,-90.000000,bottom
"C1621","1uF","C_0603_1608Metric",198.450000,-191.275000,-90.000000,bottom
"C1622","1uF","C_0603_1608Metric",202.450000,-191.275000,-90.000000,bottom
"C1623","1uF","C_0603_1608Metric",206.450000,-191.275000,-90.000000,bottom
"C1624","1uF","C_0603_1608Metric",210.450000,-191.275000,-90.000000,bottom
"C1625","1uF","C_0603_1608Metric",214.450000,-191.275000,-90.000000,bottom
"C1626","1uF","C_0603_1608Metric",218.450000,-191.275000,-90.000000,bottom
"C1627","1uF","C_0603_1608Metric",222.450000,-191.275000,-90.000000,bottom
"C1628","1uF","C_0603_1608Metric",226.450000,-191.275000,-90.000000,bottom
"C1629","1uF","C_0603_1608Metric",230.450000,-191.275000,-90.000000,bottom
"C1630","1uF","C_0603_1608Metric",234.450000,-191.275000,-90.000000,bottom
"C1631","1uF","C_0603_1608Metric",238.450000,-191.275000,-90.000000,bottom
"C1632","1uF","C_0603_1608Metric",242.450000,-191.275000,-90.000000,bottom
"C1633","1uF","C_0603_1608Metric",246.450000,-191.275000,-90.000000,bottom
"C1634","1uF","C_0603_1608Metric",250.450000,-191.275000,-90.000000,bottom
"C1635","1uF","C_0603_1608Metric",254.450000,-191.275000,-90.000000,bottom
"C1636","1uF","C_0603_1608Metric",258.450000,-191.275000,-90.000000,bottom
"C1637","1uF","C_0603_1608Metric",262.450000,-191.275000,-90.000000,bottom
"C1638","1uF","C_0603_1608Metric",266.450000,-191.275000,-90.000000,bottom
"C1639","1uF","C_0603_1608Metric",270.450000,-191.275000,-90.000000,bottom
"C1640","1uF","C_0603_1608Metric",274.450000,-191.275000,-90.000000,bottom
"C1641","1uF","C_0603_1608Metric",278.450000,-191.275000,-90.000000,bottom
"C1642","1uF","C_0603_1608Metric",282.450000,-191.275000,-90.000000,bottom
"C1643","1uF","C_0603_1608Metric",286.450000,-191.275000,-90.000000,bottom
"C1644","1uF","C_0603_1608Metric",290.450000,-191.275000,-90.000000,bottom
"C1645","1uF","C_0603_1608Metric",294.450000,-191.275000,-90.000000,bottom
"C1646","1uF","C_0603_1608Metric",298.450000,-191.275000,-90.000000,bottom
"C1647","1uF","C_0603_1608Metric",302.450000,-191.275000,-90.000000,bottom
"C1648","1uF","C_0603_1608Metric",306.450000,-191.275000,-90.000000,bottom
"C1649","1uF","C_0603_1608Metric",310.450000,-191.275000,-90.000000,bottom
"C1650","1uF","C_0603_1608Metric",314.450000,-191.275000,-90.000000,bottom
"C1651","1uF","C_0603_1608Metric",318.450000,-191.275000,-90.000000,bottom
"C1652","1uF","C_0603_1608Metric",322.450000,-191.275000,-90.000000,bottom
"C1653","1uF","C_0603_1608Metric",326.450000,-191.275000,-90.000000,bottom
"C1654","1uF","C_0603_1608Metric",330.450000,-191.275000,-90.000000,bottom
"C1655","1uF","C_0603_1608Metric",334.450000,-191.275000,-90.000000,bottom
"C1656","1uF","C_0603_1608Metric",338.450000,-191.275000,-90.000000,bottom
"C1657","1uF","C_0603_1608Metric",342.450000,-191.275000,-90.000000,bottom
"C1658","1uF","C_0603_1608Metric",346.450000,-191.275000,-90.000000,bottom
"C1659","1uF","C_0603_1608Metric",350.450000,-191.275000,-90.000000,bottom
"C1660","1uF","C_0603_1608Metric",354.450000,-191.275000,-90.000000,bottom
"C1661","1uF","C_0603_1608Metric",358.450000,-191.275000,-90.000000,bottom
"C1662","1uF","C_0603_1608Metric",362.450000,-191.275000,-90.000000,bottom
"C1663","1uF","C_0603_1608Metric",366.450000,-191.275000,-90.000000,bottom
"C1664","1uF","C_0603_1608Metric",370.450000,-191.275000,-90.000000,bottom
"C1665","1uF","C_0603_1608Metric",374.450000,-191.275000,-90.000000,bottom
"C1666","1uF","C_0603_1608Metric",378.450000,-191.275000,-90.000000,bottom
"C1667","1uF","C_0603_1608Metric",382.450000,-191.275000,-90.000000,bottom
"C1668","1uF","C_0603_1608Metric",386.450000,-191.275000,-90.000000,bottom
"C1669","1uF","C_0603_1608Metric",390.450000,-191.275000,-90.000000,bottom
"C1670","1uF","C_0603_1608Metric",394.450000,-191.275000,-90.000000,bottom
"C1671","1uF","C_0603_1608Metric",398.450000,-191.275000,-90.000000,bottom
"C1672","1uF","C_0603_1608Metric",402.450000,-191.275000,-90.000000,bottom
"C1673","1uF","C_0603_1608Metric",406.450000,-191.275000,-90.000000,bottom
"C1674","1uF","C_0603_1608Metric",410.450000,-191.275000,-90.000000,bottom
"C1675","1uF","C_0603_1608Metric",414.450000,-191.275000,-90.000000,bottom
"C1676","1uF","C_0603_1608Metric",418.450000,-191.275000,-90.000000,bottom
"C1677","1uF","C_0603_1608Metric",422.450000,-191.275000,-90.000000,bottom
"C1678","1uF","C_0603_1608Metric",426.450000,-191.275000,-90.000000,bottom
"C1679","1uF","C_0603_1608Metric",430.450000,-191.275000,-90.000000,bottom
"C1680","1uF","C_0603_1608Metric",434.450000,-191.275000,-90.000000,bottom
"C1681","1uF","C_0603_1608Metric",158.450000,-195.275000,-90.000000,bottom
"C1682","1uF","C_0603_1608Metric",162.450000,-195.275000,-90.000000,bottom
"C1683","1uF","C_0603_1608Metric",166.450000,-195.275000,-90.000000,bottom
"C1684","1uF","C_0603_1608Metric",170.450000,-195.275000,-90.000000,bottom
"C1685","1uF","C_0603_1608Metric",174.450000,-195.275000,-90.000000,bottom
"C1686","1uF","C_0603_1608Metric",178.450000,-195.275000,-90.000000,bottom
"C1687","1uF","C_0603_1608Metric",182.450000,-195.275000,-90.000000,bottom
"C1688","1uF","C_0603_1608Metric",186.450000,-195.275000,-90.000000,bottom
"C1689","1uF","C_0603_1608Metric",190.450000,-195.275000,-90.000000,bottom
"C1690","1uF","C_0603_1608Metric",194.450000,-195.275000,-90.000000,bottom
"C1691","1uF","C_0603_1608Metric",198.450000,-195.275000,-90.000000,bottom
"C1692","1uF","C_0603_1608Metric",202.450000,-195.275000,-90.000000,bottom
"C1693","1uF","C_0603_1608Metric",206.450000,-195.275000,-90.000000,bottom
"C1694","1uF","C_0603_1608Metric",210.450000,-195.275000,-90.000000,bottom
"C1695","1uF","C_0603_1608Metric",214.450000,-195.275000,-90.000000,bottom
"C1696","1uF","C_0603_1608Metric",218.450000,-195.275000,-90.000000,bottom
"C1697","1uF","C_0603_1608Metric",222.450000,-195.275000,-90.000000,bottom
"C1698","1uF","C_0603_1608Metric",226.450000,-195.275000,-90.000000,bottom
"C1699","1uF","C_0603_1608Metric",230.450000,-195.275000,-90.000000,bottom
"C1700","1uF","C_0603_1608Metric",234.450000,-195.275000,-90.000000,bottom
"C1701","1uF","C_0603_1608Metric",238.450000,-195.275000,-90.000000,bottom
"C1702","1uF","C_0603_1608Metric",242.450000,-195.275000,-90.000000,bottom
"C1703","1uF","C_0603_1608Metric",246.450000,-195.275000,-90.000000,bottom
"C1704","1uF","C_0603_1608Metric",250.450000,-195.275000,-90.000000,bottom
"C1705","1uF","C_0603_1608Metric",254.450000,-195.275000,-90.000000,bottom
"C1706","1uF","C_0603_1608Metric",258.450000,-195.275000,-90.000000,bottom
"C1707","1uF","C_0603_1608Metric",262.450000,-195.275000,-90.000000,bottom
"C1708","1uF","C_0603_1608Metric",266.450000,-195.275000,-90.000000,bottom
"C1709","1uF","C_0603_1608Metric",270.450000,-195.275000,-90.000000,bottom
"C1710","1uF","C_0603_1608Metric",274.450000,-195.275000,-90.000000,bottom
"C1711","1uF","C_0603_1608Metric",278.450000,-195.275000,-90.000000,bottom
"C1712","1uF","C_0603_1608Metric",282.450000,-195.275000,-90.000000,bottom
"C1713","1uF","C_0603_1608Metric",286.450000,-195.275000,-90.000000,bottom
"C1714","1uF","C_0603_1608Metric",290.450000,-195.275000,-90.000000,bottom
"C1715","1uF","C_0603_1608Metric",294.450000,-195.275000,-90.000000,bottom
"C1716","1uF","C_0603_1608Metric",298.450000,-195.275000,-90.000000,bottom
"C1717","1uF","C_0603_1608Metric",302.450000,-195.275000,-90.000000,bottom
"C1718","1uF","C_0603_1608Metric",306.450000,-195.275000,-90.000000,bottom
"C1719","1uF","C_0603_1608Metric",310.450000,-195.275000,-90.000000,bottom
"C1720","1uF","C_0603_1608Metric",314.450000,-195.275000,-90.000000,bottom
"C1721","1uF","C_0603_1608Metric",318.450000,-195.275000,-90.000000,bottom
"C1722","1uF","C_0603_1608Metric",322.450000,-195.275000,-90.000000,bottom
"C1723","1uF","C_0603_1608Metric",326.450000,-195.275000,-90.000000,bottom
"C1724","1uF","C_0603_1608Metric",330.450000,-195.275000,-90.000000,bottom
"C1725","1uF","C_0603_1608Metric",334.450000,-195.275000,-90.000000,bottom
"C1726","1uF","C_0603_1608Metric",338.450000,-195.275000,-90.000000,bottom
"C1727","1uF","C_0603_1608Metric",342.450000,-195.275000,-90.000000,bottom
"C1728","1uF","C_0603_1608Metric",346.450000,-195.275000,-90.000000,bottom
"C1729","1uF","C_0603_1608Metric",350.450000,-195.275000,-90.000000,bottom
"C1730","1uF","C_0603_1608Metric",354.450000,-195.275000,-90.000000,bottom
"C1731","1uF","C_0603_1608Metric",358.450000,-195.275000,-90.000000,bottom
"C1732","1uF","C_0603_1608Metric",362.450000,-195.275000,-90.000000,bottom
"C1733","1uF","C_0603_1608Metric",366.450000,-195.275000,-90.000000,bottom
"C1734","1uF","C_0603_1608Metric",370.450000,-195.275000,-90.000000,bottom
"C1735","1uF","C_0603_1608Metric",374.450000,-195.275000,-90.000000,bottom
"C1736","1uF","C_0603_1608Metric",378.450000,-195.275000,-90.000000,bottom
"C1737","1uF","C_0603_1608Metric",382.450000,-195.275000,-90.000000,bottom
"C1738","1uF","C_0603_1608Metric",386.450000,-195.275000,-90.000000,bottom
"C1739","1uF","C_0603_1608Metric",390.450000,-195.275000,-90.000000,bottom
"C1740","1uF","C_0603_1608Metric",394.450000,-195.275000,-90.000000,bottom
"C1741","1uF","C_0603_1608Metric",398.450000,-195.275000,-90.000000,bottom
"C1742","1uF","C_0603_1608Metric",402.450000,-195.275000,-90.000000,bottom
"C1743","1uF","C_0603_1608Metric",406.450000,-195.275000,-90.000000,bottom
"C1744","1uF","C_0603_1608Metric",410.450000,-195.275000,-90.000000,bottom
"C1745","1uF","C_0603_1608Metric",414.450000,-195.275000,-90.000000,bottom
"C1746","1uF","C_0603_1608Metric",418.450000,-195.275000,-90.000000,bottom
"C1747","1uF","C_0603_1608Metric",422.450000,-195.275000,-90.000000,bottom
"C1748","1uF","C_0603_1608Metric",426.450000,-195.275000,-90.000000,bottom
"C1749","1uF","C_0603_1608Metric",430.450000,-195.275000,-90.000000,bottom
"C1750","1uF","C_0603_1608Metric",434.450000,-195.275000,-90.000000,bottom
"C1751","1uF","C_0603_1608Metric",158.450000,-199.275000,-90.000000,bottom
"C1752","1uF","C_0603_1608Metric",162.450000,-199.275000,-90.000000,bottom
"C1753","1uF","C_0603_1608Metric",166.450000,-199.275000,-90.000000,bottom
"C1754","1uF","C_0603_1608Metric",170.450000,-199.275000,-90.000000,bottom
"C1755","1uF","C_0603_1608Metric",174.450000,-199.275000,-90.000000,bottom
"C1756","1uF","C_0603_1608Metric",178.450000,-199.275000,-90.000000,bottom
"C1757","1uF","C_0603_1608Metric",182.450000,-199.275000,-90.000000,bottom
"C1758","1uF","C_0603_1608Metric",186.450000,-199.275000,-90.000000,bottom
"C1759","1uF","C_0603_1608Metric",190.450000,-199.275000,-90.000000,bottom
"C1760","1uF","C_0603_1608Metric",194.450000,-199.275000,-90.000000,bottom
"C1761","1uF","C_0603_1608Metric",198.450000,-199.275000,-90.000000,bottom
"C1762","1uF","C_0603_1608Metric",202.450000,-199.275000,-90.000000,bottom
"C1763","1uF","C_0603_1608Metric",206.450000,-199.275000,-90.000000,bottom
"C1764","1uF","C_0603_1608Metric",210.450000,-199.275000,-90.000000,bottom
"C1765","1uF","C_0603_1608Metric",214.450000,-199.275000,-90.000000,bottom
"C1766","1uF","C_0603_1608Metric",218.450000,-199.275000,-90.000000,bottom
"C1767","1uF","C_0603_1608Metric",222.450000,-199.275000,-90.000000,bottom
"C1768","1uF","C_0603_1608Metric",226.450000,-199.275000,-90.000000,bottom
"C1769","1uF","C_0603_1608Metric",230.450000,-199.275000,-90.000000,bottom
"C1770","1uF","C_0603_1608Metric",234.450000,-199.275000,-90.000000,bottom
"C1771","1uF","C_0603_1608Metric",238.450000,-199.275000,-90.000000,bottom
"C1772","1uF","C_0603_1608Metric",242.450000,-199.275000,-90.000000,bottom
"C1773","1uF","C_0603_1608Metric",246.450000,-199.275000,-90.000000,bottom
"C1774","1uF","C_0603_1608Metric",250.450000,-199.275000,-90.000000,bottom
"C1775","1uF","C_0603_1608Metric",254.450000,-199.275000,-90.000000,bottom
"C1776","1uF","C_0603_1608Metric",258.450000,-199.275000,-90.000000,bottom
"C1777","1uF","C_0603_1608Metric",262.450000,-199.275000,-90.000000,bottom
"C1778","1uF","C_0603_1608Metric",266.450000,-199.275000,-90.000000,bottom
"C1779","1uF","C_0603_1608Metric",270.450000,-199.275000,-90.000000,bottom
"C1780","1uF","C_0603_1608Metric",274.450000,-199.275000,-90.000000,bottom
"C1781","1uF","C_0603_1608Metric",278.450000,-199.275000,-90.000000,bottom
"C1782","1uF","C_0603_1608Metric",282.450000,-199.275000,-90.000000,bottom
"C1783","1uF","C_0603_1608Metric",286.450000,-199.275000,-90.000000,bottom
"C1784","1uF","C_0603_1608Metric",290.450000,-199.275000,-90.000000,bottom
"C1785","1uF","C_0603_1608Metric",294.450000,-199.275000,-90.000000,bottom
"C1786","1uF","C_0603_1608Metric",298.450000,-199.275000,-90.000000,bottom
"C1787","1uF","C_0603_1608Metric",302.450000,-199.275000,-90.000000,bottom
"C1788","1uF","C_0603_1608Metric",306.450000,-199.275000,-90.000000,bottom
"C1789","1uF","C_0603_1608Metric",310.450000,-199.275000,-90.000000,bottom
"C1790","1uF","C_0603_1608Metric",314.450000,-199.275000,-90.000000,bottom
"C1791","1uF","C_0603_1608Metric",318.450000,-199.275000,-90.000000,bottom
"C1792","1uF","C_0603_1608Metric",322.450000,-199.275000,-90.000000,bottom
"C1793","1uF","C_0603_1608Metric",326.450000,-199.275000,-90.000000,bottom
"C1794","1uF","C_0603_1608Metric",330.450000,-199.275000,-90.000000,bottom
"C1795","1uF","C_0603_1608Metric",334.450000,-199.275000,-90.000000,bottom
"C1796","1uF","C_0603_1608Metric",338.450000,-199.275000,-90.000000,bottom
"C1797","1uF","C_0603_1608Metric",342.450000,-199.275000,-90.000000,bottom
"C1798","1uF","C_0603_1608Metric",346.450000,-199.275000,-90.000000,bottom
"C1799","1uF","C_0603_1608Metric",350.450000,-199.275000,-90.000000,bottom
"C1800","1uF","C_0603_1608Metric",354.450000,-199.275000,-90.000000,bottom
"C1801","1uF","C_0603_1608Metric",358.450000,-199.275000,-90.000000,bottom
"C1802","1uF","C_0603_1608Metric",362.450000,-199.275000,-90.000000,bottom
"C1803","1uF","C_0603_1608Metric",366.450000,-199.275000,-90.000000,bottom
"C1804","1uF","C_0603_1608Metric",370.450000,-199.275000,-90.000000,bottom
"C1805","1uF","C_0603_1608Metric",374.450000,-199.275000,-90.000000,bottom
"C1806","1uF","C_0603_1608Metric",378.450000,-199.275000,-90.000000,bottom
"C1807","1uF","C_0603_1608Metric",382.450000,-199.275000,-90.000000,bottom
"C1808","1uF","C_0603_1608Metric",386.450000,-199.275000,-90.000000,bottom
"C1809","1uF","C_0603_1608Metric",390.450000,-199.275000,-90.000000,bottom
"C1810","1uF","C_0603_1608Metric",394.450000,-199.275000,-90.000000,bottom
"C1811","1uF","C_0603_1608Metric",398.450000,-199.275000,-90.000000,bottom
"C1812","1uF","C_0603_1608Metric",402.450000,-199.275000,-90.000000,bottom
"C1813","1uF","C_0603_1608Metric",406.450000,-199.275000,-90.000000,bottom
"C1814","1uF","C_0603_1608Metric",410.450000,-199.275000,-90.000000,bottom
"C1815","1uF","C_0603_1608Metric",414.450000,-199.275000,-90.000000,bottom
"C1816","1uF","C_0603_1608Metric",418.450000,-199.275000,-90.000000,bottom
"C1817","1uF","C_0603_1608Metric",422.450000,-199.275000,-90.000000,bottom
"C1818","1uF","C_0603_1608Metric",426.450000,-199.275000,-90.000000,bottom
"C1819","1uF","C_0603_1608Metric",430.450000,-199.275000,-90.000000,bottom
"C1820","1uF","C_0603_1608Metric",434.450000,-199.275000,-90.000000,bottom
"C1821","1uF","C_0603_1608Metric",158.450000,-203.275000,-90.000000,bottom
"C1822","1uF","C_0603_1608Metric",162.450000,-203.275000,-90.000000,bottom
"C1823","1uF","C_0603_1608Metric",166.450000,-203.275000,-90.000000,bottom
"C1824","1uF","C_0603_1608Metric",170.450000,-203.275000,-90.000000,bottom
"C1825","1uF","C_0603_1608Metric",174.450000,-203.275000,-90.000000,bottom
"C1826","1uF","C_0603_1608Metric",178.450000,-203.275000,-90.000000,bottom
"C1827","1uF","C_0603_1608Metric",182.450000,-203.275000,-90.000000,bottom
"C1828","1uF","C_0603_1608Metric",186.450000,-203.275000,-90.000000,bottom
"C1829","1uF","C_0603_1608Metric",190.450000,-203.275000,-90.000000,bottom
"C1830","1uF","C_0603_1608Metric",194.450000,-203.275000,-90.000000,bottom
"C1831","1uF","C_0603_1608Metric",198.450000,-203.275000,-90.000000,bottom
"C1832","1uF","C_0603_1608Metric",202.450000,-203.275000,-90.000000,bottom
"C1833","1uF","C_0603_1608Metric",206.450000,-203.275000,-90.000000,bottom
"C1834","1uF","C_0603_1608Metric",210.450000,-203.275000,-90.000000,bottom
"C1835","1uF","C_0603_1608Metric",214.450000,-203.275000,-90.000000,bottom
"C1836","1uF","C_0603_1608Metric",218.450000,-203.275000,-90.000000,bottom
"C1837","1uF","C_0603_1608Metric",222.450000,-203.275000,-90.000000,bottom
"C1838","1uF","C_0603_1608Metric",226.450000,-203.275000,-90.000000,bottom
"C1839","1uF","C_0603_1608Metric",230.450000,-203.275000,-90.000000,bottom
"C1840","1uF","C_0603_1608Metric",234.450000,-203.275000,-90.000000,bottom
"C1841","1uF","C_0603_1608Metric",238.450000,-203.275000,-90.000000,bottom
"C1842","1uF","C_0603_1608Metric",242.450000,-203.275000,-90.000000,bottom
"C1843","1uF","C_0603_1608Metric",246.450000,-203.275000,-90.000000,bottom
"C1844","1uF","C_0603_1608Metric",250.450000,-203.275000,-90.000000,bottom
"C1845","1uF","C_0603_1608Metric",254.450000,-203.275000,-90.000000,bottom
"C1846","1uF","C_0603_1608Metric",258.450000,-203.275000,-90.000000,bottom
"C1847","1uF","C_0603_1608Metric",262.450000,-203.275000,-90.000000,bottom
"C1848","1uF","C_0603_1608Metric",266.450000,-203.275000,-90.000000,bottom
"C1849","1uF","C_0603_1608Metric",270.450000,-203.275000,-90.000000,bottom
"C1850","1uF","C_0603_1608Metric",274.450000,-203.275000,-90.000000,bottom
"C1851","1uF","C_0603_1608Metric",278.450000,-203.275000,-90.000000,bottom
"C1852","1uF","C_0603_1608Metric",282.450000,-203.275000,-90.000000,bottom
"C1853","1uF","C_0603_1608Metric",286.450000,-203.275000,-90.000000,bottom
"C1854","1uF","C_0603_1608Metric",290.450000,-203.275000,-90.000000,bottom
"C1855","1uF","C_0603_1608Metric",294.450000,-203.275000,-90.000000,bottom
"C1856","1uF","C_0603_1608Metric",298.450000,-203.275000,-90.000000,bottom
"C1857","1uF","C_0603_1608Metric",302.450000,-203.275000,-90.000000,bottom
"C1858","1uF","C_0603_1608Metric",306.450000,-203.275000,-90.000000,bottom
"C1859","1uF","C_0603_1608Metric",310.450000,-203.275000,-90.000000,bottom
"C1860","1uF","C_0603_1608Metric",314.450000,-203.275000,-90.000000,bottom
"C1861","1uF","C_0603_1608Metric",318.450000,-203.275000,-90.000000,bottom
"C1862","1uF","C_0603_1608Metric",322.450000,-203.275000,-90.000000,bottom
"C1863","1uF","C_0603_1608Metric",326.450000,-203.275000,-90.000000,bottom
"C1864","1uF","C_0603_1608Metric",330.450000,-203.275000,-90.000000,bottom
"C1865","1uF","C_0603_1608Metric",334.450000,-203.275000,-90.000000,bottom
"C1866","1uF","C_0603_1608Metric",338.450000,-203.275000,-90.000000,bottom
"C1867","1uF","C_0603_1608Metric",342.450000,-203.275000,-90.000000,bottom
"C1868","1uF","C_0603_1608Metric",346.450000,-203.275000,-90.000000,bottom
"C1869","1uF","C_0603_1608Metric",350.450000,-203.275000,-90.000000,bottom
"C1870","1uF","C_0603_1608Metric",354.450000,-203.275000,-90.000000,bottom
"C1871","1uF","C_0603_1608Metric",358.450000,-203.275000,-90.000000,bottom
"C1872","1uF","C_0603_1608Metric",362.450000,-203.275000,-90.000000,bottom
"C1873","1uF","C_0603_1608Metric",366.450000,-203.275000,-90.000000,bottom
"C1874","1uF","C_0603_1608Metric",370.450000,-203.275000,-90.000000,bottom
"C1875","1uF","C_0603_1608Metric",374.450000,-203.275000,-90.000000,bottom
"C1876","1uF","C_0603_1608Metric",378.450000,-203.275000,-90.000000,bottom
"C1877","1uF","C_0603_1608Metric",382.450000,-203.275000,-90.000000,bottom
"C1878","1uF","C_0603_1608Metric",386.450000,-203.275000,-90.000000,bottom
"C1879","1uF","C_0603_1608Metric",390.450000,-203.275000,-90.000000,bottom
"C1880","1uF","C_0603_1608Metric",394.450000,-203.275000,-90.000000,bottom
"C1881","1uF","C_0603_1608Metric",398.450000,-203.275000,-90.000000,bottom
"C1882","1uF","C_0603_1608Metric",402.450000,-203.275000,-90.000000,bottom
"C1883","1uF","C_0603_1608Metric",406.450000,-203.275000,-90.000000,bottom
"C1884","1uF","C_0603_1608Metric",410.450000,-203.275000,-90.000000,bottom
"C1885","1uF","C_0603_1608Metric",414.450000,-203.275000,-90.000000,bottom
"C1886","1uF","C_0603_1608Metric",418.450000,-203.275000,-90.000000,bottom
"C1887","1uF","C_0603_1608Metric",422.450000,-203.275000,-90.000000,bottom
"C1888","1uF","C_0603_1608Metric",426.450000,-203.275000,-90.000000,bottom
"C1889","1uF","C_0603_1608Metric",430.450000,-203.275000,-90.000000,bottom
"C1890","1uF","C_0603_1608Metric",434.450000,-203.275000,-90.000000,bottom
"C1891","1uF","C_0603_1608Metric",158.450000,-207.275000,-90.000000,bottom
"C1892","1uF","C_0603_1608Metric",162.450000,-207.275000,-90.000000,bottom
"C1893","1uF","C_0603_1608Metric",166.450000,-207.275000,-90.000000,bottom
"C1894","1uF","C_0603_1608Metric",170.450000,-207.275000,-90.000000,bottom
"C1895","1uF","C_0603_1608Metric",174.450000,-207.275000,-90.000000,bottom
"C1896","1uF","C_0603_1608Metric",178.450000,-207.275000,-90.000000,bottom
"C1897","1uF","C_0603_1608Metric",182.450000,-207.275000,-90.000000,bottom
"C1898","1uF","C_0603_1608Metric",186.450000,-207.275000,-90.000000,bottom
"C1899","1uF","C_0603_1608Metric",190.450000,-207.275000,-90.000000,bottom
"C1900","1uF","C_0603_1608Metric",194.450000,-207.275000,-90.000000,bottom
"C1901","1uF","C_0603_1608Metric",198.450000,-207.275000,-90.000000,bottom
"C1902","1uF","C_0603_1608Metric",202.450000,-207.275000,-90.000000,bottom
"C1903","1uF","C_0603_1608Metric",206.450000,-207.275000,-90.000000,bottom
"C1904","1uF","C_0603_1608Metric",210.450000,-207.275000,-90.000000,bottom
"C1905","1uF","C_0603_1608Metric",214.450000,-207.275000,-90.000000,bottom
"C1906","1uF","C_0603_1608Metric",218.450000,-207.275000,-90.000000,bottom
"C1907","1uF","C_0603_1608Metric",222.450000,-207.275000,-90.000000,bottom
"C1908","1uF","C_0603_1608Metric",226.450000,-207.275000,-90.000000,bottom
"C1909","1uF","C_0603_1608Metric",230.450000,-207.275000,-90.000000,bottom
"C1910","1uF","C_0603_1608Metric",234.450000,-207.275000,-90.000000,bottom
"C1911","1uF","C_0603_1608Metric",238.450000,-207.275000,-90.000000,bottom
"C1912","1uF","C_0603_1608Metric",242.450000,-207.275000,-90.000000,bottom
"C1913","1uF","C_0603_1608Metric",246.450000,-207.275000,-90.000000,bottom
"C1914","1uF","C_0603_1608Metric",250.450000,-207.275000,-90.000000,bottom
"C1915","1uF","C_0603_1608Metric",254.450000,-207.275000,-90.000000,bottom
"C1916","1uF","C_0603_1608Metric",258.450000,-207.275000,-90.000000,bottom
"C1917","1uF","C_0603_1608Metric",262.450000,-207.275000,-90.000000,bottom
"C1918","1uF","C_0603_1608Metric",266.450000,-207.275000,-90.000000,bottom
"C1919","1uF","C_0603_1608Metric",270.450000,-207.275000,-90.000000,bottom
"C1920","1uF","C_0603_1608Metric",274.450000,-207.275000,-90.000000,bottom
"C1921","1uF","C_0603_1608Metric",278.450000,-207.275000,-90.000000,bottom
"C1922","1uF","C_0603_1608Metric",282.450000,-207.275000,-90.000000,bottom
"C1923","1uF","C_0603_1608Metric",286.450000,-207.275000,-90.000000,bottom
"C1924","1uF","C_0603_1608Metric",290.450000,-207.275000,-90.000000,bottom
"C1925","1uF","C_0603_1608Metric",294.450000,-207.275000,-90.000000,bottom
"C1926","1uF","C_0603_1608Metric",298.450000,-207.275000,-90.000000,bottom
"C1927","1uF","C_0603_1608Metric",302.450000,-207.275000,-90.000000,bottom
"C1928","1uF","C_0603_1608Metric",306.450000,-207.275000,-90.000000,bottom
"C1929","1uF","C_0603_1608Metric",310.450000,-207.275000,-90.000000,bottom
"C1930","1uF","C_0603_1608Metric",314.450000,-207.275000,-90.000000,bottom
"C1931","1uF","C_0603_1608Metric",318.450000,-207.275000,-90.000000,bottom
"C1932","1uF","C_0603_1608Metric",322.450000,-207.275000,-90.000000,bottom
"C1933","1uF","C_0603_1608Metric",326.450000,-207.275000,-90.000000,bottom
"C1934","1uF","C_0603_1608Metric",330.450000,-207.275000,-90.000000,bottom
"C1935","1uF","C_0603_1608Metric",334.450000,-207.275000,-90.000000,bottom
"C1936","1uF","C_0603_1608Metric",338.450000,-207.275000,-90.000000,bottom
"C1937","1uF","C_0603_1608Metric",342.450000,-207.275000,-90.000000,bottom
"C1938","1uF","C_0603_1608Metric",346.450000,-207.275000,-90.000000,bottom
"C1939","1uF","C_0603_1608Metric",350.450000,-207.275000,-90.000000,bottom
"C1940","1uF","C_0603_1608Metric",354.450000,-207.275000,-90.000000,bottom
"C1941","1uF","C_0603_1608Metric",358.450000,-207.275000,-90.000000,bottom
"C1942","1uF","C_0603_1608Metric",362.450000,-207.275000,-90.000000,bottom
"C1943","1uF","C_0603_1608Metric",366.450000,-207.275000,-90.000000,bottom
"C1944","1uF","C_0603_1608Metric",370.450000,-207.275000,-90.000000,bottom
"C1945","1uF","C_0603_1608Metric",374.450000,-207.275000,-90.000000,bottom
"C1946","1uF","C_0603_1608Metric",378.450000,-207.275000,-90.000000,bottom
"C1947","1uF","C_0603_1608Metric",382.450000,-207.275000,-90.000000,bottom
"C1948","1uF","C_0603_1608Metric",386.450000,-207.275000,-90.000000,bottom
"C1949","1uF","C_0603_1608Metric",390.450000,-207.275000,-90.000000,bottom
"C1950","1uF","C_0603_1608Metric",394.450000,-207.275000,-90.000000,bottom
"C1951","1uF","C_0603_1608Metric",398.450000,-207.275000,-90.000000,bottom
"C1952","1uF","C_0603_1608Metric",402.450000,-207.275000,-90.000000,bottom
"C1953","1uF","C_0603_1608Metric",406.450000,-207.275000,-90.000000,bottom
"C1954","1uF","C_0603_1608Metric",410.450000,-207.275000,-90.000000,bottom
"C1955","1uF","C_0603_1608Metric",414.450000,-207.275000,-90.000000,bottom
"C1956","1uF","C_0603_1608Metric",418.450000,-207.275000,-90.000000,bottom
"C1957","1uF","C_0603_1608Metric",422.450000,-207.275000,-90.000000,bottom
"C1958","1uF","C_0603_1608Metric",426.450000,-207.275000,-90.000000,bottom
"C1959","1uF","C_0603_1608Metric",430.450000,-207.275000,-90.000000,bottom
"C1960","1uF","C_0603_1608Metric",434.450000,-207.275000,-90.000000,bottom
"C1961","1uF","C_0603_1608Metric",158.450000,-211.275000,-90.000000,bottom
"C1962","1uF","C_0603_1608Metric",162.450000,-211.275000,-90.000000,bottom
"C1963","1uF","C_0603_1608Metric",166.450000,-211.275000,-90.000000,bottom
"C1964","1uF","C_0603_1608Metric",170.450000,-211.275000,-90.000000,bottom
"C1965","1uF","C_0603_1608Metric",174.450000,-211.275000,-90.000000,bottom
"C1966","1uF","C_0603_1608Metric",178.450000,-211.275000,-90.000000,bottom
"C1967","1uF","C_0603_1608Metric",182.450000,-211.275000,-90.000000,bottom
"C1968","1uF","C_0603_1608Metric",186.450000,-211.275000,-90.000000,bottom
"C1969","1uF","C_0603_1608Metric",190.450000,-211.275000,-90.000000,bottom
"C1970","1uF","C_0603_1608Metric",194.450000,-211.275000,-90.000000,bottom
"C1971","1uF","C_0603_1608Metric",198.450000,-211.275000,-90.000000,bottom
"C1972","1uF","C_0603_1608Metric",202.450000,-211.275000,-90.000000,bottom
"C1973","1uF","C_0603_1608Metric",206.450000,-211.275000,-90.000000,bottom
"C1974","1uF","C_0603_1608Metric",210.450000,-211.275000,-90.000000,bottom
"C1975","1uF","C_0603_1608Metric",214.450000,-211.275000,-90.000000,bottom
"C1976","1uF","C_0603_1608Metric",218.450000,-211.275000,-90.000000,bottom
"C1977","1uF","C_0603_1608Metric",222.450000,-211.275000,-90.000000,bottom
"C1978","1uF","C_0603_1608Metric",226.450000,-211.275000,-90.000000,bottom
"C1979","1uF","C_0603_1608Metric",230.450000,-211.275000,-90.000000,bottom
"C1980","1uF","C_0603_1608Metric",234.450000,-211.275000,-90.000000,bottom
"C1981","1uF","C_0603_1608Metric",238.450000,-211.275000,-90.000000,bottom
"C1982","1uF","C_0603_1608Metric",242.450000,-211.275000,-90.000000,bottom
"C1983","1uF","C_0603_1608Metric",246.450000,-211.275000,-90.000000,bottom
"C1984","1uF","C_0603_1608Metric",250.450000,-211.275000,-90.000000,bottom
"C1985","1uF","C_0603_1608Metric",254.450000,-211.275000,-90.000000,bottom
"C1986","1uF","C_0603_1608Metric",258.450000,-211.275000,-90.000000,bottom
"C1987","1uF","C_0603_1608Metric",262.450000,-211.275000,-90.000000,bottom
"C1988","1uF","C_0603_1608Metric",266.450000,-211.275000,-90.000000,bottom
"C1989","1uF","C_0603_1608Metric",270.450000,-211.275000,-90.000000,bottom
"C1990","1uF","C_0603_1608Metric",274.450000,-211.275000,-90.000000,bottom
"C1991","1uF","C_0603_1608Metric",278.450000,-211.275000,-90.000000,bottom
"C1992","1uF","C_0603_1608Metric",282.450000,-211.275000,-90.000000,bottom
"C1993","1uF","C_0603_1608Metric",286.450000,-211.275000,-90.000000,bottom
"C1994","1uF","C_0603_1608Metric",290.450000,-211.275000,-90.000000,bottom
"C1995","1uF","C_0603_1608Metric",294.450000,-211.275000,-90.000000,bottom
"C1996","1uF","C_0603_1608Metric",298.450000,-211.275000,-90.000000,bottom
"C1997","1uF","C_0603_1608Metric",302.450000,-211.275000,-90.000000,bottom
"C1998","1uF","C_0603_1608Metric",306.450000,-211.275000,-90.000000,bottom
"C1999","1uF","C_0603_1608Metric",310.450000,-211.275000,-90.000000,bottom
"C2000","1uF","C_0603_1608Metric",314.450000,-211.275000,-90.000000,bottom
"C2001","1uF","C_0603_1608Metric",318.450000,-211.275000,-90.000000,bottom
"C2002","1uF","C_0603_1608Metric",322.450000,-211.275000,-90.000000,bottom
"C2003","1uF","C_0603_1608Metric",326.450000,-211.275000,-90.000000,bottom
"C2004","1uF","C_0603_1608Metric",330.450000,-211.275000,-90.000000,bottom
"C2005","1uF","C_0603_1608Metric",334.450000,-211.275000,-90.000000,bottom
"C2006","1uF","C_0603_1608Metric",338.450000,-211.275000,-90.000000,bottom
"C2007","1uF","C_0603_1608Metric",342.450000,-211.275000,-90.000000,bottom
"C2008","1uF","C_0603_1608Metric",346.450000,-211.275000,-90.000000,bottom
"C2009","1uF","C_0603_1608Metric",350.450000,-211.275000,-90.000000,bottom
"C2010","1uF","C_0603_1608Metric",354.450000,-211.275000,-90.000000,bottom
"C2011","1uF","C_0603_1608Metric",358.450000,-211.275000,-90.000000,bottom
"C2012","1uF","C_0603_1608Metric",362.450000,-211.275000,-90.000000,bottom
"C2013","1uF","C_0603_1608Metric",366.450000,-211.275000,-90.000000,bottom
"C2014","1uF","C_0603_1608Metric",370.450000,-211.275000,-90.000000,bottom
"C2015","1uF","C_0603_1608Metric",374.450000,-211.275000,-90.000000,bottom
"C2016","1uF","C_0603_1608Metric",378.450000,-211.275000,-90.000000,bottom
"C2017","1uF","C_0603_1608Metric",382.450000,-211.275000,-90.000000,bottom
"C2018","1uF","C_0603_1608Metric",386.450000,-211.275000,-90.000000,bottom
"C2019","1uF","C_0603_1608Metric",390.450000,-211.275000,-90.000000,bottom
"C2020","1uF","C_0603_1608Metric",394.450000,-211.275000,-90.000000,bottom
"C2021","1uF","C_0603_1608Metric",398.450000,-211.275000,-90.000000,bottom
"C2022","1uF","C_0603_1608Metric",402.450000,-211.275000,-90.000000,bottom
"C2023","1uF","C_0603_1608Metric",406.450000,-211.275000,-90.000000,bottom
"C2024","1uF","C_0603_1608Metric",410.450000,-211.275000,-90.000000,bottom
"C2025","1uF","C_0603_1608Metric",414.450000,-211.275000,-90.000000,bottom
"C2026","1uF","C_0603_1608Metric",418.450000,-211.275000,-90.000000,bottom
"C2027","1uF","C_0603_1608Metric",422.450000,-211.275000,-90.000000,bottom
"C2028","1uF","C_0603_1608Metric",426.450000,-211.275000,-90.000000,bottom
"C2029","1uF","C_0603_1608Metric",430.450000,-211.275000,-90.000000,bottom
"C2030","1uF","C_0603_1608Metric",434.450000,-211.275000,-90.000000,bottom
"C2031","1uF","C_0603_1608Metric",158.450000,-215.275000,-90.000000,bottom
"C2032","1uF","C_0603_1608Metric",162.450000,-215.275000,-90.000000,bottom
"C2033","1uF","C_0603_1608Metric",166.450000,-215.275000,-90.000000,bottom
"C2034","1uF","C_0603_1608Metric",170.450000,-215.275000,-90.000000,bottom
"C2035","1uF","C_0603_1608Metric",174.450000,-215.275000,-90.000000,bottom
"C2036","1uF","C_0603_1608Metric",178.450000,-215.275000,-90.000000,bottom
"C2037","1uF","C_0603_1608Metric",182.450000,-215.275000,-90.000000,bottom
"C2038","1uF","C_0603_1608Metric",186.450000,-215.275000,-90.000000,bottom
"C2039","1uF","C_0603_1608Metric",190.450000,-215.275000,-90.000000,bottom
"C2040","1uF","C_0603_1608Metric",194.450000,-215.275000,-90.000000,bottom
"C2041","1uF","C_0603_1608Metric",198.450000,-215.275000,-90.000000,bottom
"C2042","1uF","C_0603_1608Metric",202.450000,-215.275000,-90.000000,bottom
"C2043","1uF","C_0603_1608Metric",206.450000,-215.275000,-90.000000,bottom
"C2044","1uF","C_0603_1608Metric",210.450000,-215.275000,-90.000000,bottom
"C2045","1uF","C_0603_1608Metric",214.450000,-215.275000,-90.000000,bottom
"C2046","1uF","C_0603_1608Metric",218.450000,-215.275000,-90.000000,bottom
"C2047","1uF","C_0603_1608Metric",222.450000,-215.275000,-90.000000,bottom
"C2048","1uF","C_0603_1608Metric",226.450000,-215.275000,-90.000000,bottom
"C2049","1uF","C_0603_1608Metric",230.450000,-215.275000,-90.000000,bottom
"C2050","1uF","C_0603_1608Metric",234.450000,-215.275000,-90.000000,bottom
"C2051","1uF","C_0603_1608Metric",238.450000,-215.275000,-90.000000,bottom
"C2052","1uF","C_0603_1608Metric",242.450000,-215.275000,-90.000000,bottom
"C2053","1uF","C_0603_1608Metric",246.450000,-215.275000,-90.000000,bottom
"C2054","1uF","C_0603_1608Metric",250.450000,-215.275000,-90.000000,bottom
"C2055","1uF","C_0603_1608Metric",254.450000,-215.275000,-90.000000,bottom
"C2056","1uF","C_0603_1608Metric",258.450000,-215.275000,-90.000000,bottom
"C2057","1uF","C_0603_1608Metric",262.450000,-215.275000,-90.000000,bottom
"C2058","1uF","C_0603_1608Metric",266.450000,-215.275000,-90.000000,bottom
"C2059","1uF","C_0603_1608Metric",270.450000,-215.275000,-90.000000,bottom
"C2060","1uF","C_0603_1608Metric",274.450000,-215.275000,-90.000000,bottom
"C2061","1uF","C_0603_1608Metric",278.450000,-215.275000,-90.000000,bottom
"C2062","1uF","C_0603_1608Metric",282.450000,-215.275000,-90.000000,bottom
"C2063","1uF","C_0603_1608Metric",286.450000,-215.275000,-90.000000,bottom
"C2064","1uF","C_0603_1608Metric",290.450000,-215.275000,-90.000000,bottom
"C2065","1uF","C_0603_1608Metric",294.450000,-215.275000,-90.000000,bottom
"C2066","1uF","C_0603_1608Metric",298.450000,-215.275000,-90.000000,bottom
"C2067","1uF","C_0603_1608Metric",302.450000,-215.275000,-90.000000,bottom
"C2068","1uF","C_0603_1608Metric",306.450000,-215.275000,-90.000000,bottom
"C2069","1uF","C_0603_1608Metric",310.450000,-215.275000,-90.000000,bottom
"C2070","1uF","C_0603_1608Metric",314.450000,-215.275000,-90.000000,bottom
"C2071","1uF","C_0603_1608Metric",318.450000,-215.275000,-90.000000,bottom
"C2072","1uF","C_0603_1608Metric",322.450000,-215.275000,-90.000000,bottom
"C2073","1uF","C_0603_1608Metric",326.450000,-215.275000,-90.000000,bottom
"C2074","1uF","C_0603_1608Metric",330.450000,-215.275000,-90.000000,bottom
"C2075","1uF","C_0603_1608Metric",334.450000,-215.275000,-90.000000,bottom
"C2076","1uF","C_0603_1608Metric",338.450000,-215.275000,-90.000000,bottom
"C2077","1uF","C_0603_1608Metric",342.450000,-215.275000,-90.000000,bottom
"C2078","1uF","C_0603_1608Metric",346.450000,-215.275000,-90.000000,bottom
"C2079","1uF","C_0603_1608Metric",350.450000,-215.275000,-90.000000,bottom
"C2080","1uF","C_0603_1608Metric",354.450000,-215.275000,-90.000000,bottom
"C2081","1uF","C_0603_1608Metric",358.450000,-215.275000,-90.000000,bottom
"C2082","1uF","C_0603_1608Metric",362.450000,-215.275000,-90.000000,bottom
"C2083","1uF","C_0603_1608Metric",366.450000,-215.275000,-90.000000,bottom
"C2084","1uF","C_0603_1608Metric",370.450000,-215.275000,-90.000000,bottom
"C2085","1uF","C_0603_1608Metric",374.450000,-215.275000,-90.000000,bottom
"C2086","1uF","C_0603_1608Metric",378.450000,-215.275000,-90.000000,bottom
"C2087","1uF","C_0603_1608Metric",382.450000,-215.275000,-90.000000,bottom
"C2088","1uF","C_0603_1608Metric",386.450000,-215.275000,-90.000000,bottom
"C2089","1uF","C_0603_1608Metric",390.450000,-215.275000,-90.000000,bottom
"C2090","1uF","C_0603_1608Metric",394.450000,-215.275000,-90.000000,bottom
"C2091","1uF","C_0603_1608Metric",398.450000,-215.275000,-90.000000,bottom
"C2092","1uF","C_0603_1608Metric",402.450000,-215.275000,-90.000000,bottom
"C2093","1uF","C_0603_1608Metric",406.450000,-215.275000,-90.000000,bottom
"C2094","1uF","C_0603_1608Metric",410.450000,-215.275000,-90.000000,bottom
"C2095","1uF","C_0603_1608Metric",414.450000,-215.275000,-90.000000,bottom
"C2096","1uF","C_0603_1608Metric",418.450000,-215.275000,-90.000000,bottom
"C2097","1uF","C_0603_1608Metric",422.450000,-215.275000,-90.000000,bottom
"C2098","1uF","C_0603_1608Metric",426.450000,-215.275000,-90.000000,bottom
"C2099","1uF","C_0603_1608Metric",430.450000,-215.275000,-90.000000,bottom
"C2100","1uF","C_0603_1608Metric",434.450000,-215.275000,-90.000000,bottom
"C2101","1uF","C_0603_1608Metric",158.450000,-219.275000,-90.000000,bottom
"C2102","1uF","C_0603_1608Metric",162.450000,-219.275000,-90.000000,bottom
"C2103","1uF","C_0603_1608Metric",166.450000,-219.275000,-90.000000,bottom
"C2104","1uF","C_0603_1608Metric",170.450000,-219.275000,-90.000000,bottom
"C2105","1uF","C_0603_1608Metric",174.450000,-219.275000,-90.000000,bottom
"C2106","1uF","C_0603_1608Metric",178.450000,-219.275000,-90.000000,bottom
"C2107","1uF","C_0603_1608Metric",182.450000,-219.275000,-90.000000,bottom
"C2108","1uF","C_0603_1608Metric",186.450000,-219.275000,-90.000000,bottom
"C2109","1uF","C_0603_1608Metric",190.450000,-219.275000,-90.000000,bottom
"C2110","1uF","C_0603_1608Metric",194.450000,-219.275000,-90.000000,bottom
"C2111","1uF","C_0603_1608Metric",198.450000,-219.275000,-90.000000,bottom
"C2112","1uF","C_0603_1608Metric",202.450000,-219.275000,-90.000000,bottom
"C2113","1uF","C_0603_1608Metric",206.450000,-219.275000,-90.000000,bottom
"C2114","1uF","C_0603_1608Metric",210.450000,-219.275000,-90.000000,bottom
"C2115","1uF","C_0603_1608Metric",214.450000,-219.275000,-90.000000,bottom
"C2116","1uF","C_0603_1608Metric",218.450000,-219.275000,-90.000000,bottom
"C2117","1uF","C_0603_1608Metric",222.450000,-219.275000,-90.000000,bottom
"C2118","1uF","C_0603_1608Metric",226.450000,-219.275000,-90.000000,bottom
"C2119","1uF","C_0603_1608Metric",230.450000,-219.275000,-90.000000,bottom
"C2120","1uF","C_0603_1608Metric",234.450000,-219.275000,-90.000000,bottom
"C2121","1uF","C_0603_1608Metric",238.450000,-219.275000,-90.000000,bottom
"C2122","1uF","C_0603_1608Metric",242.450000,-219.275000,-90.000000,bottom
"C2123","1uF","C_0603_1608Metric",246.450000,-219.275000,-90.000000,bottom
"C2124","1uF","C_0603_1608Metric",250.450000,-219.275000,-90.000000,bottom
"C2125","1uF","C_0603_1608Metric",254.450000,-219.275000,-90.000000,bottom
"C2126","1uF","C_0603_1608Metric",258.450000,-219.275000,-90.000000,bottom
"C2127","1uF","C_0603_1608Metric",262.450000,-219.275000,-90.000000,bottom
"C2128","1uF","C_0603_1608Metric",266.450000,-219.275000,-90.000000,bottom
"C2129","1uF","C_0603_1608Metric",270.450000,-219.275000,-90.000000,bottom
"C2130","1uF","C_0603_1608Metric",274.450000,-219.275000,-90.000000,bottom
"C2131","1uF","C_0603_1608Metric",278.450000,-219.275000,-90.000000,bottom
"C2132","1uF","C_0603_1608Metric",282.450000,-219.275000,-90.000000,bottom
"C2133","1uF","C_0603_1608Metric",286.450000,-219.275000,-90.000000,bottom
"C2134","1uF","C_0603_1608Metric",290.450000,-219.275000,-90.000000,bottom
"C2135","1uF","C_0603_1608Metric",294.450000,-219.275000,-90.000000,bottom
"C2136","1uF","C_0603_1608Metric",298.450000,-219.275000,-90.000000,bottom
"C2137","1uF","C_0603_1608Metric",302.450000,-219.275000,-90.000000,bottom
"C2138","1uF","C_0603_1608Metric",306.450000,-219.275000,-90.000000,bottom
"C2139","1uF","C_0603_1608Metric",310.450000,-219.275000,-90.000000,bottom
"C2140","1uF","C_0603_1608Metric",314.450000,-219.275000,-90.000000,bottom
"C2141","1uF","C_0603_1608Metric",318.450000,-219.275000,-90.000000,bottom
"C2142","1uF","C_0603_1608Metric",322.450000,-219.275000,-90.000000,bottom
"C2143","1uF","C_0603_1608Metric",326.450000,-219.275000,-90.000000,bottom
"C2144","1uF","C_0603_1608Metric",330.450000,-219.275000,-90.000000,bottom
"C2145","1uF","C_0603_1608Metric",334.450000,-219.275000,-90.000000,bottom
"C2146","1uF","C_0603_1608Metric",338.450000,-219.275000,-90.000000,bottom
"C2147","1uF","C_0603_1608Metric",342.450000,-219.275000,-90.000000,bottom
"C2148","1uF","C_0603_1608Metric",346.450000,-219.275000,-90.000000,bottom
"C2149","1uF","C_0603_1608Metric",350.450000,-219.275000,-90.000000,bottom
"C2150","1uF","C_0603_1608Metric",354.450000,-219.275000,-90.000000,bottom
"C2151","1uF","C_0603_1608Metric",358.450000,-219.275000,-90.000000,bottom
"C2152","1uF","C_0603_1608Metric",362.450000,-219.275000,-90.000000,bottom
"C2153","1uF","C_0603_1608Metric",366.450000,-219.275000,-90.000000,bottom
"C2154","1uF","C_0603_1608Metric",370.450000,-219.275000,-90.000000,bottom
"C2155","1uF","C_0603_1608Metric",374.450000,-219.275000,-90.000000,bottom
"C2156","1uF","C_0603_1608Metric",378.450000,-219.275000,-90.000000,bottom
"C2157","1uF","C_0603_1608Metric",382.450000,-219.275000,-90.000000,bottom
"C2158","1uF","C_0603_1608Metric",386.450000,-219.275000,-90.000000,bottom
"C2159","1uF","C_0603_1608Metric",390.450000,-219.275000,-90.000000,bottom
"C2160","1uF","C_0603_1608Metric",394.450000,-219.275000,-90.000000,bottom
"C2161","1uF","C_0603_1608Metric",398.450000,-219.275000,-90.000000,bottom
"C2162","1uF","C_0603_1608Metric",402.450000,-219.275000,-90.000000,bottom
"C2163","1uF","C_0603_1608Metric",406.450000,-219.275000,-90.000000,bottom
"C2164","1uF","C_0603_1608Metric",410.450000,-219.275000,-90.000000,bottom
"C2165","1uF","C_0603_1608Metric",414.450000,-219.275000,-90.000000,bottom
"C2166","1uF","C_0603_1608Metric",418.450000,-219.275000,-90.000000,bottom
"C2167","1uF","C_0603_1608Metric",422.450000,-219.275000,-90.000000,bottom
"C2168","1uF","C_0603_1608Metric",426.450000,-219.275000,-90.000000,bottom
"C2169","1uF","C_0603_1608Metric",430.450000,-219.275000,-90.000000,bottom
"C2170","1uF","C_0603_1608Metric",434.450000,-219.275000,-90.000000,bottom
"C2171","1uF","C_0603_1608Metric",158.450000,-223.275000,-90.000000,bottom
"C2172","1uF","C_0603_1608Metric",162.450000,-223.275000,-90.000000,bottom
"C2173","1uF","C_0603_1608Metric",166.450000,-223.275000,-90.000000,bottom
"C2174","1uF","C_0603_1608Metric",170.450000,-223.275000,-90.000000,bottom
"C2175","1uF","C_0603_1608Metric",174.450000,-223.275000,-90.000000,bottom
"C2176","1uF","C_0603_1608Metric",178.450000,-223.275000,-90.000000,bottom
"C2177","1uF","C_0603_1608Metric",182.450000,-223.275000,-90.000000,bottom
"C2178","1uF","C_0603_1608Metric",186.450000,-223.275000,-90.000000,bottom
"C2179","1uF","C_0603_1608Metric",190.450000,-223.275000,-90.000000,bottom
"C2180","1uF","C_0603_1608Metric",194.450000,-223.275000,-90.000000,bottom
"C2181","1uF","C_0603_1608Metric",198.450000,-223.275000,-90.000000,bottom
"C2182","1uF","C_0603_1608Metric",202.450000,-223.275000,-90.000000,bottom
"C2183","1uF","C_0603_1608Metric",206.450000,-223.275000,-90.000000,bottom
"C2184","1uF","C_0603_1608Metric",210.450000,-223.275000,-90.000000,bottom
"C2185","1uF","C_0603_1608Metric",214.450000,-223.275000,-90.000000,bottom
"C2186","1uF","C_0603_1608Metric",218.450000,-223.275000,-90.000000,bottom
"C2187","1uF","C_0603_1608Metric",222.450000,-223.275000,-90.000000,bottom
"C2188","1uF","C_0603_1608Metric",226.450000,-223.275000,-90.000000,bottom
"C2189","1uF","C_0603_1608Metric",230.450000,-223.275000,-90.000000,bottom
"C2190","1uF","C_0603_1608Metric",234.450000,-223.275000,-90.000000,bottom
"C2191","1uF","C_0603_1608Metric",238.450000,-223.275000,-90.000000,bottom
"C2192","1uF","C_0603_1608Metric",242.450000,-223.275000,-90.000000,bottom
"C2193","1uF","C_0603_1608Metric",246.450000,-223.275000,-90.000000,bottom
"C2194","1uF","C_0603_1608Metric",250.450000,-223.275000,-90.000000,bottom
"C2195","1uF","C_0603_1608Metric",254.450000,-223.275000,-90.000000,bottom
"C2196","1uF","C_0603_1608Metric",258.450000,-223.275000,-90.000000,bottom
"C2197","1uF","C_0603_1608Metric",262.450000,-223.275000,-90.000000,bottom
"C2198","1uF","C_0603_1608Metric",266.450000,-223.275000,-90.000000,bottom
"C2199","1uF","C_0603_1608Metric",270.450000,-223.275000,-90.000000,bottom
"C2200","1uF","C_0603_1608Metric",274.450000,-223.275000,-90.000000,bottom
"C2201","1uF","C_0603_1608Metric",278.450000,-223.275000,-90.000000,bottom
"C2202","1uF","C_0603_1608Metric",282.450000,-223.275000,-90.000000,bottom
"C2203","1uF","C_0603_1608Metric",286.450000,-223.275000,-90.000000,bottom
"C2204","1uF","C_0603_1608Metric",290.450000,-223.275000,-90.000000,bottom
"C2205","1uF","C_0603_1608Metric",294.450000,-223.275000,-90.000000,bottom
"C2206","1uF","C_0603_1608Metric",298.450000,-223.275000,-90.000000,bottom
"C2207","1uF","C_0603_1608Metric",302.450000,-223.275000,-90.000000,bottom
"C2208","1uF","C_0603_1608Metric",306.450000,-223.275000,-90.000000,bottom
"C2209","1uF","C_0603_1608Metric",310.450000,-223.275000,-90.000000,bottom
"C2210","1uF","C_0603_1608Metric",314.450000,-223.275000,-90.000000,bottom
"C2211","1uF","C_0603_1608Metric",318.450000,-223.275000,-90.000000,bottom
"C2212","1uF","C_0603_1608Metric",322.450000,-223.275000,-90.000000,bottom
"C2213","1uF","C_0603_1608Metric",326.450000,-223.275000,-90.000000,bottom
"C2214","1uF","C_0603_1608Metric",330.450000,-223.275000,-90.000000,bottom
"C2215","1uF","C_0603_1608Metric",334.450000,-223.275000,-90.000000,bottom
"C2216","1uF","C_0603_1608Metric",338.450000,-223.275000,-90.000000,bottom
"C2217","1uF","C_0603_1608Metric",342.450000,-223.275000,-90.000000,bottom
"C2218","1uF","C_0603_1608Metric",346.450000,-223.275000,-90.000000,bottom
"C2219","1uF","C_0603_1608Metric",350.450000,-223.275000,-90.000000,bottom
"C2220","1uF","C_0603_1608Metric",354.450000,-223.275000,-90.000000,bottom
"C2221","1uF","C_0603_1608Metric",358.450000,-223.275000,-90.000000,bottom
"C2222","1uF","C_0603_1608Metric",362.450000,-223.275000,-90.000000,bottom
"C2223","1uF","C_0603_1608Metric",366.450000,-223.275000,-90.000000,bottom
"C2224","1uF","C_0603_1608Metric",370.450000,-223.275000,-90.000000,bottom
"C2225","1uF","C_0603_1608Metric",374.450000,-223.275000,-90.000000,bottom
"C2226","1uF","C_0603_1608Metric",378.450000,-223.275000,-90.000000,bottom
"C2227","1uF","C_0603_1608Metric",382.450000,-223.275000,-90.000000,bottom
"C2228","1uF","C_0603_1608Metric",386.450000,-223.275000,-90.000000,bottom
"C2229","1uF","C_0603_1608Metric",390.450000,-223.275000,-90.000000,bottom
"C2230","1uF","C_0603_1608Metric",394.450000,-223.275000,-90.000000,bottom
"C2231","1uF","C_0603_1608Metric",398.450000,-223.275000,-90.000000,bottom
"C2232","1uF","C_0603_1608Metric",402.450000,-223.275000,-90.000000,bottom
"C2233","1uF","C_0603_1608Metric",406.450000,-223.275000,-90.000000,bottom
"C2234","1uF","C_0603_1608Metric",410.450000,-223.275000,-90.000000,bottom
"C2235","1uF","C_0603_1608Metric",414.450000,-223.275000,-90.000000,bottom
"C2236","1uF","C_0603_1608Metric",418.450000,-223.275000,-90.000000,bottom
"C2237","1uF","C_0603_1608Metric",422.450000,-223.275000,-90.000000,bottom
"C2238","1uF","C_0603_1608Metric",426.450000,-223.275000,-90.000000,bottom
"C2239","1uF","C_0603_1608Metric",430.450000,-223.275000,-90.000000,bottom
"C2240","1uF","C_0603_1608Metric",434.450000,-223.275000,-90.000000,bottom
"C2241","1uF","C_0603_1608Metric",158.450000,-227.275000,-90.000000,bottom
"C2242","1uF","C_0603_1608Metric",162.450000,-227.275000,-90.000000,bottom
"C2243","1uF","C_0603_1608Metric",166.450000,-227.275000,-90.000000,bottom
"C2244","1uF","C_0603_1608Metric",170.450000,-227.275000,-90.000000,bottom
"C2245","1uF","C_0603_1608Metric",174.450000,-227.275000,-90.000000,bottom
"C2246","1uF","C_0603_1608Metric",178.450000,-227.275000,-90.000000,bottom
"C2247","1uF","C_0603_1608Metric",182.450000,-227.275000,-90.000000,bottom
"C2248","1uF","C_0603_1608Metric",186.450000,-227.275000,-90.000000,bottom
"C2249","1uF","C_0603_1608Metric",190.450000,-227.275000,-90.000000,bottom
"C2250","1uF","C_0603_1608Metric",194.450000,-227.275000,-90.000000,bottom
"C2251","1uF","C_0603_1608Metric",198.450000,-227.275000,-90.000000,bottom
"C2252","1uF","C_0603_1608Metric",202.450000,-227.275000,-90.000000,bottom
"C2253","1uF","C_0603_1608Metric",206.450000,-227.275000,-90.000000,bottom
"C2254","1uF","C_0603_1608Metric",210.450000,-227.275000,-90.000000,bottom
"C2255","1uF","C_0603_1608Metric",214.450000,-227.275000,-90.000000,bottom
"C2256","1uF","C_0603_1608Metric",218.450000,-227.275000,-90.000000,bottom
"C2257","1uF","C_0603_1608Metric",222.450000,-227.275000,-90.000000,bottom
"C2258","1uF","C_0603_1608Metric",226.450000,-227.275000,-90.000000,bottom
"C2259","1uF","C_0603_1608Metric",230.450000,-227.275000,-90.000000,bottom
"C2260","1uF","C_0603_1608Metric",234.450000,-227.275000,-90.000000,bottom
"C2261","1uF","C_0603_1608Metric",238.450000,-227.275000,-90.000000,bottom
"C2262","1uF","C_0603_1608Metric",242.450000,-227.275000,-90.000000,bottom
"C2263","1uF","C_0603_1608Metric",246.450000,-227.275000,-90.000000,bottom
"C2264","1uF","C_0603_1608Metric",250.450000,-227.275000,-90.000000,bottom
"C2265","1uF","C_0603_1608Metric",254.450000,-227.275000,-90.000000,bottom
"C2266","1uF","C_0603_1608Metric",258.450000,-227.275000,-90.000000,bottom
"C2267","1uF","C_0603_1608Metric",262.450000,-227.275000,-90.000000,bottom
"C2268","1uF","C_0603_1608Metric",266.450000,-227.275000,-90.000000,bottom
"C2269","1uF","C_0603_1608Metric",270.450000,-227.275000,-90.000000,bottom
"C2270","1uF","C_0603_1608Metric",274.450000,-227.275000,-90.000000,bottom
"C2271","1uF","C_0603_1608Metric",278.450000,-227.275000,-90.000000,bottom
"C2272","1uF","C_0603_1608Metric",282.450000,-227.275000,-90.000000,bottom
"C2273","1uF","C_0603_1608Metric",286.450000,-227.275000,-90.000000,bottom
"C2274","1uF","C_0603_1608Metric",290.450000,-227.275000,-90.000000,bottom
"C2275","1uF","C_0603_1608Metric",294.450000,-227.275000,-90.000000,bottom
"C2276","1uF","C_0603_1608Metric",298.450000,-227.275000,-90.000000,bottom
"C2277","1uF","C_0603_1608Metric",302.450000,-227.275000,-90.000000,bottom
"C2278","1uF","C_0603_1608Metric",306.450000,-227.275000,-90.000000,bottom
"C2279","1uF","C_0603_1608Metric",310.450000,-227.275000,-90.000000,bottom
"C2280","1uF","C_0603_1608Metric",314.450000,-227.275000,-90.000000,bottom
"C2281","1uF","C_0603_1608Metric",318.450000,-227.275000,-90.000000,bottom
"C2282","1uF","C_0603_1608Metric",322.450000,-227.275000,-90.000000,bottom
"C2283","1uF","C_0603_1608Metric",326.450000,-227.275000,-90.000000,bottom
"C2284","1uF","C_0603_1608Metric",330.450000,-227.275000,-90.000000,bottom
"C2285","1uF","C_0603_1608Metric",334.450000,-227.275000,-90.000000,bottom
"C2286","1uF","C_0603_1608Metric",338.450000,-227.275000,-90.000000,bottom
"C2287","1uF","C_0603_1608Metric",342.450000,-227.275000,-90.000000,bottom
"C2288","1uF","C_0603_1608Metric",346.450000,-227.275000,-90.000000,bottom
"C2289","1uF","C_0603_1608Metric",350.450000,-227.275000,-90.000000,bottom
"C2290","1uF","C_0603_1608Metric",354.450000,-227.275000,-90.000000,bottom
"C2291","1uF","C_0603_1608Metric",358.450000,-227.275000,-90.000000,bottom
"C2292","1uF","C_0603_1608Metric",362.450000,-227.275000,-90.000000,bottom
"C2293","1uF","C_0603_1608Metric",366.450000,-227.275000,-90.000000,bottom
"C2294","1uF","C_0603_1608Metric",370.450000,-227.275000,-90.000000,bottom
"C2295","1uF","C_0603_1608Metric",374.450000,-227.275000,-90.000000,bottom
"C2296","1uF","C_0603_1608Metric",378.450000,-227.275000,-90.000000,bottom
"C2297","1uF","C_0603_1608Metric",382.450000,-227.275000,-90.000000,bottom
"C2298","1uF","C_0603_1608Metric",386.450000,-227.275000,-90.000000,bottom
"C2299","1uF","C_0603_1608Metric",390.450000,-227.275000,-90.000000,bottom
"C2300","1uF","C_0603_1608Metric",394.450000,-227.275000,-90.000000,bottom
"C2301","1uF","C_0603_1608Metric",398.450000,-227.275000,-90.000000,bottom
"C2302","1uF","C_0603_1608Metric",402.450000,-227.275000,-90.000000,bottom
"C2303","1uF","C_0603_1608Metric",406.450000,-227.275000,-90.000000,bottom
"C2304","1uF","C_0603_1608Metric",410.450000,-227.275000,-90.000000,bottom
"C2305","1uF","C_0603_1608Metric",414.450000,-227.275000,-90.000000,bottom
"C2306","1uF","C_0603_1608Metric",418.450000,-227.275000,-90.000000,bottom
"C2307","1uF","C_0603_1608Metric",422.450000,-227.275000,-90.000000,bottom
"C2308","1uF","C_0603_1608Metric",426.450000,-227.275000,-90.000000,bottom
"C2309","1uF","C_0603_1608Metric",430.450000,-227.275000,-90.000000,bottom
"C2310","1uF","C_0603_1608Metric",434.450000,-227.275000,-90.000000,bottom
"C2311","1uF","C_0603_1608Metric",158.450000,-231.275000,-90.000000,bottom
"C2312","1uF","C_0603_1608Metric",162.450000,-231.275000,-90.000000,bottom
"C2313","1uF","C_0603_1608Metric",166.450000,-231.275000,-90.000000,bottom
"C2314","1uF","C_0603_1608Metric",170.450000,-231.275000,-90.000000,bottom
"C2315","1uF","C_0603_1608Metric",174.450000,-231.275000,-90.000000,bottom
"C2316","1uF","C_0603_1608Metric",178.450000,-231.275000,-90.000000,bottom
"C2317","1uF","C_0603_1608Metric",182.450000,-231.275000,-90.000000,bottom
"C2318","1uF","C_0603_1608Metric",186.450000,-231.275000,-90.000000,bottom
"C2319","1uF","C_0603_1608Metric",190.450000,-231.275000,-90.000000,bottom
"C2320","1uF","C_0603_1608Metric",194.450000,-231.275000,-90.000000,bottom
"C2321","1uF","C_0603_1608Metric",198.450000,-231.275000,-90.000000,bottom
"C2322","1uF","C_0603_1608Metric",202.450000,-231.275000,-90.000000,bottom
"C2323","1uF","C_0603_1608Metric",206.450000,-231.275000,-90.000000,bottom
"C2324","1uF","C_0603_1608Metric",210.450000,-231.275000,-90.000000,bottom
"C2325","1uF","C_0603_1608Metric",214.450000,-231.275000,-90.000000,bottom
"C2326","1uF","C_0603_1608Metric",218.450000,-231.275000,-90.000000,bottom
"C2327","1uF","C_0603_1608Metric",222.450000,-231.275000,-90.000000,bottom
"C2328","1uF","C_0603_1608Metric",226.450000,-231.275000,-90.000000,bottom
"C2329","1uF","C_0603_1608Metric",230.450000,-231.275000,-90.000000,bottom
"C2330","1uF","C_0603_1608Metric",234.450000,-231.275000,-90.000000,bottom
"C2331","1uF","C_0603_1608Metric",238.450000,-231.275000,-90.000000,bottom
"C2332","1uF","C_0603_1608Metric",242.450000,-231.275000,-90.000000,bottom
"C2333","1uF","C_0603_1608Metric",246.450000,-231.275000,-90.000000,bottom
"C2334","1uF","C_0603_1608Metric",250.450000,-231.275000,-90.000000,bottom
"C2335","1uF","C_0603_1608Metric",254.450000,-231.275000,-90.000000,bottom
"C2336","1uF","C_0603_1608Metric",258.450000,-231.275000,-90.000000,bottom
"C2337","1uF","C_0603_1608Metric",262.450000,-231.275000,-90.000000,bottom
"C2338","1uF","C_0603_1608Metric",266.450000,-231.275000,-90.000000,bottom
"C2339","1uF","C_0603_1608Metric",270.450000,-231.275000,-90.000000,bottom
"C2340","1uF","C_0603_1608Metric",274.450000,-231.275000,-90.000000,bottom
"C2341","1uF","C_0603_1608Metric",278.450000,-231.275000,-90.000000,bottom
"C2342","1uF","C_0603_1608Metric",282.450000,-231.275000,-90.000000,bottom
"C2343","1uF","C_0603_1608Metric",286.450000,-231.275000,-90.000000,bottom
"C2344","1uF","C_0603_1608Metric",290.450000,-231.275000,-90.000000,bottom
"C2345","1uF","C_0603_1608Metric",294.450000,-231.275000,-90.000000,bottom
"C2346","1uF","C_0603_1608Metric",298.450000,-231.275000,-90.000000,bottom
"C2347","1uF","C_0603_1608Metric",302.450000,-231.275000,-90.000000,bottom
"C2348","1uF","C_0603_1608Metric",306.450000,-231.275000,-90.000000,bottom
"C2349","1uF","C_0603_1608Metric",310.450000,-231.275000,-90.000000,bottom
"C2350","1uF","C_0603_1608Metric",314.450000,-231.275000,-90.000000,bottom
"C2351","1uF","C_0603_1608Metric",318.450000,-231.275000,-90.000000,bottom
"C2352","1uF","C_0603_1608Metric",322.450000,-231.275000,-90.000000,bottom
"C2353","1uF","C_0603_1608Metric",326.450000,-231.275000,-90.000000,bottom
"C2354","1uF","C_0603_1608Metric",330.450000,-231.275000,-90.000000,bottom
"C2355","1uF","C_0603_1608Metric",334.450000,-231.275000,-90.000000,bottom
"C2356","1uF","C_0603_1608Metric",338.450000,-231.275000,-90.000000,bottom
"C2357","1uF","C_0603_1608Metric",342.450000,-231.275000,-90.000000,bottom
"C2358","1uF","C_0603_1608Metric",346.450000,-231.275000,-90.000000,bottom
"C2359","1uF","C_0603_1608Metric",350.450000,-231.275000,-90.000000,bottom
"C2360","1uF","C_0603_1608Metric",354.450000,-231.275000,-90.000000,bottom
"C2361","1uF","C_0603_1608Metric",358.450000,-231.275000,-90.000000,bottom
"C2362","1uF","C_0603_1608Metric",362.450000,-231.275000,-90.000000,bottom
"C2363","1uF","C_0603_1608Metric",366.450000,-231.275000,-90.000000,bottom
"C2364","1uF","C_0603_1608Metric",370.450000,-231.275000,-90.000000,bottom
"C2365","1uF","C_0603_1608Metric",374.450000,-231.275000,-90.000000,bottom
"C2366","1uF","C_0603_1608Metric",378.450000,-231.275000,-90.000000,bottom
"C2367","1uF","C_0603_1608Metric",382.450000,-231.275000,-90.000000,bottom
"C2368","1uF","C_0603_1608Metric",386.450000,-231.275000,-90.000000,bottom
"C2369","1uF","C_0603_1608Metric",390.450000,-231.275000,-90.000000,bottom
"C2370","1uF","C_0603_1608Metric",394.450000,-231.275000,-90.000000,bottom
"C2371","1uF","C_0603_1608Metric",398.450000,-231.275000,-90.000000,bottom
"C2372","1uF","C_0603_1608Metric",402.450000,-231.275000,-90.000000,bottom
"C2373","1uF","C_0603_1608Metric",406.450000,-231.275000,-90.000000,bottom
"C2374","1uF","C_0603_1608Metric",410.450000,-231.275000,-90.000000,bottom
"C2375","1uF","C_0603_1608Metric",414.450000,-231.275000,-90.000000,bottom
"C2376","1uF","C_0603_1608Metric",418.450000,-231.275000,-90.000000,bottom
"C2377","1uF","C_0603_1608Metric",422.450000,-231.275000,-90.000000,bottom
"C2378","1uF","C_0603_1608Metric",426.450000,-231.275000,-90.000000,bottom
"C2379","1uF","C_0603_1608Metric",430.450000,-231.275000,-90.000000,bottom
"C2380","1uF","C_0603_1608Metric",434.450000,-231.275000,-90.000000,bottom
"C2381","1uF","C_0603_1608Metric",158.450000,-235.275000,-90.000000,bottom
"C2382","1uF","C_0603_1608Metric",162.450000,-235.275000,-90.000000,bottom
"C2383","1uF","C_0603_1608Metric",166.450000,-235.275000,-90.000000,bottom
"C2384","1uF","C_0603_1608Metric",170.450000,-235.275000,-90.000000,bottom
"C2385","1uF","C_0603_1608Metric",174.450000,-235.275000,-90.000000,bottom
"C2386","1uF","C_0603_1608Metric",178.450000,-235.275000,-90.000000,bottom
"C2387","1uF","C_0603_1608Metric",182.450000,-235.275000,-90.000000,bottom
"C2388","1uF","C_0603_1608Metric",186.450000,-235.275000,-90.000000,bottom
"C2389","1uF","C_0603_1608Metric",190.450000,-235.275000,-90.000000,bottom
"C2390","1uF","C_0603_1608Metric",194.450000,-235.275000,-90.000000,bottom
"C2391","1uF","C_0603_1608Metric",198.450000,-235.275000,-90.000000,bottom
"C2392","1uF","C_0603_1608Metric",202.450000,-235.275000,-90.000000,bottom
"C2393","1uF","C_0603_1608Metric",206.450000,-235.275000,-90.000000,bottom
"C2394","1uF","C_0603_1608Metric",210.450000,-235.275000,-90.000000,bottom
"C2395","1uF","C_0603_1608Metric",214.450000,-235.275000,-90.000000,bottom
"C2396","1uF","C_0603_1608Metric",218.450000,-235.275000,-90.000000,bottom
"C2397","1uF","C_0603_1608Metric",222.450000,-235.275000,-90.000000,bottom
"C2398","1uF","C_0603_1608Metric",226.450000,-235.275000,-90.000000,bottom
"C2399","1uF","C_0603_1608Metric",230.450000,-235.275000,-90.000000,bottom
"C2400","1uF","C_0603_1608Metric",234.450000,-235.275000,-90.000000,bottom
"C2401","1uF","C_0603_1608Metric",238.450000,-235.275000,-90.000000,bottom
"C2402","1uF","C_0603_1608Metric",242.450000,-235.275000,-90.000000,bottom
"C2403","1uF","C_0603_1608Metric",246.450000,-235.275000,-90.000000,bottom
"C2404","1uF","C_0603_1608Metric",250.450000,-235.275000,-90.000000,bottom
"C2405","1uF","C_0603_1608Metric",254.450000,-235.275000,-90.000000,bottom
"C2406","1uF","C_0603_1608Metric",258.450000,-235.275000,-90.000000,bottom
"C2407","1uF","C_0603_1608Metric",262.450000,-235.275000,-90.000000,bottom
"C2408","1uF","C_0603_1608Metric",266.450000,-235.275000,-90.000000,bottom
"C2409","1uF","C_0603_1608Metric",270.450000,-235.275000,-90.000000,bottom
"C2410","1uF","C_0603_1608Metric",274.450000,-235.275000,-90.000000,bottom
"C2411","1uF","C_0603_1608Metric",278.450000,-235.275000,-90.000000,bottom
"C2412","1uF","C_0603_1608Metric",282.450000,-235.275000,-90.000000,bottom
"C2413","1uF","C_0603_1608Metric",286.450000,-235.275000,-90.000000,bottom
"C2414","1uF","C_0603_1608Metric",290.450000,-235.275000,-90.000000,bottom
"C2415","1uF","C_0603_1608Metric",294.450000,-235.275000,-90.000000,bottom
"C2416","1uF","C_0603_1608Metric",298.450000,-235.275000,-90.000000,bottom
"C2417","1uF","C_0603_1608Metric",302.450000,-235.275000,-90.000000,bottom
"C2418","1uF","C_0603_1608Metric",306.450000,-235.275000,-90.000000,bottom
"C2419","1uF","C_0603_1608Metric",310.450000,-235.275000,-90.000000,bottom
"C2420","1uF","C_0603_1608Metric",314.450000,-235.275000,-90.000000,bottom
"C2421","1uF","C_0603_1608Metric",318.450000,-235.275000,-90.000000,bottom
"C2422","1uF","C_0603_1608Metric",322.450000,-235.275000,-90.000000,bottom
"C2423","1uF","C_0603_1608Metric",326.450000,-235.275000,-90.000000,bottom
"C2424","1uF","C_0603_1608Metric",330.450000,-235.275000,-90.000000,bottom
"C2425","1uF","C_0603_1608Metric",334.450000,-235.275000,-90.000000,bottom
"C2426","1uF","C_0603_1608Metric",338.450000,-235.275000,-90.000000,bottom
"C2427","1uF","C_0603_1608Metric",342.450000,-235.275000,-90.000000,bottom
"C2428","1uF","C_0603_1608Metric",346.450000,-235.275000,-90.000000,bottom
"C2429","1uF","C_0603_1608Metric",350.450000,-235.275000,-90.000000,bottom
"C2430","1uF","C_0603_1608Metric",354.450000,-235.275000,-90.000000,bottom
"C2431","1uF","C_0603_1608Metric",358.450000,-235.275000,-90.000000,bottom
"C2432","1uF","C_0603_1608Metric",362.450000,-235.275000,-90.000000,bottom
"C2433","1uF","C_0603_1608Metric",366.450000,-235.275000,-90.000000,bottom
"C2434","1uF","C_0603_1608Metric",370.450000,-235.275000,-90.000000,bottom
"C2435","1uF","C_0603_1608Metric",374.450000,-235.275000,-90.000000,bottom
"C2436","1uF","C_0603_1608Metric",378.450000,-235.275000,-90.000000,bottom
"C2437","1uF","C_0603_1608Metric",382.450000,-235.275000,-90.000000,bottom
"C2438","1uF","C_0603_1608Metric",386.450000,-235.275000,-90.000000,bottom
"C2439","1uF","C_0603_1608Metric",390.450000,-235.275000,-90.000000,bottom
"C2440","1uF","C_0603_1608Metric",394.450000,-235.275000,-90.000000,bottom
"C2441","1uF","C_0603_1608Metric",398.450000,-235.275000,-90.000000,bottom
"C2442","1uF","C_0603_1608Metric",402.450000,-235.275000,-90.000000,bottom
"C2443","1uF","C_0603_1608Metric",406.450000,-235.275000,-90.000000,bottom
"C2444","1uF","C_0603_1608Metric",410.450000,-235.275000,-90.000000,bottom
"C2445","1uF","C_0603_1608Metric",414.450000,-235.275000,-90.000000,bottom
"C2446","1uF","C_0603_1608Metric",418.450000,-235.275000,-90.000000,bottom
"C2447","1uF","C_0603_1608Metric",422.450000,-235.275000,-90.000000,bottom
"C2448","1uF","C_0603_1608Metric",426.450000,-235.275000,-90.000000,bottom
"C2449","1uF","C_0603_1608Metric",430.450000,-235.275000,-90.000000,bottom
"C2450","1uF","C_0603_1608Metric",434.450000,-235.275000,-90.000000,bottom
"C2451","1uF","C_0603_1608Metric",158.450000,-239.275000,-90.000000,bottom
"C2452","1uF","C_0603_1608Metric",162.450000,-239.275000,-90.000000,bottom
"C2453","1uF","C_0603_1608Metric",166.450000,-239.275000,-90.000000,bottom
"C2454","1uF","C_0603_1608Metric",170.450000,-239.275000,-90.000000,bottom
"C2455","1uF","C_0603_1608Metric",174.450000,-239.275000,-90.000000,bottom
"C2456","1uF","C_0603_1608Metric",178.450000,-239.275000,-90.000000,bottom
"C2457","1uF","C_0603_1608Metric",182.450000,-239.275000,-90.000000,bottom
"C2458","1uF","C_0603_1608Metric",186.450000,-239.275000,-90.000000,bottom
"C2459","1uF","C_0603_1608Metric",190.450000,-239.275000,-90.000000,bottom
"C2460","1uF","C_0603_1608Metric",194.450000,-239.275000,-90.000000,bottom
"C2461","1uF","C_0603_1608Metric",198.450000,-239.275000,-90.000000,bottom
"C2462","1uF","C_0603_1608Metric",202.450000,-239.275000,-90.000000,bottom
"C2463","1uF","C_0603_1608Metric",206.450000,-239.275000,-90.000000,bottom
"C2464","1uF","C_0603_1608Metric",210.450000,-239.275000,-90.000000,bottom
"C2465","1uF","C_0603_1608Metric",214.450000,-239.275000,-90.000000,bottom
"C2466","1uF","C_0603_1608Metric",218.450000,-239.275000,-90.000000,bottom
"C2467","1uF","C_0603_1608Metric",222.450000,-239.275000,-90.000000,bottom
"C2468","1uF","C_0603_1608Metric",226.450000,-239.275000,-90.000000,bottom
"C2469","1uF","C_0603_1608Metric",230.450000,-239.275000,-90.000000,bottom
"C2470","1uF","C_0603_1608Metric",234.450000,-239.275000,-90.000000,bottom
"C2471","1uF","C_0603_1608Metric",238.450000,-239.275000,-90.000000,bottom
"C2472","1uF","C_0603_1608Metric",242.450000,-239.275000,-90.000000,bottom
"C2473","1uF","C_0603_1608Metric",246.450000,-239.275000,-90.000000,bottom
"C2474","1uF","C_0603_1608Metric",250.450000,-239.275000,-90.000000,bottom
"C2475","1uF","C_0603_1608Metric",254.450000,-239.275000,-90.000000,bottom
"C2476","1uF","C_0603_1608Metric",258.450000,-239.275000,-90.000000,bottom
"C2477","1uF","C_0603_1608Metric",262.450000,-239.275000,-90.000000,bottom
"C2478","1uF","C_0603_1608Metric",266.450000,-239.275000,-90.000000,bottom
"C2479","1uF","C_0603_1608Metric",270.450000,-239.275000,-90.000000,bottom
"C2480","1uF","C_0603_1608Metric",274.450000,-239.275000,-90.000000,bottom
"C2481","1uF","C_0603_1608Metric",278.450000,-239.275000,-90.000000,bottom
"C2482","1uF","C_0603_1608Metric",282.450000,-239.275000,-90.000000,bottom
"C2483","1uF","C_0603_1608Metric",286.450000,-239.275000,-90.000000,bottom
"C2484","1uF","C_0603_1608Metric",290.450000,-239.275000,-90.000000,bottom
"C2485","1uF","C_0603_1608Metric",294.450000,-239.275000,-90.000000,bottom
"C2486","1uF","C_0603_1608Metric",298.450000,-239.275000,-90.000000,bottom
"C2487","1uF","C_0603_1608Metric",302.450000,-239.275000,-90.000000,bottom
"C2488","1uF","C_0603_1608Metric",306.450000,-239.275000,-90.000000,bottom
"C2489","1uF","C_0603_1608Metric",310.450000,-239.275000,-90.000000,bottom
"C2490","1uF","C_0603_1608Metric",314.450000,-239.275000,-90.000000,bottom
"C2491","1uF","C_0603_1608Metric",318.450000,-239.275000,-90.000000,bottom
"C2492","1uF","C_0603_1608Metric",322.450000,-239.275000,-90.000000,bottom
"C2493","1uF","C_0603_1608Metric",326.450000,-239.275000,-90.000000,bottom
"C2494","1uF","C_0603_1608Metric",330.450000,-239.275000,-90.000000,bottom
"C2495","1uF","C_0603_1608Metric",334.450000,-239.275000,-90.000000,bottom
"C2496","1uF","C_0603_1608Metric",338.450000,-239.275000,-90.000000,bottom
"C2497","1uF","C_0603_1608Metric",342.450000,-239.275000,-90.000000,bottom
"C2498","1uF","C_0603_1608Metric",346.450000,-239.275000,-90.000000,bottom
"C2499","1uF","C_0603_1608Metric",350.450000,-239.275000,-90.000000,bottom
"C2500","1uF","C_0603_1608Metric",354.450000,-239.275000,-90.000000,bottom
"C2501","1uF","C_0603_1608Metric",358.450000,-239.275000,-90.000000,bottom
"C2502","1uF","C_0603_1608Metric",362.450000,-239.275000,-90.000000,bottom
"C2503","1uF","C_0603_1608Metric",366.450000,-239.275000,-90.000000,bottom
"C2504","1uF","C_0603_1608Metric",370.450000,-239.275000,-90.000000,bottom
"C2505","1uF","C_0603_1608Metric",374.450000,-239.275000,-90.000000,bottom
"C2506","1uF","C_0603_1608Metric",378.450000,-239.275000,-90.000000,bottom
"C2507","1uF","C_0603_1608Metric",382.450000,-239.275000,-90.000000,bottom
"C2508","1uF","C_0603_1608Metric",386.450000,-239.275000,-90.000000,bottom
"C2509","1uF","C_0603_1608Metric",390.450000,-239.275000,-90.000000,bottom
"C2510","1uF","C_0603_1608Metric",394.450000,-239.275000,-90.000000,bottom
"C2511","1uF","C_0603_1608Metric",398.450000,-239.275000,-90.000000,bottom
"C2512","1uF","C_0603_1608Metric",402.450000,-239.275000,-90.000000,bottom
"C2513","1uF","C_0603_1608Metric",406.450000,-239.275000,-90.000000,bottom
"C2514","1uF","C_0603_1608Metric",410.450000,-239.275000,-90.000000,bottom
"C2515","1uF","C_0603_1608Metric",414.450000,-239.275000,-90.000000,bottom
"C2516","1uF","C_0603_1608Metric",418.450000,-239.275000,-90.000000,bottom
"C2517","1uF","C_0603_1608Metric",422.450000,-239.275000,-90.000000,bottom
"C2518","1uF","C_0603_1608Metric",426.450000,-239.275000,-90.000000,bottom
"C2519","1uF","C_0603_1608Metric",430.450000,-239.275000,-90.000000,bottom
"C2520","1uF","C_0603_1608Metric",434.450000,-239.275000,-90.000000,bottom
"C2521","1uF","C_0603_1608Metric",158.450000,-243.275000,-90.000000,bottom
"C2522","1uF","C_0603_1608Metric",162.450000,-243.275000,-90.000000,bottom
"C2523","1uF","C_0603_1608Metric",166.450000,-243.275000,-90.000000,bottom
"C2524","1uF","C_0603_1608Metric",170.450000,-243.275000,-90.000000,bottom
"C2525","1uF","C_0603_1608Metric",174.450000,-243.275000,-90.000000,bottom
"C2526","1uF","C_0603_1608Metric",178.450000,-243.275000,-90.000000,bottom
"C2527","1uF","C_0603_1608Metric",182.450000,-243.275000,-90.000000,bottom
"C2528","1uF","C_0603_1608Metric",186.450000,-243.275000,-90.000000,bottom
"C2529","1uF","C_0603_1608Metric",190.450000,-243.275000,-90.000000,bottom
"C2530","1uF","C_0603_1608Metric",194.450000,-243.275000,-90.000000,bottom
"C2531","1uF","C_0603_1608Metric",198.450000,-243.275000,-90.000000,bottom
"C2532","1uF","C_0603_1608Metric",202.450000,-243.275000,-90.000000,bottom
"C2533","1uF","C_0603_1608Metric",206.450000,-243.275000,-90.000000,bottom
"C2534","1uF","C_0603_1608Metric",210.450000,-243.275000,-90.000000,bottom
"C2535","1uF","C_0603_1608Metric",214.450000,-243.275000,-90.000000,bottom
"C2536","1uF","C_0603_1608Metric",218.450000,-243.275000,-90.000000,bottom
"C2537","1uF","C_0603_1608Metric",222.450000,-243.275000,-90.000000,bottom
"C2538","1uF","C_0603_1608Metric",226.450000,-243.275000,-90.000000,bottom
"C2539","1uF","C_0603_1608Metric",230.450000,-243.275000,-90.000000,bottom
"C2540","1uF","C_0603_1608Metric",234.450000,-243.275000,-90.000000,bottom
"C2541","1uF","C_0603_1608Metric",238.450000,-243.275000,-90.000000,bottom
"C2542","1uF","C_0603_1608Metric",242.450000,-243.275000,-90.000000,bottom
"C2543","1uF","C_0603_1608Metric",246.450000,-243.275000,-90.000000,bottom
"C2544","1uF","C_0603_1608Metric",250.450000,-243.275000,-90.000000,bottom
"C2545","1uF","C_0603_1608Metric",254.450000,-243.275000,-90.000000,bottom
"C2546","1uF","C_0603_1608Metric",258.450000,-243.275000,-90.000000,bottom
"C2547","1uF","C_0603_1608Metric",262.450000,-243.275000,-90.000000,bottom
"C2548","1uF","C_0603_1608Metric",266.450000,-243.275000,-90.000000,bottom
"C2549","1uF","C_0603_1608Metric",270.450000,-243.275000,-90.000000,bottom
"C2550","1uF","C_0603_1608Metric",274.450000,-243.275000,-90.000000,bottom
"C2551","1uF","C_0603_1608Metric",278.450000,-243.275000,-90.000000,bottom
"C2552","1uF","C_0603_1608Metric",282.450000,-243.275000,-90.000000,bottom
"C2553","1uF","C_0603_1608Metric",286.450000,-243.275000,-90.000000,bottom
"C2554","1uF","C_0603_1608Metric",290.450000,-243.275000,-90.000000,bottom
"C2555","1uF","C_0603_1608Metric",294.450000,-243.275000,-90.000000,bottom
"C2556","1uF","C_0603_1608Metric",298.450000,-243.275000,-90.000000,bottom
"C2557","1uF","C_0603_1608Metric",302.450000,-243.275000,-90.000000,bottom
"C2558","1uF","C_0603_1608Metric",306.450000,-243.275000,-90.000000,bottom
"C2559","1uF","C_0603_1608Metric",310.450000,-243.275000,-90.000000,bottom
"C2560","1uF","C_0603_1608Metric",314.450000,-243.275000,-90.000000,bottom
"C2561","1uF","C_0603_1608Metric",318.450000,-243.275000,-90.000000,bottom
"C2562","1uF","C_0603_1608Metric",322.450000,-243.275000,-90.000000,bottom
"C2563","1uF","C_0603_1608Metric",326.450000,-243.275000,-90.000000,bottom
"C2564","1uF","C_0603_1608Metric",330.450000,-243.275000,-90.000000,bottom
"C2565","1uF","C_0603_1608Metric",334.450000,-243.275000,-90.000000,bottom
"C2566","1uF","C_0603_1608Metric",338.450000,-243.275000,-90.000000,bottom
"C2567","1uF","C_0603_1608Metric",342.450000,-243.275000,-90.000000,bottom
"C2568","1uF","C_0603_1608Metric",346.450000,-243.275000,-90.000000,bottom
"C2569","1uF","C_0603_1608Metric",350.450000,-243.275000,-90.000000,bottom
"C2570","1uF","C_0603_1608Metric",354.450000,-243.275000,-90.000000,bottom
"C2571","1uF","C_0603_1608Metric",358.450000,-243.275000,-90.000000,bottom
"C2572","1uF","C_0603_1608Metric",362.450000,-243.275000,-90.000000,bottom
"C2573","1uF","C_0603_1608Metric",366.450000,-243.275000,-90.000000,bottom
"C2574","1uF","C_0603_1608Metric",370.450000,-243.275000,-90.000000,bottom
"C2575","1uF","C_0603_1608Metric",374.450000,-243.275000,-90.000000,bottom
"C2576","1uF","C_0603_1608Metric",378.450000,-243.275000,-90.000000,bottom
"C2577","1uF","C_0603_1608Metric",382.450000,-243.275000,-90.000000,bottom
"C2578","1uF","C_0603_1608Metric",386.450000,-243.275000,-90.000000,bottom
"C2579","1uF","C_0603_1608Metric",390.450000,-243.275000,-90.000000,bottom
"C2580","1uF","C_0603_1608Metric",394.450000,-243.275000,-90.000000,bottom
"C2581","1uF","C_0603_1608Metric",398.450000,-243.275000,-90.000000,bottom
"C2582","1uF","C_0603_1608Metric",402.450000,-243.275000,-90.000000,bottom
"C2583","1uF","C_0603_1608Metric",406.450000,-243.275000,-90.000000,bottom
"C2584","1uF","C_0603_1608Metric",410.450000,-243.275000,-90.000000,bottom
"C2585","1uF","C_0603_1608Metric",414.450000,-243.275000,-90.000000,bottom
"C2586","1uF","C_0603_1608Metric",418.450000,-243.275000,-90.000000,bottom
"C2587","1uF","C_0603_1608Metric",422.450000,-243.275000,-90.000000,bottom
"C2588","1uF","C_0603_1608Metric",426.450000,-243.275000,-90.000000,bottom
"C2589","1uF","C_0603_1608Metric",430.450000,-243.275000,-90.000000,bottom
"C2590","1uF","C_0603_1608Metric",434.450000,-243.275000,-90.000000,bottom
"C2591","1uF","C_0603_1608Metric",158.450000,-247.275000,-90.000000,bottom
"C2592","1uF","C_0603_1608Metric",162.450000,-247.275000,-90.000000,bottom
"C2593","1uF","C_0603_1608Metric",166.450000,-247.275000,-90.000000,bottom
"C2594","1uF","C_0603_1608Metric",170.450000,-247.275000,-90.000000,bottom
"C2595","1uF","C_0603_1608Metric",174.450000,-247.275000,-90.000000,bottom
"C2596","1uF","C_0603_1608Metric",178.450000,-247.275000,-90.000000,bottom
"C2597","1uF","C_0603_1608Metric",182.450000,-247.275000,-90.000000,bottom
"C2598","1uF","C_0603_1608Metric",186.450000,-247.275000,-90.000000,bottom
"C2599","1uF","C_0603_1608Metric",190.450000,-247.275000,-90.000000,bottom
"C2600","1uF","C_0603_1608Metric",194.450000,-247.275000,-90.000000,bottom
"C2601","1uF","C_0603_1608Metric",198.450000,-247.275000,-90.000000,bottom
"C2602","1uF","C_0603_1608Metric",202.450000,-247.275000,-90.000000,bottom
"C2603","1uF","C_0603_1608Metric",206.450000,-247.275000,-90.000000,bottom
"C2604","1uF","C_0603_1608Metric",210.450000,-247.275000,-90.000000,bottom
"C2605","1uF","C_0603_1608Metric",214.450000,-247.275000,-90.000000,bottom
"C2606","1uF","C_0603_1608Metric",218.450000,-247.275000,-90.000000,bottom
"C2607","1uF","C_0603_1608Metric",222.450000,-247.275000,-90.000000,bottom
"C2608","1uF","C_0603_1608Metric",226.450000,-247.275000,-90.000000,bottom
"C2609","1uF","C_0603_1608Metric",230.450000,-247.275000,-90.000000,bottom
"C2610","1uF","C_0603_1608Metric",234.450000,-247.275000,-90.000000,bottom
"C2611","1uF","C_0603_1608Metric",238.450000,-247.275000,-90.000000,bottom
"C2612","1uF","C_0603_1608Metric",242.450000,-247.275000,-90.000000,bottom
"C2613","1uF","C_0603_1608Metric",246.450000,-247.275000,-90.000000,bottom
"C2614","1uF","C_0603_1608Metric",250.450000,-247.275000,-90.000000,bottom
"C2615","1uF","C_0603_1608Metric",254.450000,-247.275000,-90.000000,bottom
"C2616","1uF","C_0603_1608Metric",258.450000,-247.275000,-90.000000,bottom
"C2617","1uF","C_0603_1608Metric",262.450000,-247.275000,-90.000000,bottom
"C2618","1uF","C_0603_1608Metric",266.450000,-247.275000,-90.000000,bottom
"C2619","1uF","C_0603_1608Metric",270.450000,-247.275000,-90.000000,bottom
"C2620","1uF","C_0603_1608Metric",274.450000,-247.275000,-90.000000,bottom
"C2621","1uF","C_0603_1608Metric",278.450000,-247.275000,-90.000000,bottom
"C2622","1uF","C_0603_1608Metric",282.450000,-247.275000,-90.000000,bottom
"C2623","1uF","C_0603_1608Metric",286.450000,-247.275000,-90.000000,bottom
"C2624","1uF","C_0603_1608Metric",290.450000,-247.275000,-90.000000,bottom
"C2625","1uF","C_0603_1608Metric",294.450000,-247.275000,-90.000000,bottom
"C2626","1uF","C_0603_1608Metric",298.450000,-247.275000,-90.000000,bottom
"C2627","1uF","C_0603_1608Metric",302.450000,-247.275000,-90.000000,bottom
"C2628","1uF","C_0603_1608Metric",306.450000,-247.275000,-90.000000,bottom
"C2629","1uF","C_0603_1608Metric",310.450000,-247.275000,-90.000000,bottom
"C2630","1uF","C_0603_1608Metric",314.450000,-247.275000,-90.000000,bottom
"C2631","1uF","C_0603_1608Metric",318.450000,-247.275000,-90.000000,bottom
"C2632","1uF","C_0603_1608Metric",322.450000,-247.275000,-90.000000,bottom
"C2633","1uF","C_0603_1608Metric",326.450000,-247.275000,-90.000000,bottom
"C2634","1uF","C_0603_1608Metric",330.450000,-247.275000,-90.000000,bottom
"C2635","1uF","C_0603_1608Metric",334.450000,-247.275000,-90.000000,bottom
"C2636","1uF","C_0603_1608Metric",338.450000,-247.275000,-90.000000,bottom
"C2637","1uF","C_0603_1608Metric",342.450000,-247.275000,-90.000000,bottom
"C2638","1uF","C_0603_1608Metric",346.450000,-247.275000,-90.000000,bottom
"C2639","1uF","C_0603_1608Metric",350.450000,-247.275000,-90.000000,bottom
"C2640","1uF","C_0603_1608Metric",354.450000,-247.275000,-90.000000,bottom
"C2641","1uF","C_0603_1608Metric",358.450000,-247.275000,-90.000000,bottom
"C2642","1uF","C_0603_1608Metric",362.450000,-247.275000,-90.000000,bottom
"C2643","1uF","C_0603_1608Metric",366.450000,-247.275000,-90.000000,bottom
"C2644","1uF","C_0603_1608Metric",370.450000,-247.275000,-90.000000,bottom
"C2645","1uF","C_0603_1608Metric",374.450000,-247.275000,-90.000000,bottom
"C2646","1uF","C_0603_1608Metric",378.450000,-247.275000,-90.000000,bottom
"C2647","1uF","C_0603_1608Metric",382.450000,-247.275000,-90.000000,bottom
"C2648","1uF","C_0603_1608Metric",386.450000,-247.275000,-90.000000,bottom
"C2649","1uF","C_0603_1608Metric",390.450000,-247.275000,-90.000000,bottom
"C2650","1uF","C_0603_1608Metric",394.450000,-247.275000,-90.000000,bottom
"C2651","1uF","C_0603_1608Metric",398.450000,-247.275000,-90.000000,bottom
"C2652","1uF","C_0603_1608Metric",402.450000,-247.275000,-90.000000,bottom
"C2653","1uF","C_0603_1608Metric",406.450000,-247.275000,-90.000000,bottom
"C2654","1uF","C_0603_1608Metric",410.450000,-247.275000,-90.000000,bottom
"C2655","1uF","C_0603_1608Metric",414.450000,-247.275000,-90.000000,bottom
"C2656","1uF","C_0603_1608Metric",418.450000,-247.275000,-90.000000,bottom
"C2657","1uF","C_0603_1608Metric",422.450000,-247.275000,-90.000000,bottom
"C2658","1uF","C_0603_1608Metric",426.450000,-247.275000,-90.000000,bottom
"C2659","1uF","C_0603_1608Metric",430.450000,-247.275000,-90.000000,bottom
"C2660","1uF","C_0603_1608Metric",434.450000,-247.275000,-90.000000,bottom
"C2661","1uF","C_0603_1608Metric",158.450000,-251.275000,-90.000000,bottom
"C2662","1uF","C_0603_1608Metric",162.450000,-251.275000,-90.000000,bottom
"C2663","1uF","C_0603_1608Metric",166.450000,-251.275000,-90.000000,bottom
"C2664","1uF","C_0603_1608Metric",170.450000,-251.275000,-90.000000,bottom
"C2665","1uF","C_0603_1608Metric",174.450000,-251.275000,-90.000000,bottom
"C2666","1uF","C_0603_1608Metric",178.450000,-251.275000,-90.000000,bottom
"C2667","1uF","C_0603_1608Metric",182.450000,-251.275000,-90.000000,bottom
"C2668","1uF","C_0603_1608Metric",186.450000,-251.275000,-90.000000,bottom
"C2669","1uF","C_0603_1608Metric",190.450000,-251.275000,-90.000000,bottom
"C2670","1uF","C_0603_1608Metric",194.450000,-251.275000,-90.000000,bottom
"C2671","1uF","C_0603_1608Metric",198.450000,-251.275000,-90.000000,bottom
"C2672","1uF","C_0603_1608Metric",202.450000,-251.275000,-90.000000,bottom
"C2673","1uF","C_0603_1608Metric",206.450000,-251.275000,-90.000000,bottom
"C2674","1uF","C_0603_1608Metric",210.450000,-251.275000,-90.000000,bottom
"C2675","1uF","C_0603_1608Metric",214.450000,-251.275000,-90.000000,bottom
"C2676","1uF","C_0603_1608Metric",218.450000,-251.275000,-90.000000,bottom
"C2677","1uF","C_0603_1608Metric",222.450000,-251.275000,-90.000000,bottom
"C2678","1uF","C_0603_1608Metric",226.450000,-251.275000,-90.000000,bottom
"C2679","1uF","C_0603_1608Metric",230.450000,-251.275000,-90.000000,bottom
"C2680","1uF","C_0603_1608Metric",234.450000,-251.275000,-90.000000,bottom
"C2681","1uF","C_0603_1608Metric",238.450000,-251.275000,-90.000000,bottom
"C2682","1uF","C_0603_1608Metric",242.450000,-251.275000,-90.000000,bottom
"C2683","1uF","C_0603_1608Metric",246.450000,-251.275000,-90.000000,bottom
"C2684","1uF","C_0603_1608Metric",250.450000,-251.275000,-90.000000,bottom
"C2685","1uF","C_0603_1608Metric",254.450000,-251.275000,-90.000000,bottom
"C2686","1uF","C_0603_1608Metric",258.450000,-251.275000,-90.000000,bottom
"C2687","1uF","C_0603_1608Metric",262.450000,-251.275000,-90.000000,bottom
"C2688","1uF","C_0603_1608Metric",266.450000,-251.275000,-90.000000,bottom
"C2689","1uF","C_0603_1608Metric",270.450000,-251.275000,-90.000000,bottom
"C2690","1uF","C_0603_1608Metric",274.450000,-251.275000,-90.000000,bottom
"C2691","1uF","C_0603_1608Metric",278.450000,-251.275000,-90.000000,bottom
"C2692","1uF","C_0603_1608Metric",282.450000,-251.275000,-90.000000,bottom
"C2693","1uF","C_0603_1608Metric",286.450000,-251.275000,-90.000000,bottom
"C2694","1uF","C_0603_1608Metric",290.450000,-251.275000,-90.000000,bottom
"C2695","1uF","C_0603_1608Metric",294.450000,-251.275000,-90.000000,bottom
"C2696","1uF","C_0603_1608Metric",298.450000,-251.275000,-90.000000,bottom
"C2697","1uF","C_0603_1608Metric",302.450000,-251.275000,-90.000000,bottom
"C2698","1uF","C_0603_1608Metric",306.450000,-251.275000,-90.000000,bottom
"C2699","1uF","C_0603_1608Metric",310.450000,-251.275000,-90.000000,bottom
"C2700","1uF","C_0603_1608Metric",314.450000,-251.275000,-90.000000,bottom
"C2701","1uF","C_0603_1608Metric",318.450000,-251.275000,-90.000000,bottom
"C2702","1uF","C_0603_1608Metric",322.450000,-251.275000,-90.000000,bottom
"C2703","1uF","C_0603_1608Metric",326.450000,-251.275000,-90.000000,bottom
"C2704","1uF","C_0603_1608Metric",330.450000,-251.275000,-90.000000,bottom
"C2705","1uF","C_0603_1608Metric",334.450000,-251.275000,-90.000000,bottom
"C2706","1uF","C_0603_1608Metric",338.450000,-251.275000,-90.000000,bottom
"C2707","1uF","C_0603_1608Metric",342.450000,-251.275000,-90.000000,bottom
"C2708","1uF","C_0603_1608Metric",346.450000,-251.275000,-90.000000,bottom
"C2709","1uF","C_0603_1608Metric",350.450000,-251.275000,-90.000000,bottom
"C2710","1uF","C_0603_1608Metric",354.450000,-251.275000,-90.000000,bottom
"C2711","1uF","C_0603_1608Metric",358.450000,-251.275000,-90.000000,bottom
"C2712","1uF","C_0603_1608Metric",362.450000,-251.275000,-90.000000,bottom
"C2713","1uF","C_0603_1608Metric",366.450000,-251.275000,-90.000000,bottom
"C2714","1uF","C_0603_1608Metric",370.450000,-251.275000,-90.000000,bottom
"C2715","1uF","C_0603_1608Metric",374.450000,-251.275000,-90.000000,bottom
"C2716","1uF","C_0603_1608Metric",378.450000,-251.275000,-90.000000,bottom
"C2717","1uF","C_0603_1608Metric",382.450000,-251.275000,-90.000000,bottom
"C2718","1uF","C_0603_1608Metric",386.450000,-251.275000,-90.000000,bottom
"C2719","1uF","C_0603_1608Metric",390.450000,-251.275000,-90.000000,bottom
"C2720","1uF","C_0603_1608Metric",394.450000,-251.275000,-90.000000,bottom
"C2721","1uF","C_0603_1608Metric",398.450000,-251.275000,-90.000000,bottom
"C2722","1uF","C_0603_1608Metric",402.450000,-251.275000,-90.000000,bottom
"C2723","1uF","C_0603_1608Metric",406.450000,-251.275000,-90.000000,bottom
"C2724","1uF","C_0603_1608Metric",410.450000,-251.275000,-90.000000,bottom
"C2725","1uF","C_0603_1608Metric",414.450000,-251.275000,-90.000000,bottom
"C2726","1uF","C_0603_1608Metric",418.450000,-251.275000,-90.000000,bottom
"C2727","1uF","C_0603_1608Metric",422.450000,-251.275000,-90.000000,bottom
"C2728","1uF","C_0603_1608Metric",426.450000,-251.275000,-90.000000,bottom
"C2729","1uF","C_0603_1608Metric",430.450000,-251.275000,-90.000000,bottom
"C2730","1uF","C_0603_1608Metric",434.450000,-251.275000,-90.000000,bottom
"C2731","1uF","C_0603_1608Metric",158.450000,-255.275000,-90.000000,bottom
"C2732","1uF","C_0603_1608Metric",162.450000,-255.275000,-90.000000,bottom
"C2733","1uF","C_0603_1608Metric",166.450000,-255.275000,-90.000000,bottom
"C2734","1uF","C_0603_1608Metric",170.450000,-255.275000,-90.000000,bottom
"C2735","1uF","C_0603_1608Metric",174.450000,-255.275000,-90.000000,bottom
"C2736","1uF","C_0603_1608Metric",178.450000,-255.275000,-90.000000,bottom
"C2737","1uF","C_0603_1608Metric",182.450000,-255.275000,-90.000000,bottom
"C2738","1uF","C_0603_1608Metric",186.450000,-255.275000,-90.000000,bottom
"C2739","1uF","C_0603_1608Metric",190.450000,-255.275000,-90.000000,bottom
"C2740","1uF","C_0603_1608Metric",194.450000,-255.275000,-90.000000,bottom
"C2741","1uF","C_0603_1608Metric",198.450000,-255.275000,-90.000000,bottom
"C2742","1uF","C_0603_1608Metric",202.450000,-255.275000,-90.000000,bottom
"C2743","1uF","C_0603_1608Metric",206.450000,-255.275000,-90.000000,bottom
"C2744","1uF","C_0603_1608Metric",210.450000,-255.275000,-90.000000,bottom
"C2745","1uF","C_0603_1608Metric",214.450000,-255.275000,-90.000000,bottom
"C2746","1uF","C_0603_1608Metric",218.450000,-255.275000,-90.000000,bottom
"C2747","1uF","C_0603_1608Metric",222.450000,-255.275000,-90.000000,bottom
"C2748","1uF","C_0603_1608Metric",226.450000,-255.275000,-90.000000,bottom
"C2749","1uF","C_0603_1608Metric",230.450000,-255.275000,-90.000000,bottom
"C2750","1uF","C_0603_1608Metric",234.450000,-255.275000,-90.000000,bottom
"C2751","1uF","C_0603_1608Metric",238.450000,-255.275000,-90.000000,bottom
"C2752","1uF","C_0603_1608Metric",242.450000,-255.275000,-90.000000,bottom
"C2753","1uF","C_0603_1608Metric",246.450000,-255.275000,-90.000000,bottom
"C2754","1uF","C_0603_1608Metric",250.450000,-255.275000,-90.000000,bottom
"C2755","1uF","C_0603_1608Metric",254.450000,-255.275000,-90.000000,bottom
"C2756","1uF","C_0603_1608Metric",258.450000,-255.275000,-90.000000,bottom
"C2757","1uF","C_0603_1608Metric",262.450000,-255.275000,-90.000000,bottom
"C2758","1uF","C_0603_1608Metric",266.450000,-255.275000,-90.000000,bottom
"C2759","1uF","C_0603_1608Metric",270.450000,-255.275000,-90.000000,bottom
"C2760","1uF","C_0603_1608Metric",274.450000,-255.275000,-90.000000,bottom
"C2761","1uF","C_0603_1608Metric",278.450000,-255.275000,-90.000000,bottom
"C2762","1uF","C_0603_1608Metric",282.450000,-255.275000,-90.000000,bottom
"C2763","1uF","C_0603_1608Metric",286.450000,-255.275000,-90.000000,bottom
"C2764","1uF","C_0603_1608Metric",290.450000,-255.275000,-90.000000,bottom
"C2765","1uF","C_0603_1608Metric",294.450000,-255.275000,-90.000000,bottom
"C2766","1uF","C_0603_1608Metric",298.450000,-255.275000,-90.000000,bottom
"C2767","1uF","C_0603_1608Metric",302.450000,-255.275000,-90.000000,bottom
"C2768","1uF","C_0603_1608Metric",306.450000,-255.275000,-90.000000,bottom
"C2769","1uF","C_0603_1608Metric",310.450000,-255.275000,-90.000000,bottom
"C2770","1uF","C_0603_1608Metric",314.450000,-255.275000,-90.000000,bottom
"C2771","1uF","C_0603_1608Metric",318.450000,-255.275000,-90.000000,bottom
"C2772","1uF","C_0603_1608Metric",322.450000,-255.275000,-90.000000,bottom
"C2773","1uF","C_0603_1608Metric",326.450000,-255.275000,-90.000000,bottom
"C2774","1uF","C_0603_1608Metric",330.450000,-255.275000,-90.000000,bottom
"C2775","1uF","C_0603_1608Metric",334.450000,-255.275000,-90.000000,bottom
"C2776","1uF","C_0603_1608Metric",338.450000,-255.275000,-90.000000,bottom
"C2777","1uF","C_0603_1608Metric",342.450000,-255.275000,-90.000000,bottom
"C2778","1uF","C_0603_1608Metric",346.450000,-255.275000,-90.000000,bottom
"C2779","1uF","C_0603_1608Metric",350.450000,-255.275000,-90.000000,bottom
"C2780","1uF","C_0603_1608Metric",354.450000,-255.275000,-90.000000,bottom
"C2781","1uF","C_0603_1608Metric",358.450000,-255.275000,-90.000000,bottom
"C2782","1uF","C_0603_1608Metric",362.450000,-255.275000,-90.000000,bottom
"C2783","1uF","C_0603_1608Metric",366.450000,-255.275000,-90.000000,bottom
"C2784","1uF","C_0603_1608Metric",370.450000,-255.275000,-90.000000,bottom
"C2785","1uF","C_0603_1608Metric",374.450000,-255.275000,-90.000000,bottom
"C2786","1uF","C_0603_1608Metric",378.450000,-255.275000,-90.000000,bottom
"C2787","1uF","C_0603_1608Metric",382.450000,-255.275000,-90.000000,bottom
"C2788","1uF","C_0603_1608Metric",386.450000,-255.275000,-90.000000,bottom
"C2789","1uF","C_0603_1608Metric",390.450000,-255.275000,-90.000000,bottom
"C2790","1uF","C_0603_1608Metric",394.450000,-255.275000,-90.000000,bottom
"C2791","1uF","C_0603_1608Metric",398.450000,-255.275000,-90.000000,bottom
"C2792","1uF","C_0603_1608Metric",402.450000,-255.275000,-90.000000,bottom
"C2793","1uF","C_0603_1608Metric",406.450000,-255.275000,-90.000000,bottom
"C2794","1uF","C_0603_1608Metric",410.450000,-255.275000,-90.000000,bottom
"C2795","1uF","C_0603_1608Metric",414.450000,-255.275000,-90.000000,bottom
"C2796","1uF","C_0603_1608Metric",418.450000,-255.275000,-90.000000,bottom
"C2797","1uF","C_0603_1608Metric",422.450000,-255.275000,-90.000000,bottom
"C2798","1uF","C_0603_1608Metric",426.450000,-255.275000,-90.000000,bottom
"C2799","1uF","C_0603_1608Metric",430.450000,-255.275000,-90.000000,bottom
"C2800","1uF","C_0603_1608Metric",434.450000,-255.275000,-90.000000,bottom
"C2801","1uF","C_0603_1608Metric",158.450000,-259.275000,-90.000000,bottom
"C2802","1uF","C_0603_1608Metric",162.450000,-259.275000,-90.000000,bottom
"C2803","1uF","C_0603_1608Metric",166.450000,-259.275000,-90.000000,bottom
"C2804","1uF","C_0603_1608Metric",170.450000,-259.275000,-90.000000,bottom
"C2805","1uF","C_0603_1608Metric",174.450000,-259.275000,-90.000000,bottom
"C2806","1uF","C_0603_1608Metric",178.450000,-259.275000,-90.000000,bottom
"C2807","1uF","C_0603_1608Metric",182.450000,-259.275000,-90.000000,bottom
"C2808","1uF","C_0603_1608Metric",186.450000,-259.275000,-90.000000,bottom
"C2809","1uF","C_0603_1608Metric",190.450000,-259.275000,-90.000000,bottom
"C2810","1uF","C_0603_1608Metric",194.450000,-259.275000,-90.000000,bottom
"C2811","1uF","C_0603_1608Metric",198.450000,-259.275000,-90.000000,bottom
"C2812","1uF","C_0603_1608Metric",202.450000,-259.275000,-90.000000,bottom
"C2813","1uF","C_0603_1608Metric",206.450000,-259.275000,-90.000000,bottom
"C2814","1uF","C_0603_1608Metric",210.450000,-259.275000,-90.000000,bottom
"C2815","1uF","C_0603_1608Metric",214.450000,-259.275000,-90.000000,bottom
"C2816","1uF","C_0603_1608Metric",218.450000,-259.275000,-90.000000,bottom
"C2817","1uF","C_0603_1608Metric",222.450000,-259.275000,-90.000000,bottom
"C2818","1uF","C_0603_1608Metric",226.450000,-259.275000,-90.000000,bottom
"C2819","1uF","C_0603_1608Metric",230.450000,-259.275000,-90.000000,bottom
"C2820","1uF","C_0603_1608Metric",234.450000,-259.275000,-90.000000,bottom
"C2821","1uF","C_0603_1608Metric",238.450000,-259.275000,-90.000000,bottom
"C2822","1uF","C_0603_1608Metric",242.450000,-259.275000,-90.000000,bottom
"C2823","1uF","C_0603_1608Metric",246.450000,-259.275000,-90.000000,bottom
"C2824","1uF","C_0603_1608Metric",250.450000,-259.275000,-90.000000,bottom
"C2825","1uF","C_0603_1608Metric",254.450000,-259.275000,-90.000000,bottom
"C2826","1uF","C_0603_1608Metric",258.450000,-259.275000,-90.000000,bottom
"C2827","1uF","C_0603_1608Metric",262.450000,-259.275000,-90.000000,bottom
"C2828","1uF","C_0603_1608Metric",266.450000,-259.275000,-90.000000,bottom
"C2829","1uF","C_0603_1608Metric",270.450000,-259.275000,-90.000000,bottom
"C2830","1uF","C_0603_1608Metric",274.450000,-259.275000,-90.000000,bottom
"C2831","1uF","C_0603_1608Metric",278.450000,-259.275000,-90.000000,bottom
"C2832","1uF","C_0603_1608Metric",282.450000,-259.275000,-90.000000,bottom
"C2833","1uF","C_0603_1608Metric",286.450000,-259.275000,-90.000000,bottom
"C2834","1uF","C_0603_1608Metric",290.450000,-259.275000,-90.000000,bottom
"C2835","1uF","C_0603_1608Metric",294.450000,-259.275000,-90.000000,bottom
"C2836","1uF","C_0603_1608Metric",298.450000,-259.275000,-90.000000,bottom
"C2837","1uF","C_0603_1608Metric",302.450000,-259.275000,-90.000000,bottom
"C2838","1uF","C_0603_1608Metric",306.450000,-259.275000,-90.000000,bottom
"C2839","1uF","C_0603_1608Metric",310.450000,-259.275000,-90.000000,bottom
"C2840","1uF","C_0603_1608Metric",314.450000,-259.275000,-90.000000,bottom
"C2841","1uF","C_0603_1608Metric",318.450000,-259.275000,-90.000000,bottom
"C2842","1uF","C_0603_1608Metric",322.450000,-259.275000,-90.000000,bottom
"C2843","1uF","C_0603_1608Metric",326.450000,-259.275000,-90.000000,bottom
"C2844","1uF","C_0603_1608Metric",330.450000,-259.275000,-90.000000,bottom
"C2845","1uF","C_0603_1608Metric",334.450000,-259.275000,-90.000000,bottom
"C2846","1uF","C_0603_1608Metric",338.450000,-259.275000,-90.000000,bottom
"C2847","1uF","C_0603_1608Metric",342.450000,-259.275000,-90.000000,bottom
"C2848","1uF","C_0603_1608Metric",346.450000,-259.275000,-90.000000,bottom
"C2849","1uF","C_0603_1608Metric",350.450000,-259.275000,-90.000000,bottom
"C2850","1uF","C_0603_1608Metric",354.450000,-259.275000,-90.000000,bottom
"C2851","1uF","C_0603_1608Metric",358.450000,-259.275000,-90.000000,bottom
"C2852","1uF","C_0603_1608Metric",362.450000,-259.275000,-90.000000,bottom
"C2853","1uF","C_0603_1608Metric",366.450000,-259.275000,-90.000000,bottom
"C2854","1uF","C_0603_1608Metric",370.450000,-259.275000,-90.000000,bottom
"C2855","1uF","C_0603_1608Metric",374.450000,-259.275000,-90.000000,bottom
"C2856","1uF","C_0603_1608Metric",378.450000,-259.275000,-90.000000,bottom
"C2857","1uF","C_0603_1608Metric",382.450000,-259.275000,-90.000000,bottom
"C2858","1uF","C_0603_1608Metric",386.450000,-259.275000,-90.000000,bottom
"C2859","1uF","C_0603_1608Metric",390.450000,-259.275000,-90.000000,bottom
"C2860","1uF","C_0603_1608Metric",394.450000,-259.275000,-90.000000,bottom
"C2861","1uF","C_0603_1608Metric",398.450000,-259.275000,-90.000000,bottom
"C2862","1uF","C_0603_1608Metric",402.450000,-259.275000,-90.000000,bottom
"C2863","1uF","C_0603_1608Metric",406.450000,-259.275000,-90.000000,bottom
"C2864","1uF","C_0603_1608Metric",410.450000,-259.275000,-90.000000,bottom
"C2865","1uF","C_0603_1608Metric",414.450000,-259.275000,-90.000000,bottom
"C2866","1uF","C_0603_1608Metric",418.450000,-259.275000,-90.000000,bottom
"C2867","1uF","C_0603_1608Metric",422.450000,-259.275000,-90.000000,bottom
"C2868","1uF","C_0603_1608Metric",426.450000,-259.275000,-90.000000,bottom
"C2869","1uF","C_0603_1608Metric",430.450000,-259.275000,-90.000000,bottom
"C2870","1uF","C_0603_1608Metric",434.450000,-259.275000,-90.000000,bottom
"C2871","1uF","C_0603_1608Metric",158.450000,-263.275000,-90.000000,bottom
"C2872","1uF","C_0603_1608Metric",162.450000,-263.275000,-90.000000,bottom
"C2873","1uF","C_0603_1608Metric",166.450000,-263.275000,-90.000000,bottom
"C2874","1uF","C_0603_1608Metric",170.450000,-263.275000,-90.000000,bottom
"C2875","1uF","C_0603_1608Metric",174.450000,-263.275000,-90.000000,bottom
"C2876","1uF","C_0603_1608Metric",178.450000,-263.275000,-90.000000,bottom
"C2877","1uF","C_0603_1608Metric",182.450000,-263.275000,-90.000000,bottom
"C2878","1uF","C_0603_1608Metric",186.450000,-263.275000,-90.000000,bottom
"C2879","1uF","C_0603_1608Metric",190.450000,-263.275000,-90.000000,bottom
"C2880","1uF","C_0603_1608Metric",194.450000,-263.275000,-90.000000,bottom
"C2881","1uF","C_0603_1608Metric",198.450000,-263.275000,-90.000000,bottom
"C2882","1uF","C_0603_1608Metric",202.450000,-263.275000,-90.000000,bottom
"C2883","1uF","C_0603_1608Metric",206.450000,-263.275000,-90.000000,bottom
"C2884","1uF","C_0603_1608Metric",210.450000,-263.275000,-90.000000,bottom
"C2885","1uF","C_0603_1608Metric",214.450000,-263.275000,-90.000000,bottom
"C2886","1uF","C_0603_1608Metric",218.450000,-263.275000,-90.000000,bottom
"C2887","1uF","C_0603_1608Metric",222.450000,-263.275000,-90.000000,bottom
"C2888","1uF","C_0603_1608Metric",226.450000,-263.275000,-90.000000,bottom
"C2889","1uF","C_0603_1608Metric",230.450000,-263.275000,-90.000000,bottom
"C2890","1uF","C_0603_1608Metric",234.450000,-263.275000,-90.000000,bottom
"C2891","1uF","C_0603_1608Metric",238.450000,-263.275000,-90.000000,bottom
"C2892","1uF","C_0603_1608Metric",242.450000,-263.275000,-90.000000,bottom
"C2893","1uF","C_0603_1608Metric",246.450000,-263.275000,-90.000000,bottom
"C2894","1uF","C_0603_1608Metric",250.450000,-263.275000,-90.000000,bottom
"C2895","1uF","C_0603_1608Metric",254.450000,-263.275000,-90.000000,bottom
"C2896","1uF","C_0603_1608Metric",258.450000,-263.275000,-90.000000,bottom
"C2897","1uF","C_0603_1608Metric",262.450000,-263.275000,-90.000000,bottom
"C2898","1uF","C_0603_1608Metric",266.450000,-263.275000,-90.000000,bottom
"C2899","1uF","C_0603_1608Metric",270.450000,-263.275000,-90.000000,bottom
"C2900","1uF","C_0603_1608Metric",274.450000,-263.275000,-90.000000,bottom
"C2901","1uF","C_0603_1608Metric",278.450000,-263.275000,-90.000000,bottom
"C2902","1uF","C_0603_1608Metric",282.450000,-263.275000,-90.000000,bottom
"C2903","1uF","C_0603_1608Metric",286.450000,-263.275000,-90.000000,bottom
"C2904","1uF","C_0603_1608Metric",290.450000,-263.275000,-90.000000,bottom
"C2905","1uF","C_0603_1608Metric",294.450000,-263.275000,-90.000000,bottom
"C2906","1uF","C_0603_1608Metric",298.450000,-263.275000,-90.000000,bottom
"C2907","1uF","C_0603_1608Metric",302.450000,-263.275000,-90.000000,bottom
"C2908","1uF","C_0603_1608Metric",306.450000,-263.275000,-90.000000,bottom
"C2909","1uF","C_0603_1608Metric",310.450000,-263.275000,-90.000000,bottom
"C2910","1uF","C_0603_1608Metric",314.450000,-263.275000,-90.000000,bottom
"C2911","1uF","C_0603_1608Metric",318.450000,-263.275000,-90.000000,bottom
"C2912","1uF","C_0603_1608Metric",322.450000,-263.275000,-90.000000,bottom
"C2913","1uF","C_0603_1608Metric",326.450000,-263.275000,-90.000000,bottom
"C2914","1uF","C_0603_1608Metric",330.450000,-263.275000,-90.000000,bottom
"C2915","1uF","C_0603_1608Metric",334.450000,-263.275000,-90.000000,bottom
"C2916","1uF","C_0603_1608Metric",338.450000,-263.275000,-90.000000,bottom
"C2917","1uF","C_0603_1608Metric",342.450000,-263.275000,-90.000000,bottom
"C2918","1uF","C_0603_1608Metric",346.450000,-263.275000,-90.000000,bottom
"C2919","1uF","C_0603_1608Metric",350.450000,-263.275000,-90.000000,bottom
"C2920","1uF","C_0603_1608Metric",354.450000,-263.275000,-90.000000,bottom
"C2921","1uF","C_0603_1608Metric",358.450000,-263.275000,-90.000000,bottom
"C2922","1uF","C_0603_1608Metric",362.450000,-263.275000,-90.000000,bottom
"C2923","1uF","C_0603_1608Metric",366.450000,-263.275000,-90.000000,bottom
"C2924","1uF","C_0603_1608Metric",370.450000,-263.275000,-90.000000,bottom
"C2925","1uF","C_0603_1608Metric",374.450000,-263.275000,-90.000000,bottom
"C2926","1uF","C_0603_1608Metric",378.450000,-263.275000,-90.000000,bottom
"C2927","1uF","C_0603_1608Metric",382.450000,-263.275000,-90.000000,bottom
"C2928","1uF","C_0603_1608Metric",386.450000,-263.275000,-90.000000,bottom
"C2929","1uF","C_0603_1608Metric",390.450000,-263.275000,-90.000000,bottom
"C2930","1uF","C_0603_1608Metric",394.450000,-263.275000,-90.000000,bottom
"C2931","1uF","C_0603_1608Metric",398.450000,-263.275000,-90.000000,bottom
"C2932","1uF","C_0603_1608Metric",402.450000,-263.275000,-90.000000,bottom
"C2933","1uF","C_0603_1608Metric",406.450000,-263.275000,-90.000000,bottom
"C2934","1uF","C_0603_1608Metric",410.450000,-263.275000,-90.000000,bottom
"C2935","1uF","C_0603_1608Metric",414.450000,-263.275000,-90.000000,bottom
"C2936","1uF","C_0603_1608Metric",418.450000,-263.275000,-90.000000,bottom
"C2937","1uF","C_0603_1608Metric",422.450000,-263.275000,-90.000000,bottom
"C2938","1uF","C_0603_1608Metric",426.450000,-263.275000,-90.000000,bottom
"C2939","1uF","C_0603_1608Metric",430.450000,-263.275000,-90.000000,bottom
"C2940","1uF","C_0603_1608Metric",434.450000,-263.275000,-90.000000,bottom
"C2941","1uF","C_0603_1608Metric",158.450000,-267.275000,-90.000000,bottom
"C2942","1uF","C_0603_1608Metric",162.450000,-267.275000,-90.000000,bottom
"C2943","1uF","C_0603_1608Metric",166.450000,-267.275000,-90.000000,bottom
"C2944","1uF","C_0603_1608Metric",170.450000,-267.275000,-90.000000,bottom
"C2945","1uF","C_0603_1608Metric",174.450000,-267.275000,-90.000000,bottom
"C2946","1uF","C_0603_1608Metric",178.450000,-267.275000,-90.000000,bottom
"C2947","1uF","C_0603_1608Metric",182.450000,-267.275000,-90.000000,bottom
"C2948","1uF","C_0603_1608Metric",186.450000,-267.275000,-90.000000,bottom
"C2949","1uF","C_0603_1608Metric",190.450000,-267.275000,-90.000000,bottom
"C2950","1uF","C_0603_1608Metric",194.450000,-267.275000,-90.000000,bottom
"C2951","1uF","C_0603_1608Metric",198.450000,-267.275000,-90.000000,bottom
"C2952","1uF","C_0603_1608Metric",202.450000,-267.275000,-90.000000,bottom
"C2953","1uF","C_0603_1608Metric",206.450000,-267.275000,-90.000000,bottom
"C2954","1uF","C_0603_1608Metric",210.450000,-267.275000,-90.000000,bottom
"C2955","1uF","C_0603_1608Metric",214.450000,-267.275000,-90.000000,bottom
"C2956","1uF","C_0603_1608Metric",218.450000,-267.275000,-90.000000,bottom
"C2957","1uF","C_0603_1608Metric",222.450000,-267.275000,-90.000000,bottom
"C2958","1uF","C_0603_1608Metric",226.450000,-267.275000,-90.000000,bottom
"C2959","1uF","C_0603_1608Metric",230.450000,-267.275000,-90.000000,bottom
"C2960","1uF","C_0603_1608Metric",234.450000,-267.275000,-90.000000,bottom
"C2961","1uF","C_0603_1608Metric",238.450000,-267.275000,-90.000000,bottom
"C2962","1uF","C_0603_1608Metric",242.450000,-267.275000,-90.000000,bottom
"C2963","1uF","C_0603_1608Metric",246.450000,-267.275000,-90.000000,bottom
"C2964","1uF","C_0603_1608Metric",250.450000,-267.275000,-90.000000,bottom
"C2965","1uF","C_0603_1608Metric",254.450000,-267.275000,-90.000000,bottom
"C2966","1uF","C_0603_1608Metric",258.450000,-267.275000,-90.000000,bottom
"C2967","1uF","C_0603_1608Metric",262.450000,-267.275000,-90.000000,bottom
"C2968","1uF","C_0603_1608Metric",266.450000,-267.275000,-90.000000,bottom
"C2969","1uF","C_0603_1608Metric",270.450000,-267.275000,-90.000000,bottom
"C2970","1uF","C_0603_1608Metric",274.450000,-267.275000,-90.000000,bottom
"C2971","1uF","C_0603_1608Metric",278.450000,-267.275000,-90.000000,bottom
"C2972","1uF","C_0603_1608Metric",282.450000,-267.275000,-90.000000,bottom
"C2973","1uF","C_0603_1608Metric",286.450000,-267.275000,-90.000000,bottom
"C2974","1uF","C_0603_1608Metric",290.450000,-267.275000,-90.000000,bottom
"C2975","1uF","C_0603_1608Metric",294.450000,-267.275000,-90.000000,bottom
"C2976","1uF","C_0603_1608Metric",298.450000,-267.275000,-90.000000,bottom
"C2977","1uF","C_0603_1608Metric",302.450000,-267.275000,-90.000000,bottom
"C2978","1uF","C_0603_1608Metric",306.450000,-267.275000,-90.000000,bottom
"C2979","1uF","C_0603_1608Metric",310.450000,-267.275000,-90.000000,bottom
"C2980","1uF","C_0603_1608Metric",314.450000,-267.275000,-90.000000,bottom
"C2981","1uF","C_0603_1608Metric",318.450000,-267.275000,-90.000000,bottom
"C2982","1uF","C_0603_1608Metric",322.450000,-267.275000,-90.000000,bottom
"C2983","1uF","C_0603_1608Metric",326.450000,-267.275000,-90.000000,bottom
"C2984","1uF","C_0603_1608Metric",330.450000,-267.275000,-90.000000,bottom
"C2985","1uF","C_0603_1608Metric",334.450000,-267.275000,-90.000000,bottom
"C2986","1uF","C_0603_1608Metric",338.450000,-267.275000,-90.000000,bottom
"C2987","1uF","C_0603_1608Metric",342.450000,-267.275000,-90.000000,bottom
"C2988","1uF","C_0603_1608Metric",346.450000,-267.275000,-90.000000,bottom
"C2989","1uF","C_0603_1608Metric",350.450000,-267.275000,-90.000000,bottom
"C2990","1uF","C_0603_1608Metric",354.450000,-267.275000,-90.000000,bottom
"C2991","1uF","C_0603_1608Metric",358.450000,-267.275000,-90.000000,bottom
"C2992","1uF","C_0603_1608Metric",362.450000,-267.275000,-90.000000,bottom
"C2993","1uF","C_0603_1608Metric",366.450000,-267.275000,-90.000000,bottom
"C2994","1uF","C_0603_1608Metric",370.450000,-267.275000,-90.000000,bottom
"C2995","1uF","C_0603_1608Metric",374.450000,-267.275000,-90.000000,bottom
"C2996","1uF","C_0603_1608Metric",378.450000,-267.275000,-90.000000,bottom
"C2997","1uF","C_0603_1608Metric",382.450000,-267.275000,-90.000000,bottom
"C2998","1uF","C_0603_1608Metric",386.450000,-267.275000,-90.000000,bottom
"C2999","1uF","C_0603_1608Metric",390.450000,-267.275000,-90.000000,bottom
"C3000","1uF","C_0603_1608Metric",394.450000,-267.275000,-90.000000,bottom
"C3001","1uF","C_0603_1608Metric",398.450000,-267.275000,-90.000000,bottom
"C3002","1uF","C_0603_1608Metric",402.450000,-267.275000,-90.000000,bottom
"C3003","1uF","C_0603_1608Metric",406.450000,-267.275000,-90.000000,bottom
"C3004","1uF","C_0603_1608Metric",410.450000,-267.275000,-90.000000,bottom
"C3005","1uF","C_0603_1608Metric",414.450000,-267.275000,-90.000000,bottom
"C3006","1uF","C_0603_1608Metric",418.450000,-267.275000,-90.000000,bottom
"C3007","1uF","C_0603_1608Metric",422.450000,-267.275000,-90.000000,bottom
"C3008","1uF","C_0603_1608Metric",426.450000,-267.275000,-90.000000,bottom
"C3009","1uF","C_0603_1608Metric",430.450000,-267.275000,-90.000000,bottom
"C3010","1uF","C_0603_1608Metric",434.450000,-267.275000,-90.000000,bottom
"C3011","1uF","C_0603_1608Metric",158.450000,-271.275000,-90.000000,bottom
"C3012","1uF","C_0603_1608Metric",162.450000,-271.275000,-90.000000,bottom
"C3013","1uF","C_0603_1608Metric",166.450000,-271.275000,-90.000000,bottom
"C3014","1uF","C_0603_1608Metric",170.450000,-271.275000,-90.000000,bottom
"C3015","1uF","C_0603_1608Metric",174.450000,-271.275000,-90.000000,bottom
"C3016","1uF","C_0603_1608Metric",178.450000,-271.275000,-90.000000,bottom
"C3017","1uF","C_0603_1608Metric",182.450000,-271.275000,-90.000000,bottom
"C3018","1uF","C_0603_1608Metric",186.450000,-271.275000,-90.000000,bottom
"C3019","1uF","C_0603_1608Metric",190.450000,-271.275000,-90.000000,bottom
"C3020","1uF","C_0603_1608Metric",194.450000,-271.275000,-90.000000,bottom
"C3021","1uF","C_0603_1608Metric",198.450000,-271.275000,-90.000000,bottom
"C3022","1uF","C_0603_1608Metric",202.450000,-271.275000,-90.000000,bottom
"C3023","1uF","C_0603_1608Metric",206.450000,-271.275000,-90.000000,bottom
"C3024","1uF","C_0603_1608Metric",210.450000,-271.275000,-90.000000,bottom
"C3025","1uF","C_0603_1608Metric",214.450000,-271.275000,-90.000000,bottom
"C3026","1uF","C_0603_1608Metric",218.450000,-271.275000,-90.000000,bottom
"C3027","1uF","C_0603_1608Metric",222.450000,-271.275000,-90.000000,bottom
"C3028","1uF","C_0603_1608Metric",226.450000,-271.275000,-90.000000,bottom
"C3029","1uF","C_0603_1608Metric",230.450000,-271.275000,-90.000000,bottom
"C3030","1uF","C_0603_1608Metric",234.450000,-271.275000,-90.000000,bottom
"C3031","1uF","C_0603_1608Metric",238.450000,-271.275000,-90.000000,bottom
"C3032","1uF","C_0603_1608Metric",242.450000,-271.275000,-90.000000,bottom
"C3033","1uF","C_0603_1608Metric",246.450000,-271.275000,-90.000000,bottom
"C3034","1uF","C_0603_1608Metric",250.450000,-271.275000,-90.000000,bottom
"C3035","1uF","C_0603_1608Metric",254.450000,-271.275000,-90.000000,bottom
"C3036","1uF","C_0603_1608Metric",258.450000,-271.275000,-90.000000,bottom
"C3037","1uF","C_0603_1608Metric",262.450000,-271.275000,-90.000000,bottom
"C3038","1uF","C_0603_1608Metric",266.450000,-271.275000,-90.000000,bottom
"C3039","1uF","C_0603_1608Metric",270.450000,-271.275000,-90.000000,bottom
"C3040","1uF","C_0603_1608Metric",274.450000,-271.275000,-90.000000,bottom
"C3041","1uF","C_0603_1608Metric",278.450000,-271.275000,-90.000000,bottom
"C3042","1uF","C_0603_1608Metric",282.450000,-271.275000,-90.000000,bottom
"C3043","1uF","C_0603_1608Metric",286.450000,-271.275000,-90.000000,bottom
"C3044","1uF","C_0603_1608Metric",290.450000,-271.275000,-90.000000,bottom
"C3045","1uF","C_0603_1608Metric",294.450000,-271.275000,-90.000000,bottom
"C3046","1uF","C_0603_1608Metric",298.450000,-271.275000,-90.000000,bottom
"C3047","1uF","C_0603_1608Metric",302.450000,-271.275000,-90.000000,bottom
"C3048","1uF","C_0603_1608Metric",306.450000,-271.275000,-90.000000,bottom
"C3049","1uF","C_0603_1608Metric",310.450000,-271.275000,-90.000000,bottom
"C3050","1uF","C_0603_1608Metric",314.450000,-271.275000,-90.000000,bottom
"C3051","1uF","C_0603_1608Metric",318.450000,-271.275000,-90.000000,bottom
"C3052","1uF","C_0603_1608Metric",322.450000,-271.275000,-90.000000,bottom
"C3053","1uF","C_0603_1608Metric",326.450000,-271.275000,-90.000000,bottom
"C3054","1uF","C_0603_1608Metric",330.450000,-271.275000,-90.000000,bottom
"C3055","1uF","C_0603_1608Metric",334.450000,-271.275000,-90.000000,bottom
"C3056","1uF","C_0603_1608Metric",338.450000,-271.275000,-90.000000,bottom
"C3057","1uF","C_0603_1608Metric",342.450000,-271.275000,-90.000000,bottom
"C3058","1uF","C_0603_1608Metric",346.450000,-271.275000,-90.000000,bottom
"C3059","1uF","C_0603_1608Metric",350.450000,-271.275000,-90.000000,bottom
"C3060","1uF","C_0603_1608Metric",354.450000,-271.275000,-90.000000,bottom
"C3061","1uF","C_0603_1608Metric",358.450000,-271.275000,-90.000000,bottom
"C3062","1uF","C_0603_1608Metric",362.450000,-271.275000,-90.000000,bottom
"C3063","1uF","C_0603_1608Metric",366.450000,-271.275000,-90.000000,bottom
"C3064","1uF","C_0603_1608Metric",370.450000,-271.275000,-90.000000,bottom
"C3065","1uF","C_0603_1608Metric",374.450000,-271.275000,-90.000000,bottom
"C3066","1uF","C_0603_1608Metric",378.450000,-271.275000,-90.000000,bottom
"C3067","1uF","C_0603_1608Metric",382.450000,-271.275000,-90.000000,bottom
"C3068","1uF","C_0603_1608Metric",386.450000,-271.275000,-90.000000,bottom
"C3069","1uF","C_0603_1608Metric",390.450000,-271.275000,-90.000000,bottom
"C3070","1uF","C_0603_1608Metric",394.450000,-271.275000,-90.000000,bottom
"C3071","1uF","C_0603_1608Metric",398.450000,-271.275000,-90.000000,bottom
"C3072","1uF","C_0603_1608Metric",402.450000,-271.275000,-90.000000,bottom
"C3073","1uF","C_0603_1608Metric",406.450000,-271.275000,-90.000000,bottom
"C3074","1uF","C_0603_1608Metric",410.450000,-271.275000,-90.000000,bottom
"C3075","1uF","C_0603_1608Metric",414.450000,-271.275000,-90.000000,bottom
"C3076","1uF","C_0603_1608Metric",418.450000,-271.275000,-90.000000,bottom
"C3077","1uF","C_0603_1608Metric",422.450000,-271.275000,-90.000000,bottom
"C3078","1uF","C_0603_1608Metric",426.450000,-271.275000,-90.000000,bottom
"C3079","1uF","C_0603_1608Metric",430.450000,-271.275000,-90.000000,bottom
"C3080","1uF","C_0603_1608Metric",434.450000,-271.275000,-90.000000,bottom
"C3081","1uF","C_0603_1608Metric",158.450000,-275.275000,-90.000000,bottom
"C3082","1uF","C_0603_1608Metric",162.450000,-275.275000,-90.000000,bottom
"C3083","1uF","C_0603_1608Metric",166.450000,-275.275000,-90.000000,bottom
"C3084","1uF","C_0603_1608Metric",170.450000,-275.275000,-90.000000,bottom
"C3085","1uF","C_0603_1608Metric",174.450000,-275.275000,-90.000000,bottom
"C3086","1uF","C_0603_1608Metric",178.450000,-275.275000,-90.000000,bottom
"C3087","1uF","C_0603_1608Metric",182.450000,-275.275000,-90.000000,bottom
"C3088","1uF","C_0603_1608Metric",186.450000,-275.275000,-90.000000,bottom
"C3089","1uF","C_0603_1608Metric",190.450000,-275.275000,-90.000000,bottom
"C3090","1uF","C_0603_1608Metric",194.450000,-275.275000,-90.000000,bottom
"C3091","1uF","C_0603_1608Metric",198.450000,-275.275000,-90.000000,bottom
"C3092","1uF","C_0603_1608Metric",202.450000,-275.275000,-90.000000,bottom
"C3093","1uF","C_0603_1608Metric",206.450000,-275.275000,-90.000000,bottom
"C3094","1uF","C_0603_1608Metric",210.450000,-275.275000,-90.000000,bottom
"C3095","1uF","C_0603_1608Metric",214.450000,-275.275000,-90.000000,bottom
"C3096","1uF","C_0603_1608Metric",218.450000,-275.275000,-90.000000,bottom
"C3097","1uF","C_0603_1608Metric",222.450000,-275.275000,-90.000000,bottom
"C3098","1uF","C_0603_1608Metric",226.450000,-275.275000,-90.000000,bottom
"C3099","1uF","C_0603_1608Metric",230.450000,-275.275000,-90.000000,bottom
"C3100","1uF","C_0603_1608Metric",234.450000,-275.275000,-90.000000,bottom
"C3101","1uF","C_0603_1608Metric",238.450000,-275.275000,-90.000000,bottom
"C3102","1uF","C_0603_1608Metric",242.450000,-275.275000,-90.000000,bottom
"C3103","1uF","C_0603_1608Metric",246.450000,-275.275000,-90.000000,bottom
"C3104","1uF","C_0603_1608Metric",250.450000,-275.275000,-90.000000,bottom
"C3105","1uF","C_0603_1608Metric",254.450000,-275.275000,-90.000000,bottom
"C3106","1uF","C_0603_1608Metric",258.450000,-275.275000,-90.000000,bottom
"C3107","1uF","C_0603_1608Metric",262.450000,-275.275000,-90.000000,bottom
"C3108","1uF","C_0603_1608Metric",266.450000,-275.275000,-90.000000,bottom
"C3109","1uF","C_0603_1608Metric",270.450000,-275.275000,-90.000000,bottom
"C3110","1uF","C_0603_1608Metric",274.450000,-275.275000,-90.000000,bottom
"C3111","1uF","C_0603_1608Metric",278.450000,-275.275000,-90.000000,bottom
"C3112","1uF","C_0603_1608Metric",282.450000,-275.275000,-90.000000,bottom
"C3113","1uF","C_0603_1608Metric",286.450000,-275.275000,-90.000000,bottom
"C3114","1uF","C_0603_1608Metric",290.450000,-275.275000,-90.000000,bottom
"C3115","1uF","C_0603_1608Metric",294.450000,-275.275000,-90.000000,bottom
"C3116","1uF","C_0603_1608Metric",298.450000,-275.275000,-90.000000,bottom
"C3117","1uF","C_0603_1608Metric",302.450000,-275.275000,-90.000000,bottom
"C3118","1uF","C_0603_1608Metric",306.450000,-275.275000,-90.000000,bottom
"C3119","1uF","C_0603_1608Metric",310.450000,-275.275000,-90.000000,bottom
"C3120","1uF","C_0603_1608Metric",314.450000,-275.275000,-90.000000,bottom
"C3121","1uF","C_0603_1608Metric",318.450000,-275.275000,-90.000000,bottom
"C3122","1uF","C_0603_1608Metric",322.450000,-275.275000,-90.000000,bottom
"C3123","1uF","C_0603_1608Metric",326.450000,-275.275000,-90.000000,bottom
"C3124","1uF","C_0603_1608Metric",330.450000,-275.275000,-90.000000,bottom
"C3125","1uF","C_0603_1608Metric",334.450000,-275.275000,-90.000000,bottom
"C3126","1uF","C_0603_1608Metric",338.450000,-275.275000,-90.000000,bottom
"C3127","1uF","C_0603_1608Metric",342.450000,-275.275000,-90.000000,bottom
"C3128","1uF","C_0603_1608Metric",346.450000,-275.275000,-90.000000,bottom
"C3129","1uF","C_0603_1608Metric",350.450000,-275.275000,-90.000000,bottom
"C3130","1uF","C_0603_1608Metric",354.450000,-275.275000,-90.000000,bottom
"C3131","1uF","C_0603_1608Metric",358.450000,-275.275000,-90.000000,bottom
"C3132","1uF","C_0603_1608Metric",362.450000,-275.275000,-90.000000,bottom
"C3133","1uF","C_0603_1608Metric",366.450000,-275.275000,-90.000000,bottom
"C3134","1uF","C_0603_1608Metric",370.450000,-275.275000,-90.000000,bottom
"C3135","1uF","C_0603_1608Metric",374.450000,-275.275000,-90.000000,bottom
"C3136","1uF","C_0603_1608Metric",378.450000,-275.275000,-90.000000,bottom
"C3137","1uF","C_0603_1608Metric",382.450000,-275.275000,-90.000000,bottom
"C3138","1uF","C_0603_1608Metric",386.450000,-275.275000,-90.000000,bottom
"C3139","1uF","C_0603_1608Metric",390.450000,-275.275000,-90.000000,bottom
"C3140","1uF","C_0603_1608Metric",394.450000,-275.275000,-90.000000,bottom
"C3141","1uF","C_0603_1608Metric",398.450000,-275.275000,-90.000000,bottom
"C3142","1uF","C_0603_1608Metric",402.450000,-275.275000,-90.000000,bottom
"C3143","1uF","C_0603_1608Metric",406.450000,-275.275000,-90.000000,bottom
"C3144","1uF","C_0603_1608Metric",410.450000,-275.275000,-90.000000,bottom
"C3145","1uF","C_0603_1608Metric",414.450000,-275.275000,-90.000000,bottom
"C3146","1uF","C_0603_1608Metric",418.450000,-275.275000,-90.000000,bottom
"C3147","1uF","C_0603_1608Metric",422.450000,-275.275000,-90.000000,bottom
"C3148","1uF","C_0603_1608Metric",426.450000,-275.275000,-90.000000,bottom
"C3149","1uF","C_0603_1608Metric",430.450000,-275.275000,-90.000000,bottom
"C3150","1uF","C_0603_1608Metric",434.450000,-275.275000,-90.000000,bottom
"C3151","1uF","C_0603_1608Metric",158.450000,-279.275000,-90.000000,bottom
"C3152","1uF","C_0603_1608Metric",162.450000,-279.275000,-90.000000,bottom
"C3153","1uF","C_0603_1608Metric",166.450000,-279.275000,-90.000000,bottom
"C3154","1uF","C_0603_1608Metric",170.450000,-279.275000,-90.000000,bottom
"C3155","1uF","C_0603_1608Metric",174.450000,-279.275000,-90.000000,bottom
"C3156","1uF","C_0603_1608Metric",178.450000,-279.275000,-90.000000,bottom
"C3157","1uF","C_0603_1608Metric",182.450000,-279.275000,-90.000000,bottom
"C3158","1uF","C_0603_1608Metric",186.450000,-279.275000,-90.000000,bottom
"C3159","1uF","C_0603_1608Metric",190.450000,-279.275000,-90.000000,bottom
"C3160","1uF","C_0603_1608Metric",194.450000,-279.275000,-90.000000,bottom
"C3161","1uF","C_0603_1608Metric",198.450000,-279.275000,-90.000000,bottom
"C3162","1uF","C_0603_1608Metric",202.450000,-279.275000,-90.000000,bottom
"C3163","1uF","C_0603_1608Metric",206.450000,-279.275000,-90.000000,bottom
"C3164","1uF","C_0603_1608Metric",210.450000,-279.275000,-90.000000,bottom
"C3165","1uF","C_0603_1608Metric",214.450000,-279.275000,-90.000000,bottom
"C3166","1uF","C_0603_1608Metric",218.450000,-279.275000,-90.000000,bottom
"C3167","1uF","C_0603_1608Metric",222.450000,-279.275000,-90.000000,bottom
"C3168","1uF","C_0603_1608Metric",226.450000,-279.275000,-90.000000,bottom
"C3169","1uF","C_0603_1608Metric",230.450000,-279.275000,-90.000000,bottom
"C3170","1uF","C_0603_1608Metric",234.450000,-279.275000,-90.000000,bottom
"C3171","1uF","C_0603_1608Metric",238.450000,-279.275000,-90.000000,bottom
"C3172","1uF","C_0603_1608Metric",242.450000,-279.275000,-90.000000,bottom
"C3173","1uF","C_0603_1608Metric",246.450000,-279.275000,-90.000000,bottom
"C3174","1uF","C_0603_1608Metric",250.450000,-279.275000,-90.000000,bottom
"C3175","1uF","C_0603_1608Metric",254.450000,-279.275000,-90.000000,bottom
"C3176","1uF","C_0603_1608Metric",258.450000,-279.275000,-90.000000,bottom
"C3177","1uF","C_0603_1608Metric",262.450000,-279.275000,-90.000000,bottom
"C3178","1uF","C_0603_1608Metric",266.450000,-279.275000,-90.000000,bottom
"C3179","1uF","C_0603_1608Metric",270.450000,-279.275000,-90.000000,bottom
"C3180","1uF","C_0603_1608Metric",274.450000,-279.275000,-90.000000,bottom
"C3181","1uF","C_0603_1608Metric",278.450000,-279.275000,-90.000000,bottom
"C3182","1uF","C_0603_1608Metric",282.450000,-279.275000,-90.000000,bottom
"C3183","1uF","C_0603_1608Metric",286.450000,-279.275000,-90.000000,bottom
"C3184","1uF","C_0603_1608Metric",290.450000,-279.275000,-90.000000,bottom
"C3185","1uF","C_0603_1608Metric",294.450000,-279.275000,-90.000000,bottom
"C3186","1uF","C_0603_1608Metric",298.450000,-279.275000,-90.000000,bottom
"C3187","1uF","C_0603_1608Metric",302.450000,-279.275000,-90.000000,bottom
"C3188","1uF","C_0603_1608Metric",306.450000,-279.275000,-90.000000,bottom
"C3189","1uF","C_0603_1608Metric",310.450000,-279.275000,-90.000000,bottom
"C3190","1uF","C_0603_1608Metric",314.450000,-279.275000,-90.000000,bottom
"C3191","1uF","C_0603_1608Metric",318.450000,-279.275000,-90.000000,bottom
"C3192","1uF","C_0603_1608Metric",322.450000,-279.275000,-90.000000,bottom
"C3193","1uF","C_0603_1608Metric",326.450000,-279.275000,-90.000000,bottom
"C3194","1uF","C_0603_1608Metric",330.450000,-279.275000,-90.000000,bottom
"C3195","1uF","C_0603_1608Metric",334.450000,-279.275000,-90.000000,bottom
"C3196","1uF","C_0603_1608Metric",338.450000,-279.275000,-90.000000,bottom
"C3197","1uF","C_0603_1608Metric",342.450000,-279.275000,-90.000000,bottom
"C3198","1uF","C_0603_1608Metric",346.450000,-279.275000,-90.000000,bottom
"C3199","1uF","C_0603_1608Metric",350.450000,-279.275000,-90.000000,bottom
"C3200","1uF","C_0603_1608Metric",354.450000,-279.275000,-90.000000,bottom
"C3201","1uF","C_0603_1608Metric",358.450000,-279.275000,-90.000000,bottom
"C3202","1uF","C_0603_1608Metric",362.450000,-279.275000,-90.000000,bottom
"C3203","1uF","C_0603_1608Metric",366.450000,-279.275000,-90.000000,bottom
"C3204","1uF","C_0603_1608Metric",370.450000,-279.275000,-90.000000,bottom
"C3205","1uF","C_0603_1608Metric",374.450000,-279.275000,-90.000000,bottom
"C3206","1uF","C_0603_1608Metric",378.450000,-279.275000,-90.000000,bottom
"C3207","1uF","C_0603_1608Metric",382.450000,-279.275000,-90.000000,bottom
"C3208","1uF","C_0603_1608Metric",386.450000,-279.275000,-90.000000,bottom
"C3209","1uF","C_0603_1608Metric",390.450000,-279.275000,-90.000000,bottom
"C3210","1uF","C_0603_1608Metric",394.450000,-279.275000,-90.000000,bottom
"C3211","1uF","C_0603_1608Metric",398.450000,-279.275000,-90.000000,bottom
"C3212","1uF","C_0603_1608Metric",402.450000,-279.275000,-90.000000,bottom
"C3213","1uF","C_0603_1608Metric",406.450000,-279.275000,-90.000000,bottom
"C3214","1uF","C_0603_1608Metric",410.450000,-279.275000,-90.000000,bottom
"C3215","1uF","C_0603_1608Metric",414.450000,-279.275000,-90.000000,bottom
"C3216","1uF","C_0603_1608Metric",418.450000,-279.275000,-90.000000,bottom
"C3217","1uF","C_0603_1608Metric",422.450000,-279.275000,-90.000000,bottom
"C3218","1uF","C_0603_1608Metric",426.450000,-279.275000,-90.000000,bottom
"C3219","1uF","C_0603_1608Metric",430.450000,-279.275000,-90.000000,bottom
"C3220","1uF","C_0603_1608Metric",434.450000,-279.275000,-90.000000,bottom
"C3221","1uF","C_0603_1608Metric",158.450000,-283.275000,-90.000000,bottom
"C3222","1uF","C_0603_1608Metric",162.450000,-283.275000,-90.000000,bottom
"C3223","1uF","C_0603_1608Metric",166.450000,-283.275000,-90.000000,bottom
"C3224","1uF","C_0603_1608Metric",170.450000,-283.275000,-90.000000,bottom
"C3225","1uF","C_0603_1608Metric",174.450000,-283.275000,-90.000000,bottom
"C3226","1uF","C_0603_1608Metric",178.450000,-283.275000,-90.000000,bottom
"C3227","1uF","C_0603_1608Metric",182.450000,-283.275000,-90.000000,bottom
"C3228","1uF","C_0603_1608Metric",186.450000,-283.275000,-90.000000,bottom
"C3229","1uF","C_0603_1608Metric",190.450000,-283.275000,-90.000000,bottom
"C3230","1uF","C_0603_1608Metric",194.450000,-283.275000,-90.000000,bottom
"C3231","1uF","C_0603_1608Metric",198.450000,-283.275000,-90.000000,bottom
"C3232","1uF","C_0603_1608Metric",202.450000,-283.275000,-90.000000,bottom
"C3233","1uF","C_0603_1608Metric",206.450000,-283.275000,-90.000000,bottom
"C3234","1uF","C_0603_1608Metric",210.450000,-283.275000,-90.000000,bottom
"C3235","1uF","C_0603_1608Metric",214.450000,-283.275000,-90.000000,bottom
"C3236","1uF","C_0603_1608Metric",218.450000,-283.275000,-90.000000,bottom
"C3237","1uF","C_0603_1608Metric",222.450000,-283.275000,-90.000000,bottom
"C3238","1uF","C_0603_1608Metric",226.450000,-283.275000,-90.000000,bottom
"C3239","1uF","C_0603_1608Metric",230.450000,-283.275000,-90.000000,bottom
"C3240","1uF","C_0603_1608Metric",234.450000,-283.275000,-90.000000,bottom
"C3241","1uF","C_0603_1608Metric",238.450000,-283.275000,-90.000000,bottom
"C3242","1uF","C_0603_1608Metric",242.450000,-283.275000,-90.000000,bottom
"C3243","1uF","C_0603_1608Metric",246.450000,-283.275000,-90.000000,bottom
"C3244","1uF","C_0603_1608Metric",250.450000,-283.275000,-90.000000,bottom
"C3245","1uF","C_0603_1608Metric",254.450000,-283.275000,-90.000000,bottom
"C3246","1uF","C_0603_1608Metric",258.450000,-283.275000,-90.000000,bottom
"C3247","1uF","C_0603_1608Metric",262.450000,-283.275000,-90.000000,bottom
"C3248","1uF","C_0603_1608Metric",266.450000,-283.275000,-90.000000,bottom
"C3249","1uF","C_0603_1608Metric",270.450000,-283.275000,-90.000000,bottom
"C3250","1uF","C_0603_1608Metric",274.450000,-283.275000,-90.000000,bottom
"C3251","1uF","C_0603_1608Metric",278.450000,-283.275000,-90.000000,bottom
"C3252","1uF","C_0603_1608Metric",282.450000,-283.275000,-90.000000,bottom
"C3253","1uF","C_0603_1608Metric",286.450000,-283.275000,-90.000000,bottom
"C3254","1uF","C_0603_1608Metric",290.450000,-283.275000,-90.000000,bottom
"C3255","1uF","C_0603_1608Metric",294.450000,-283.275000,-90.000000,bottom
"C3256","1uF","C_0603_1608Metric",298.450000,-283.275000,-90.000000,bottom
"C3257","1uF","C_0603_1608Metric",302.450000,-283.275000,-90.000000,bottom
"C3258","1uF","C_0603_1608Metric",306.450000,-283.275000,-90.000000,bottom
"C3259","1uF","C_0603_1608Metric",310.450000,-283.275000,-90.000000,bottom
"C3260","1uF","C_0603_1608Metric",314.450000,-283.275000,-90.000000,bottom
"C3261","1uF","C_0603_1608Metric",318.450000,-283.275000,-90.000000,bottom
"C3262","1uF","C_0603_1608Metric",322.450000,-283.275000,-90.000000,bottom
"C3263","1uF","C_0603_1608Metric",326.450000,-283.275000,-90.000000,bottom
"C3264","1uF","C_0603_1608Metric",330.450000,-283.275000,-90.000000,bottom
"C3265","1uF","C_0603_1608Metric",334.450000,-283.275000,-90.000000,bottom
"C3266","1uF","C_0603_1608Metric",338.450000,-283.275000,-90.000000,bottom
"C3267","1uF","C_0603_1608Metric",342.450000,-283.275000,-90.000000,bottom
"C3268","1uF","C_0603_1608Metric",346.450000,-283.275000,-90.000000,bottom
"C3269","1uF","C_0603_1608Metric",350.450000,-283.275000,-90.000000,bottom
"C3270","1uF","C_0603_1608Metric",354.450000,-283.275000,-90.000000,bottom
"C3271","1uF","C_0603_1608Metric",358.450000,-283.275000,-90.000000,bottom
"C3272","1uF","C_0603_1608Metric",362.450000,-283.275000,-90.000000,bottom
"C3273","1uF","C_0603_1608Metric",366.450000,-283.275000,-90.000000,bottom
"C3274","1uF","C_0603_1608Metric",370.450000,-283.275000,-90.000000,bottom
"C3275","1uF","C_0603_1608Metric",374.450000,-283.275000,-90.000000,bottom
"C3276","1uF","C_0603_1608Metric",378.450000,-283.275000,-90.000000,bottom
"C3277","1uF","C_0603_1608Metric",382.450000,-283.275000,-90.000000,bottom
"C3278","1uF","C_0603_1608Metric",386.450000,-283.275000,-90.000000,bottom
"C3279","1uF","C_0603_1608Metric",390.450000,-283.275000,-90.000000,bottom
"C3280","1uF","C_0603_1608Metric",394.450000,-283.275000,-90.000000,bottom
"C3281","1uF","C_0603_1608Metric",398.450000,-283.275000,-90.000000,bottom
"C3282","1uF","C_0603_1608Metric",402.450000,-283.275000,-90.000000,bottom
"C3283","1uF","C_0603_1608Metric",406.450000,-283.275000,-90.000000,bottom
"C3284","1uF","C_0603_1608Metric",410.450000,-283.275000,-90.000000,bottom
"C3285","1uF","C_0603_1608Metric",414.450000,-283.275000,-90.000000,bottom
"C3286","1uF","C_0603_1608Metric",418.450000,-283.275000,-90.000000,bottom
"C3287","1uF","C_0603_1608Metric",422.450000,-283.275000,-90.000000,bottom
"C3288","1uF","C_0603_1608Metric",426.450000,-283.275000,-90.000000,bottom
"C3289","1uF","C_0603_1608Metric",430.450000,-283.275000,-90.000000,bottom
"C3290","1uF","C_0603_1608Metric",434.450000,-283.275000,-90.000000,bottom
"C3291","1uF","C_0603_1608Metric",158.450000,-287.275000,-90.000000,bottom
"C3292","1uF","C_0603_1608Metric",162.450000,-287.275000,-90.000000,bottom
"C3293","1uF","C_0603_1608Metric",166.450000,-287.275000,-90.000000,bottom
"C3294","1uF","C_0603_1608Metric",170.450000,-287.275000,-90.000000,bottom
"C3295","1uF","C_0603_1608Metric",174.450000,-287.275000,-90.000000,bottom
"C3296","1uF","C_0603_1608Metric",178.450000,-287.275000,-90.000000,bottom
"C3297","1uF","C_0603_1608Metric",182.450000,-287.275000,-90.000000,bottom
"C3298","1uF","C_0603_1608Metric",186.450000,-287.275000,-90.000000,bottom
"C3299","1uF","C_0603_1608Metric",190.450000,-287.275000,-90.000000,bottom
"C3300","1uF","C_0603_1608Metric",194.450000,-287.275000,-90.000000,bottom
"C3301","1uF","C_0603_1608Metric",198.450000,-287.275000,-90.000000,bottom
"C3302","1uF","C_0603_1608Metric",202.450000,-287.275000,-90.000000,bottom
"C3303","1uF","C_0603_1608Metric",206.450000,-287.275000,-90.000000,bottom
"C3304","1uF","C_0603_1608Metric",210.450000,-287.275000,-90.000000,bottom
"C3305","1uF","C_0603_1608Metric",214.450000,-287.275000,-90.000000,bottom
"C3306","1uF","C_0603_1608Metric",218.450000,-287.275000,-90.000000,bottom
"C3307","1uF","C_0603_1608Metric",222.450000,-287.275000,-90.000000,bottom
"C3308","1uF","C_0603_1608Metric",226.450000,-287.275000,-90.000000,bottom
"C3309","1uF","C_0603_1608Metric",230.450000,-287.275000,-90.000000,bottom
"C3310","1uF","C_0603_1608Metric",234.450000,-287.275000,-90.000000,bottom
"C3311","1uF","C_0603_1608Metric",238.450000,-287.275000,-90.000000,bottom
"C3312","1uF","C_0603_1608Metric",242.450000,-287.275000,-90.000000,bottom
"C3313","1uF","C_0603_1608Metric",246.450000,-287.275000,-90.000000,bottom
"C3314","1uF","C_0603_1608Metric",250.450000,-287.275000,-90.000000,bottom
"C3315","1uF","C_0603_1608Metric",254.450000,-287.275000,-90.000000,bottom
"C3316","1uF","C_0603_1608Metric",258.450000,-287.275000,-90.000000,bottom
"C3317","1uF","C_0603_1608Metric",262.450000,-287.275000,-90.000000,bottom
"C3318","1uF","C_0603_1608Metric",266.450000,-287.275000,-90.000000,bottom
"C3319","1uF","C_0603_1608Metric",270.450000,-287.275000,-90.000000,bottom
"C3320","1uF","C_0603_1608Metric",274.450000,-287.275000,-90.000000,bottom
"C3321","1uF","C_0603_1608Metric",278.450000,-287.275000,-90.000000,bottom
"C3322","1uF","C_0603_1608Metric",282.450000,-287.275000,-90.000000,bottom
"C3323","1uF","C_0603_1608Metric",286.450000,-287.275000,-90.000000,bottom
"C3324","1uF","C_0603_1608Metric",290.450000,-287.275000,-90.000000,bottom
"C3325","1uF","C_0603_1608Metric",294.450000,-287.275000,-90.000000,bottom
"C3326","1uF","C_0603_1608Metric",298.450000,-287.275000,-90.000000,bottom
"C3327","1uF","C_0603_1608Metric",302.450000,-287.275000,-90.000000,bottom
"C3328","1uF","C_0603_1608Metric",306.450000,-287.275000,-90.000000,bottom
"C3329","1uF","C_0603_1608Metric",310.450000,-287.275000,-90.000000,bottom
"C3330","1uF","C_0603_1608Metric",314.450000,-287.275000,-90.000000,bottom
"C3331","1uF","C_0603_1608Metric",318.450000,-287.275000,-90.000000,bottom
"C3332","1uF","C_0603_1608Metric",322.450000,-287.275000,-90.000000,bottom
"C3333","1uF","C_0603_1608Metric",326.450000,-287.275000,-90.000000,bottom
"C3334","1uF","C_0603_1608Metric",330.450000,-287.275000,-90.000000,bottom
"C3335","1uF","C_0603_1608Metric",334.450000,-287.275000,-90.000000,bottom
"C3336","1uF","C_0603_1608Metric",338.450000,-287.275000,-90.000000,bottom
"C3337","1uF","C_0603_1608Metric",342.450000,-287.275000,-90.000000,bottom
"C3338","1uF","C_0603_1608Metric",346.450000,-287.275000,-90.000000,bottom
"C3339","1uF","C_0603_1608Metric",350.450000,-287.275000,-90.000000,bottom
"C3340","1uF","C_0603_1608Metric",354.450000,-287.275000,-90.000000,bottom
"C3341","1uF","C_0603_1608Metric",358.450000,-287.275000,-90.000000,bottom
"C3342","1uF","C_0603_1608Metric",362.450000,-287.275000,-90.000000,bottom
"C3343","1uF","C_0603_1608Metric",366.450000,-287.275000,-90.000000,bottom
"C3344","1uF","C_0603_1608Metric",370.450000,-287.275000,-90.000000,bottom
"C3345","1uF","C_0603_1608Metric",374.450000,-287.275000,-90.000000,bottom
"C3346","1uF","C_0603_1608Metric",378.450000,-287.275000,-90.000000,bottom
"C3347","1uF","C_0603_1608Metric",382.450000,-287.275000,-90.000000,bottom
"C3348","1uF","C_0603_1608Metric",386.450000,-287.275000,-90.000000,bottom
"C3349","1uF","C_0603_1608Metric",390.450000,-287.275000,-90.000000,bottom
"C3350","1uF","C_0603_1608Metric",394.450000,-287.275000,-90.000000,bottom
"C3351","1uF","C_0603_1608Metric",398.450000,-287.275000,-90.000000,bottom
"C3352","1uF","C_0603_1608Metric",402.450000,-287.275000,-90.000000,bottom
"C3353","1uF","C_0603_1608Metric",406.450000,-287.275000,-90.000000,bottom
"C3354","1uF","C_0603_1608Metric",410.450000,-287.275000,-90.000000,bottom
"C3355","1uF","C_0603_1608Metric",414.450000,-287.275000,-90.000000,bottom
"C3356","1uF","C_0603_1608Metric",418.450000,-287.275000,-90.000000,bottom
"C3357","1uF","C_0603_1608Metric",422.450000,-287.275000,-90.000000,bottom
"C3358","1uF","C_0603_1608Metric",426.450000,-287.275000,-90.000000,bottom
"C3359","1uF","C_0603_1608Metric",430.450000,-287.275000,-90.000000,bottom
"C3360","1uF","C_0603_1608Metric",434.450000,-287.275000,-90.000000,bottom
"C3361","1uF","C_0603_1608Metric",158.450000,-291.275000,-90.000000,bottom
"C3362","1uF","C_0603_1608Metric",162.450000,-291.275000,-90.000000,bottom
"C3363","1uF","C_0603_1608Metric",166.450000,-291.275000,-90.000000,bottom
"C3364","1uF","C_0603_1608Metric",170.450000,-291.275000,-90.000000,bottom
"C3365","1uF","C_0603_1608Metric",174.450000,-291.275000,-90.000000,bottom
"C3366","1uF","C_0603_1608Metric",178.450000,-291.275000,-90.000000,bottom
"C3367","1uF","C_0603_1608Metric",182.450000,-291.275000,-90.000000,bottom
"C3368","1uF","C_0603_1608Metric",186.450000,-291.275000,-90.000000,bottom
"C3369","1uF","C_0603_1608Metric",190.450000,-291.275000,-90.000000,bottom
"C3370","1uF","C_0603_1608Metric",194.450000,-291.275000,-90.000000,bottom
"C3371","1uF","C_0603_1608Metric",198.450000,-291.275000,-90.000000,bottom
"C3372","1uF","C_0603_1608Metric",202.450000,-291.275000,-90.000000,bottom
"C3373","1uF","C_0603_1608Metric",206.450000,-291.275000,-90.000000,bottom
"C3374","1uF","C_0603_1608Metric",210.450000,-291.275000,-90.000000,bottom
"C3375","1uF","C_0603_1608Metric",214.450000,-291.275000,-90.000000,bottom
"C3376","1uF","C_0603_1608Metric",218.450000,-291.275000,-90.000000,bottom
"C3377","1uF","C_0603_1608Metric",222.450000,-291.275000,-90.000000,bottom
"C3378","1uF","C_0603_1608Metric",226.450000,-291.275000,-90.000000,bottom
"C3379","1uF","C_0603_1608Metric",230.450000,-291.275000,-90.000000,bottom
"C3380","1uF","C_0603_1608Metric",234.450000,-291.275000,-90.000000,bottom
"C3381","1uF","C_0603_1608Metric",238.450000,-291.275000,-90.000000,bottom
"C3382","1uF","C_0603_1608Metric",242.450000,-291.275000,-90.000000,bottom
"C3383","1uF","C_0603_1608Metric",246.450000,-291.275000,-90.000000,bottom
"C3384","1uF","C_0603_1608Metric",250.450000,-291.275000,-90.000000,bottom
"C3385","1uF","C_0603_1608Metric",254.450000,-291.275000,-90.000000,bottom
"C3386","1uF","C_0603_1608Metric",258.450000,-291.275000,-90.000000,bottom
"C3387","1uF","C_0603_1608Metric",262.450000,-291.275000,-90.000000,bottom
"C3388","1uF","C_0603_1608Metric",266.450000,-291.275000,-90.000000,bottom
"C3389","1uF","C_0603_1608Metric",270.450000,-291.275000,-90.000000,bottom
"C3390","1uF","C_0603_1608Metric",274.450000,-291.275000,-90.000000,bottom
"C3391","1uF","C_0603_1608Metric",278.450000,-291.275000,-90.000000,bottom
"C3392","1uF","C_0603_1608Metric",282.450000,-291.275000,-90.000000,bottom
"C3393","1uF","C_0603_1608Metric",286.450000,-291.275000,-90.000000,bottom
"C3394","1uF","C_0603_1608Metric",290.450000,-291.275000,-90.000000,bottom
"C3395","1uF","C_0603_1608Metric",294.450000,-291.275000,-90.000000,bottom
"C3396","1uF","C_0603_1608Metric",298.450000,-291.275000,-90.000000,bottom
"C3397","1uF","C_0603_1608Metric",302.450000,-291.275000,-90.000000,bottom
"C3398","1uF","C_0603_1608Metric",306.450000,-291.275000,-90.000000,bottom
"C3399","1uF","C_0603_1608Metric",310.450000,-291.275000,-90.000000,bottom
"C3400","1uF","C_0603_1608Metric",314.450000,-291.275000,-90.000000,bottom
"C3401","1uF","C_0603_1608Metric",318.450000,-291.275000,-90.000000,bottom
"C3402","1uF","C_0603_1608Metric",322.450000,-291.275000,-90.000000,bottom
"C3403","1uF","C_0603_1608Metric",326.450000,-291.275000,-90.000000,bottom
"C3404","1uF","C_0603_1608Metric",330.450000,-291.275000,-90.000000,bottom
"C3405","1uF","C_0603_1608Metric",334.450000,-291.275000,-90.000000,bottom
"C3406","1uF","C_0603_1608Metric",338.450000,-291.275000,-90.000000,bottom
"C3407","1uF","C_0603_1608Metric",342.450000,-291.275000,-90.000000,bottom
"C3408","1uF","C_0603_1608Metric",346.450000,-291.275000,-90.000000,bottom
"C3409","1uF","C_0603_1608Metric",350.450000,-291.275000,-90.000000,bottom
"C3410","1uF","C_0603_1608Metric",354.450000,-291.275000,-90.000000,bottom
"C3411","1uF","C_0603_1608Metric",358.450000,-291.275000,-90.000000,bottom
"C3412","1uF","C_0603_1608Metric",362.450000,-291.275000,-90.000000,bottom
"C3413","1uF","C_0603_1608Metric",366.450000,-291.275000,-90.000000,bottom
"C3414","1uF","C_0603_1608Metric",370.450000,-291.275000,-90.000000,bottom
"C3415","1uF","C_0603_1608Metric",374.450000,-291.275000,-90.000000,bottom
"C3416","1uF","C_0603_1608Metric",378.450000,-291.275000,-90.000000,bottom
"C3417","1uF","C_0603_1608Metric",382.450000,-291.275000,-90.000000,bottom
"C3418","1uF","C_0603_1608Metric",386.450000,-291.275000,-90.000000,bottom
"C3419","1uF","C_0603_1608Metric",390.450000,-291.275000,-90.000000,bottom
"C3420","1uF","C_0603_1608Metric",394.450000,-291.275000,-90.000000,bottom
"C3421","1uF","C_0603_1608Metric",398.450000,-291.275000,-90.000000,bottom
"C3422","1uF","C_0603_1608Metric",402.450000,-291.275000,-90.000000,bottom
"C3423","1uF","C_0603_1608Metric",406.450000,-291.275000,-90.000000,bottom
"C3424","1uF","C_0603_1608Metric",410.450000,-291.275000,-90.000000,bottom
"C3425","1uF","C_0603_1608Metric",414.450000,-291.275000,-90.000000,bottom
"C3426","1uF","C_0603_1608Metric",418.450000,-291.275000,-90.000000,bottom
"C3427","1uF","C_0603_1608Metric",422.450000,-291.275000,-90.000000,bottom
"C3428","1uF","C_0603_1608Metric",426.450000,-291.275000,-90.000000,bottom
"C3429","1uF","C_0603_1608Metric",430.450000,-291.275000,-90.000000,bottom
"C3430","1uF","C_0603_1608Metric",434.450000,-291.275000,-90.000000,bottom
"C3431","1uF","C_0603_1608Metric",158.450000,-295.275000,-90.000000,bottom
"C3432","1uF","C_0603_1608Metric",162.450000,-295.275000,-90.000000,bottom
"C3433","1uF","C_0603_1608Metric",166.450000,-295.275000,-90.000000,bottom
"C3434","1uF","C_0603_1608Metric",170.450000,-295.275000,-90.000000,bottom
"C3435","1uF","C_0603_1608Metric",174.450000,-295.275000,-90.000000,bottom
"C3436","1uF","C_0603_1608Metric",178.450000,-295.275000,-90.000000,bottom
"C3437","1uF","C_0603_1608Metric",182.450000,-295.275000,-90.000000,bottom
"C3438","1uF","C_0603_1608Metric",186.450000,-295.275000,-90.000000,bottom
"C3439","1uF","C_0603_1608Metric",190.450000,-295.275000,-90.000000,bottom
"C3440","1uF","C_0603_1608Metric",194.450000,-295.275000,-90.000000,bottom
"C3441","1uF","C_0603_1608Metric",198.450000,-295.275000,-90.000000,bottom
"C3442","1uF","C_0603_1608Metric",202.450000,-295.275000,-90.000000,bottom
"C3443","1uF","C_0603_1608Metric",206.450000,-295.275000,-90.000000,bottom
"C3444","1uF","C_0603_1608Metric",210.450000,-295.275000,-90.000000,bottom
"C3445","1uF","C_0603_1608Metric",214.450000,-295.275000,-90.000000,bottom
"C3446","1uF","C_0603_1608Metric",218.450000,-295.275000,-90.000000,bottom
"C3447","1uF","C_0603_1608Metric",222.450000,-295.275000,-90.000000,bottom
"C3448","1uF","C_0603_1608Metric",226.450000,-295.275000,-90.000000,bottom
"C3449","1uF","C_0603_1608Metric",230.450000,-295.275000,-90.000000,bottom
"C3450","1uF","C_0603_1608Metric",234.450000,-295.275000,-90.000000,bottom
"C3451","1uF","C_0603_1608Metric",238.450000,-295.275000,-90.000000,bottom
"C3452","1uF","C_0603_1608Metric",242.450000,-295.275000,-90.000000,bottom
"C3453","1uF","C_0603_1608Metric",246.450000,-295.275000,-90.000000,bottom
"C3454","1uF","C_0603_1608Metric",250.450000,-295.275000,-90.000000,bottom
"C3455","1uF","C_0603_1608Metric",254.450000,-295.275000,-90.000000,bottom
"C3456","1uF","C_0603_1608Metric",258.450000,-295.275000,-90.000000,bottom
"C3457","1uF","C_0603_1608Metric",262.450000,-295.275000,-90.000000,bottom
"C3458","1uF","C_0603_1608Metric",266.450000,-295.275000,-90.000000,bottom
"C3459","1uF","C_0603_1608Metric",270.450000,-295.275000,-90.000000,bottom
"C3460","1uF","C_0603_1608Metric",274.450000,-295.275000,-90.000000,bottom
"C3461","1uF","C_0603_1608Metric",278.450000,-295.275000,-90.000000,bottom
"C3462","1uF","C_0603_1608Metric",282.450000,-295.275000,-90.000000,bottom
"C3463","1uF","C_0603_1608Metric",286.450000,-295.275000,-90.000000,bottom
"C3464","1uF","C_0603_1608Metric",290.450000,-295.275000,-90.000000,bottom
"C3465","1uF","C_0603_1608Metric",294.450000,-295.275000,-90.000000,bottom
"C3466","1uF","C_0603_1608Metric",298.450000,-295.275000,-90.000000,bottom
"C3467","1uF","C_0603_1608Metric",302.450000,-295.275000,-90.000000,bottom
"C3468","1uF","C_0603_1608Metric",306.450000,-295.275000,-90.000000,bottom
"C3469","1uF","C_0603_1608Metric",310.450000,-295.275000,-90.000000,bottom
"C3470","1uF","C_0603_1608Metric",314.450000,-295.275000,-90.000000,bottom
"C3471","1uF","C_0603_1608Metric",318.450000,-295.275000,-90.000000,bottom
"C3472","1uF","C_0603_1608Metric",322.450000,-295.275000,-90.000000,bottom
"C3473","1uF","C_0603_1608Metric",326.450000,-295.275000,-90.000000,bottom
"C3474","1uF","C_0603_1608Metric",330.450000,-295.275000,-90.000000,bottom
"C3475","1uF","C_0603_1608Metric",334.450000,-295.275000,-90.000000,bottom
"C3476","1uF","C_0603_1608Metric",338.450000,-295.275000,-90.000000,bottom
"C3477","1uF","C_0603_1608Metric",342.450000,-295.275000,-90.000000,bottom
"C3478","1uF","C_0603_1608Metric",346.450000,-295.275000,-90.000000,bottom
"C3479","1uF","C_0603_1608Metric",350.450000,-295.275000,-90.000000,bottom
"C3480","1uF","C_0603_1608Metric",354.450000,-295.275000,-90.000000,bottom
"C3481","1uF","C_0603_1608Metric",358.450000,-295.275000,-90.000000,bottom
"C3482","1uF","C_0603_1608Metric",362.450000,-295.275000,-90.000000,bottom
"C3483","1uF","C_0603_1608Metric",366.450000,-295.275000,-90.000000,bottom
"C3484","1uF","C_0603_1608Metric",370.450000,-295.275000,-90.000000,bottom
"C3485","1uF","C_0603_1608Metric",374.450000,-295.275000,-90.000000,bottom
"C3486","1uF","C_0603_1608Metric",378.450000,-295.275000,-90.000000,bottom
"C3487","1uF","C_0603_1608Metric",382.450000,-295.275000,-90.000000,bottom
"C3488","1uF","C_0603_1608Metric",386.450000,-295.275000,-90.000000,bottom
"C3489","1uF","C_0603_1608Metric",390.450000,-295.275000,-90.000000,bottom
"C3490","1uF","C_0603_1608Metric",394.450000,-295.275000,-90.000000,bottom
"C3491","1uF","C_0603_1608Metric",398.450000,-295.275000,-90.000000,bottom
"C3492","1uF","C_0603_1608Metric",402.450000,-295.275000,-90.000000,bottom
"C3493","1uF","C_0603_1608Metric",406.450000,-295.275000,-90.000000,bottom
"C3494","1uF","C_0603_1608Metric",410.450000,-295.275000,-90.000000,bottom
"C3495","1uF","C_0603_1608Metric",414.450000,-295.275000,-90.000000,bottom
"C3496","1uF","C_0603_1608Metric",418.450000,-295.275000,-90.000000,bottom
"C3497","1uF","C_0603_1608Metric",422.450000,-295.275000,-90.000000,bottom
"C3498","1uF","C_0603_1608Metric",426.450000,-295.275000,-90.000000,bottom
"C3499","1uF","C_0603_1608Metric",430.450000,-295.275000,-90.000000,bottom
"C3500","1uF","C_0603_1608Metric",434.450000,-295.275000,-90.000000,bottom
"C3501","1uF","C_0603_1608Metric",158.450000,-299.275000,-90.000000,bottom
"C3502","1uF","C_0603_1608Metric",162.450000,-299.275000,-90.000000,bottom
"C3503","1uF","C_0603_1608Metric",166.450000,-299.275000,-90.000000,bottom
"C3504","1uF","C_0603_1608Metric",170.450000,-299.275000,-90.000000,bottom
"C3505","1uF","C_0603_1608Metric",174.450000,-299.275000,-90.000000,bottom
"C3506","1uF","C_0603_1608Metric",178.450000,-299.275000,-90.000000,bottom
"C3507","1uF","C_0603_1608Metric",182.450000,-299.275000,-90.000000,bottom
"C3508","1uF","C_0603_1608Metric",186.450000,-299.275000,-90.000000,bottom
"C3509","1uF","C_0603_1608Metric",190.450000,-299.275000,-90.000000,bottom
"C3510","1uF","C_0603_1608Metric",194.450000,-299.275000,-90.000000,bottom
"C3511","1uF","C_0603_1608Metric",198.450000,-299.275000,-90.000000,bottom
"C3512","1uF","C_0603_1608Metric",202.450000,-299.275000,-90.000000,bottom
"C3513","1uF","C_0603_1608Metric",206.450000,-299.275000,-90.000000,bottom
"C3514","1uF","C_0603_1608Metric",210.450000,-299.275000,-90.000000,bottom
"C3515","1uF","C_0603_1608Metric",214.450000,-299.275000,-90.000000,bottom
"C3516","1uF","C_0603_1608Metric",218.450000,-299.275000,-90.000000,bottom
"C3517","1uF","C_0603_1608Metric",222.450000,-299.275000,-90.000000,bottom
"C3518","1uF","C_0603_1608Metric",226.450000,-299.275000,-90.000000,bottom
"C3519","1uF","C_0603_1608Metric",230.450000,-299.275000,-90.000000,bottom
"C3520","1uF","C_0603_1608Metric",234.450000,-299.275000,-90.000000,bottom
"C3521","1uF","C_0603_1608Metric",238.450000,-299.275000,-90.000000,bottom
"C3522","1uF","C_0603_1608Metric",242.450000,-299.275000,-90.000000,bottom
"C3523","1uF","C_0603_1608Metric",246.450000,-299.275000,-90.000000,bottom
"C3524","1uF","C_0603_1608Metric",250.450000,-299.275000,-90.000000,bottom
"C3525","1uF","C_0603_1608Metric",254.450000,-299.275000,-90.000000,bottom
"C3526","1uF","C_0603_1608Metric",258.450000,-299.275000,-90.000000,bottom
"C3527","1uF","C_0603_1608Metric",262.450000,-299.275000,-90.000000,bottom
"C3528","1uF","C_0603_1608Metric",266.450000,-299.275000,-90.000000,bottom
"C3529","1uF","C_0603_1608Metric",270.450000,-299.275000,-90.000000,bottom
"C3530","1uF","C_0603_1608Metric",274.450000,-299.275000,-90.000000,bottom
"C3531","1uF","C_0603_1608Metric",278.450000,-299.275000,-90.000000,bottom
"C3532","1uF","C_0603_1608Metric",282.450000,-299.275000,-90.000000,bottom
"C3533","1uF","C_0603_1608Metric",286.450000,-299.275000,-90.000000,bottom
"C3534","1uF","C_0603_1608Metric",290.450000,-299.275000,-90.000000,bottom
"C3535","1uF","C_0603_1608Metric",294.450000,-299.275000,-90.000000,bottom
"C3536","1uF","C_0603_1608Metric",298.450000,-299.275000,-90.000000,bottom
"C3537","1uF","C_0603_1608Metric",302.450000,-299.275000,-90.000000,bottom
"C3538","1uF","C_0603_1608Metric",306.450000,-299.275000,-90.000000,bottom
"C3539","1uF","C_0603_1608Metric",310.450000,-299.275000,-90.000000,bottom
"C3540","1uF","C_0603_1608Metric",314.450000,-299.275000,-90.000000,bottom
"C3541","1uF","C_0603_1608Metric",318.450000,-299.275000,-90.000000,bottom
"C3542","1uF","C_0603_1608Metric",322.450000,-299.275000,-90.000000,bottom
"C3543","1uF","C_0603_1608Metric",326.450000,-299.275000,-90.000000,bottom
"C3544","1uF","C_0603_1608Metric",330.450000,-299.275000,-90.000000,bottom
"C3545","1uF","C_0603_1608Metric",334.450000,-299.275000,-90.000000,bottom
"C3546","1uF","C_0603_1608Metric",338.450000,-299.275000,-90.000000,bottom
"C3547","1uF","C_0603_1608Metric",342.450000,-299.275000,-90.000000,bottom
"C3548","1uF","C_0603_1608Metric",346.450000,-299.275000,-90.000000,bottom
"C3549","1uF","C_0603_1608Metric",350.450000,-299.275000,-90.000000,bottom
"C3550","1uF","C_0603_1608Metric",354.450000,-299.275000,-90.000000,bottom
"C3551","1uF","C_0603_1608Metric",358.450000,-299.275000,-90.000000,bottom
"C3552","1uF","C_0603_1608Metric",362.450000,-299.275000,-90.000000,bottom
"C3553","1uF","C_0603_1608Metric",366.450000,-299.275000,-90.000000,bottom
"C3554","1uF","C_0603_1608Metric",370.450000,-299.275000,-90.000000,bottom
"C3555","1uF","C_0603_1608Metric",374.450000,-299.275000,-90.000000,bottom
"C3556","1uF","C_0603_1608Metric",378.450000,-299.275000,-90.000000,bottom
"C3557","1uF","C_0603_1608Metric",382.450000,-299.275000,-90.000000,bottom
"C3558","1uF","C_0603_1608Metric",386.450000,-299.275000,-90.000000,bottom
"C3559","1uF","C_0603_1608Metric",390.450000,-299.275000,-90.000000,bottom
"C3560","1uF","C_0603_1608Metric",394.450000,-299.275000,-90.000000,bottom
"C3561","1uF","C_0603_1608Metric",398.450000,-299.275000,-90.000000,bottom
"C3562","1uF","C_0603_1608Metric",402.450000,-299.275000,-90.000000,bottom
"C3563","1uF","C_0603_1608Metric",406.450000,-299.275000,-90.000000,bottom
"C3564","1uF","C_0603_1608Metric",410.450000,-299.275000,-90.000000,bottom
"C3565","1uF","C_0603_1608Metric",414.450000,-299.275000,-90.000000,bottom
"C3566","1uF","C_0603_1608Metric",418.450000,-299.275000,-90.000000,bottom
"C3567","1uF","C_0603_1608Metric",422.450000,-299.275000,-90.000000,bottom
"C3568","1uF","C_0603_1608Metric",426.450000,-299.275000,-90.000000,bottom
"C3569","1uF","C_0603_1608Metric",430.450000,-299.275000,-90.000000,bottom
"C3570","1uF","C_0603_1608Metric",434.450000,-299.275000,-90.000000,bottom
"C3571","1uF","C_0603_1608Metric",158.450000,-303.275000,-90.000000,bottom
"C3572","1uF","C_0603_1608Metric",162.450000,-303.275000,-90.000000,bottom
"C3573","1uF","C_0603_1608Metric",166.450000,-303.275000,-90.000000,bottom
"C3574","1uF","C_0603_1608Metric",170.450000,-303.275000,-90.000000,bottom
"C3575","1uF","C_0603_1608Metric",174.450000,-303.275000,-90.000000,bottom
"C3576","1uF","C_0603_1608Metric",178.450000,-303.275000,-90.000000,bottom
"C3577","1uF","C_0603_1608Metric",182.450000,-303.275000,-90.000000,bottom
"C3578","1uF","C_0603_1608Metric",186.450000,-303.275000,-90.000000,bottom
"C3579","1uF","C_0603_1608Metric",190.450000,-303.275000,-90.000000,bottom
"C3580","1uF","C_0603_1608Metric",194.450000,-303.275000,-90.000000,bottom
"C3581","1uF","C_0603_1608Metric",198.450000,-303.275000,-90.000000,bottom
"C3582","1uF","C_0603_1608Metric",202.450000,-303.275000,-90.000000,bottom
"C3583","1uF","C_0603_1608Metric",206.450000,-303.275000,-90.000000,bottom
"C3584","1uF","C_0603_1608Metric",210.450000,-303.275000,-90.000000,bottom
"C3585","1uF","C_0603_1608Metric",214.450000,-303.275000,-90.000000,bottom
"C3586","1uF","C_0603_1608Metric",218.450000,-303.275000,-90.000000,bottom
"C3587","1uF","C_0603_1608Metric",222.450000,-303.275000,-90.000000,bottom
"C3588","1uF","C_0603_1608Metric",226.450000,-303.275000,-90.000000,bottom
"C3589","1uF","C_0603_1608Metric",230.450000,-303.275000,-90.000000,bottom
"C3590","1uF","C_0603_1608Metric",234.450000,-303.275000,-90.000000,bottom
"C3591","1uF","C_0603_1608Metric",238.450000,-303.275000,-90.000000,bottom
"C3592","1uF","C_0603_1608Metric",242.450000,-303.275000,-90.000000,bottom
"C3593","1uF","C_0603_1608Metric",246.450000,-303.275000,-90.000000,bottom
"C3594","1uF","C_0603_1608Metric",250.450000,-303.275000,-90.000000,bottom
"C3595","1uF","C_0603_1608Metric",254.450000,-303.275000,-90.000000,bottom
"C3596","1uF","C_0603_1608Metric",258.450000,-303.275000,-90.000000,bottom
"C3597","1uF","C_0603_1608Metric",262.450000,-303.275000,-90.000000,bottom
"C3598","1uF","C_0603_1608Metric",266.450000,-303.275000,-90.000000,bottom
"C3599","1uF","C_0603_1608Metric",270.450000,-303.275000,-90.000000,bottom
"C3600","1uF","C_0603_1608Metric",274.450000,-303.275000,-90.000000,bottom
"C3601","1uF","C_0603_1608Metric",278.450000,-303.275000,-90.000000,bottom
"C3602","1uF","C_0603_1608Metric",282.450000,-303.275000,-90.000000,bottom
"C3603","1uF","C_0603_1608Metric",286.450000,-303.275000,-90.000000,bottom
"C3604","1uF","C_0603_1608Metric",290.450000,-303.275000,-90.000000,bottom
"C3605","1uF","C_0603_1608Metric",294.450000,-303.275000,-90.000000,bottom
"C3606","1uF","C_0603_1608Metric",298.450000,-303.275000,-90.000000,bottom
"C3607","1uF","C_0603_1608Metric",302.450000,-303.275000,-90.000000,bottom
"C3608","1uF","C_0603_1608Metric",306.450000,-303.275000,-90.000000,bottom
"C3609","1uF","C_0603_1608Metric",310.450000,-303.275000,-90.000000,bottom
"C3610","1uF","C_0603_1608Metric",314.450000,-303.275000,-90.000000,bottom
"C3611","1uF","C_0603_1608Metric",318.450000,-303.275000,-90.000000,bottom
"C3612","1uF","C_0603_1608Metric",322.450000,-303.275000,-90.000000,bottom
"C3613","1uF","C_0603_1608Metric",326.450000,-303.275000,-90.000000,bottom
"C3614","1uF","C_0603_1608Metric",330.450000,-303.275000,-90.000000,bottom
"C3615","1uF","C_0603_1608Metric",334.450000,-303.275000,-90.000000,bottom
"C3616","1uF","C_0603_1608Metric",338.450000,-303.275000,-90.000000,bottom
"C3617","1uF","C_0603_1608Metric",342.450000,-303.275000,-90.000000,bottom
"C3618","1uF","C_0603_1608Metric",346.450000,-303.275000,-90.000000,bottom
"C3619","1uF","C_0603_1608Metric",350.450000,-303.275000,-90.000000,bottom
"C3620","1uF","C_0603_1608Metric",354.450000,-303.275000,-90.000000,bottom
"C3621","1uF","C_0603_1608Metric",358.450000,-303.275000,-90.000000,bottom
"C3622","1uF","C_0603_1608Metric",362.450000,-303.275000,-90.000000,bottom
"C3623","1uF","C_0603_1608Metric",366.450000,-303.275000,-90.000000,bottom
"C3624","1uF","C_0603_1608Metric",370.450000,-303.275000,-90.000000,bottom
"C3625","1uF","C_0603_1608Metric",374.450000,-303.275000,-90.000000,bottom
"C3626","1uF","C_0603_1608Metric",378.450000,-303.275000,-90.000000,bottom
"C3627","1uF","C_0603_1608Metric",382.450000,-303.275000,-90.000000,bottom
"C3628","1uF","C_0603_1608Metric",386.450000,-303.275000,-90.000000,bottom
"C3629","1uF","C_0603_1608Metric",390.450000,-303.275000,-90.000000,bottom
"C3630","1uF","C_0603_1608Metric",394.450000,-303.275000,-90.000000,bottom
"C3631","1uF","C_0603_1608Metric",398.450000,-303.275000,-90.000000,bottom
"C3632","1uF","C_0603_1608Metric",402.450000,-303.275000,-90.000000,bottom
"C3633","1uF","C_0603_1608Metric",406.450000,-303.275000,-90.000000,bottom
"C3634","1uF","C_0603_1608Metric",410.450000,-303.275000,-90.000000,bottom
"C3635","1uF","C_0603_1608Metric",414.450000,-303.275000,-90.000000,bottom
"C3636","1uF","C_0603_1608Metric",418.450000,-303.275000,-90.000000,bottom
"C3637","1uF","C_0603_1608Metric",422.450000,-303.275000,-90.000000,bottom
"C3638","1uF","C_0603_1608Metric",426.450000,-303.275000,-90.000000,bottom
"C3639","1uF","C_0603_1608Metric",430.450000,-303.275000,-90.000000,bottom
"C3640","1uF","C_0603_1608Metric",434.450000,-303.275000,-90.000000,bottom
"C3641","1uF","C_0603_1608Metric",158.450000,-307.275000,-90.000000,bottom
"C3642","1uF","C_0603_1608Metric",162.450000,-307.275000,-90.000000,bottom
"C3643","1uF","C_0603_1608Metric",166.450000,-307.275000,-90.000000,bottom
"C3644","1uF","C_0603_1608Metric",170.450000,-307.275000,-90.000000,bottom
"C3645","1uF","C_0603_1608Metric",174.450000,-307.275000,-90.000000,bottom
"C3646","1uF","C_0603_1608Metric",178.450000,-307.275000,-90.000000,bottom
"C3647","1uF","C_0603_1608Metric",182.450000,-307.275000,-90.000000,bottom
"C3648","1uF","C_0603_1608Metric",186.450000,-307.275000,-90.000000,bottom
"C3649","1uF","C_0603_1608Metric",190.450000,-307.275000,-90.000000,bottom
"C3650","1uF","C_0603_1608Metric",194.450000,-307.275000,-90.000000,bottom
"C3651","1uF","C_0603_1608Metric",198.450000,-307.275000,-90.000000,bottom
"C3652","1uF","C_0603_1608Metric",202.450000,-307.275000,-90.000000,bottom
"C3653","1uF","C_0603_1608Metric",206.450000,-307.275000,-90.000000,bottom
"C3654","1uF","C_0603_1608Metric",210.450000,-307.275000,-90.000000,bottom
"C3655","1uF","C_0603_1608Metric",214.450000,-307.275000,-90.000000,bottom
"C3656","1uF","C_0603_1608Metric",218.450000,-307.275000,-90.000000,bottom
"C3657","1uF","C_0603_1608Metric",222.450000,-307.275000,-90.000000,bottom
"C3658","1uF","C_0603_1608Metric",226.450000,-307.275000,-90.000000,bottom
"C3659","1uF","C_0603_1608Metric",230.450000,-307.275000,-90.000000,bottom
"C3660","1uF","C_0603_1608Metric",234.450000,-307.275000,-90.000000,bottom
"C3661","1uF","C_0603_1608Metric",238.450000,-307.275000,-90.000000,bottom
"C3662","1uF","C_0603_1608Metric",242.450000,-307.275000,-90.000000,bottom
"C3663","1uF","C_0603_1608Metric",246.450000,-307.275000,-90.000000,bottom
"C3664","1uF","C_0603_1608Metric",250.450000,-307.275000,-90.000000,bottom
"C3665","1uF","C_0603_1608Metric",254.450000,-307.275000,-90.000000,bottom
"C3666","1uF","C_0603_1608Metric",258.450000,-307.275000,-90.000000,bottom
"C3667","1uF","C_0603_1608Metric",262.450000,-307.275000,-90.000000,bottom
"C3668","1uF","C_0603_1608Metric",266.450000,-307.275000,-90.000000,bottom
"C3669","1uF","C_0603_1608Metric",270.450000,-307.275000,-90.000000,bottom
"C3670","1uF","C_0603_1608Metric",274.450000,-307.275000,-90.000000,bottom
"C3671","1uF","C_0603_1608Metric",278.450000,-307.275000,-90.000000,bottom
"C3672","1uF","C_0603_1608Metric",282.450000,-307.275000,-90.000000,bottom
"C3673","1uF","C_0603_1608Metric",286.450000,-307.275000,-90.000000,bottom
"C3674","1uF","C_0603_1608Metric",290.450000,-307.275000,-90.000000,bottom
"C3675","1uF","C_0603_1608Metric",294.450000,-307.275000,-90.000000,bottom
"C3676","1uF","C_0603_1608Metric",298.450000,-307.275000,-90.000000,bottom
"C3677","1uF","C_0603_1608Metric",302.450000,-307.275000,-90.000000,bottom
"C3678","1uF","C_0603_1608Metric",306.450000,-307.275000,-90.000000,bottom
"C3679","1uF","C_0603_1608Metric",310.450000,-307.275000,-90.000000,bottom
"C3680","1uF","C_0603_1608Metric",314.450000,-307.275000,-90.000000,bottom
"C3681","1uF","C_0603_1608Metric",318.450000,-307.275000,-90.000000,bottom
"C3682","1uF","C_0603_1608Metric",322.450000,-307.275000,-90.000000,bottom
"C3683","1uF","C_0603_1608Metric",326.450000,-307.275000,-90.000000,bottom
"C3684","1uF","C_0603_1608Metric",330.450000,-307.275000,-90.000000,bottom
"C3685","1uF","C_0603_1608Metric",334.450000,-307.275000,-90.000000,bottom
"C3686","1uF","C_0603_1608Metric",338.450000,-307.275000,-90.000000,bottom
"C3687","1uF","C_0603_1608Metric",342.450000,-307.275000,-90.000000,bottom
"C3688","1uF","C_0603_1608Metric",346.450000,-307.275000,-90.000000,bottom
"C3689","1uF","C_0603_1608Metric",350.450000,-307.275000,-90.000000,bottom
"C3690","1uF","C_0603_1608Metric",354.450000,-307.275000,-90.000000,bottom
"C3691","1uF","C_0603_1608Metric",358.450000,-307.275000,-90.000000,bottom
"C3692","1uF","C_0603_1608Metric",362.450000,-307.275000,-90.000000,bottom
"C3693","1uF","C_0603_1608Metric",366.450000,-307.275000,-90.000000,bottom
"C3694","1uF","C_0603_1608Metric",370.450000,-307.275000,-90.000000,bottom
"C3695","1uF","C_0603_1608Metric",374.450000,-307.275000,-90.000000,bottom
"C3696","1uF","C_0603_1608Metric",378.450000,-307.275000,-90.000000,bottom
"C3697","1uF","C_0603_1608Metric",382.450000,-307.275000,-90.000000,bottom
"C3698","1uF","C_0603_1608Metric",386.450000,-307.275000,-90.000000,bottom
"C3699","1uF","C_0603_1608Metric",390.450000,-307.275000,-90.000000,bottom
"C3700","1uF","C_0603_1608Metric",394.450000,-307.275000,-90.000000,bottom
"C3701","1uF","C_0603_1608Metric",398.450000,-307.275000,-90.000000,bottom
"C3702","1uF","C_0603_1608Metric",402.450000,-307.275000,-90.000000,bottom
"C3703","1uF","C_0603_1608Metric",406.450000,-307.275000,-90.000000,bottom
"C3704","1uF","C_0603_1608Metric",410.450000,-307.275000,-90.000000,bottom
"C3705","1uF","C_0603_1608Metric",414.450000,-307.275000,-90.000000,bottom
"C3706","1uF","C_0603_1608Metric",418.450000,-307.275000,-90.000000,bottom
"C3707","1uF","C_0603_1608Metric",422.450000,-307.275000,-90.000000,bottom
"C3708","1uF","C_0603_1608Metric",426.450000,-307.275000,-90.000000,bottom
"C3709","1uF","C_0603_1608Metric",430.450000,-307.275000,-90.000000,bottom
"C3710","1uF","C_0603_1608Metric",434.450000,-307.275000,-90.000000,bottom
"C3711","1uF","C_0603_1608Metric",158.450000,-311.275000,-90.000000,bottom
"C3712","1uF","C_0603_1608Metric",162.450000,-311.275000,-90.000000,bottom
"C3713","1uF","C_0603_1608Metric",166.450000,-311.275000,-90.000000,bottom
"C3714","1uF","C_0603_1608Metric",170.450000,-311.275000,-90.000000,bottom
"C3715","1uF","C_0603_1608Metric",174.450000,-311.275000,-90.000000,bottom
"C3716","1uF","C_0603_1608Metric",178.450000,-311.275000,-90.000000,bottom
"C3717","1uF","C_0603_1608Metric",182.450000,-311.275000,-90.000000,bottom
"C3718","1uF","C_0603_1608Metric",186.450000,-311.275000,-90.000000,bottom
"C3719","1uF","C_0603_1608Metric",190.450000,-311.275000,-90.000000,bottom
"C3720","1uF","C_0603_1608Metric",194.450000,-311.275000,-90.000000,bottom
"C3721","1uF","C_0603_1608Metric",198.450000,-311.275000,-90.000000,bottom
"C3722","1uF","C_0603_1608Metric",202.450000,-311.275000,-90.000000,bottom
"C3723","1uF","C_0603_1608Metric",206.450000,-311.275000,-90.000000,bottom
"C3724","1uF","C_0603_1608Metric",210.450000,-311.275000,-90.000000,bottom
"C3725","1uF","C_0603_1608Metric",214.450000,-311.275000,-90.000000,bottom
"C3726","1uF","C_0603_1608Metric",218.450000,-311.275000,-90.000000,bottom
"C3727","1uF","C_0603_1608Metric",222.450000,-311.275000,-90.000000,bottom
"C3728","1uF","C_0603_1608Metric",226.450000,-311.275000,-90.000000,bottom
"C3729","1uF","C_0603_1608Metric",230.450000,-311.275000,-90.000000,bottom
"C3730","1uF","C_0603_1608Metric",234.450000,-311.275000,-90.000000,bottom
"C3731","1uF","C_0603_1608Metric",238.450000,-311.275000,-90.000000,bottom
"C3732","1uF","C_0603_1608Metric",242.450000,-311.275000,-90.000000,bottom
"C3733","1uF","C_0603_1608Metric",246.450000,-311.275000,-90.000000,bottom
"C3734","1uF","C_0603_1608Metric",250.450000,-311.275000,-90.000000,bottom
"C3735","1uF","C_0603_1608Metric",254.450000,-311.275000,-90.000000,bottom
"C3736","1uF","C_0603_1608Metric",258.450000,-311.275000,-90.000000,bottom
"C3737","1uF","C_0603_1608Metric",262.450000,-311.275000,-90.000000,bottom
"C3738","1uF","C_0603_1608Metric",266.450000,-311.275000,-90.000000,bottom
"C3739","1uF","C_0603_1608Metric",270.450000,-311.275000,-90.000000,bottom
"C3740","1uF","C_0603_1608Metric",274.450000,-311.275000,-90.000000,bottom
"C3741","1uF","C_0603_1608Metric",278.450000,-311.275000,-90.000000,bottom
"C3742","1uF","C_0603_1608Metric",282.450000,-311.275000,-90.000000,bottom
"C3743","1uF","C_0603_1608Metric",286.450000,-311.275000,-90.000000,bottom
"C3744","1uF","C_0603_1608Metric",290.450000,-311.275000,-90.000000,bottom
"C3745","1uF","C_0603_1608Metric",294.450000,-311.275000,-90.000000,bottom
"C3746","1uF","C_0603_1608Metric",298.450000,-311.275000,-90.000000,bottom
"C3747","1uF","C_0603_1608Metric",302.450000,-311.275000,-90.000000,bottom
"C3748","1uF","C_0603_1608Metric",306.450000,-311.275000,-90.000000,bottom
"C3749","1uF","C_0603_1608Metric",310.450000,-311.275000,-90.000000,bottom
"C3750","1uF","C_0603_1608Metric",314.450000,-311.275000,-90.000000,bottom
"C3751","1uF","C_0603_1608Metric",318.450000,-311.275000,-90.000000,bottom
"C3752","1uF","C_0603_1608Metric",322.450000,-311.275000,-90.000000,bottom
"C3753","1uF","C_0603_1608Metric",326.450000,-311.275000,-90.000000,bottom
"C3754","1uF","C_0603_1608Metric",330.450000,-311.275000,-90.000000,bottom
"C3755","1uF","C_0603_1608Metric",334.450000,-311.275000,-90.000000,bottom
"C3756","1uF","C_0603_1608Metric",338.450000,-311.275000,-90.000000,bottom
"C3757","1uF","C_0603_1608Metric",342.450000,-311.275000,-90.000000,bottom
"C3758","1uF","C_0603_1608Metric",346.450000,-311.275000,-90.000000,bottom
"C3759","1uF","C_0603_1608Metric",350.450000,-311.275000,-90.000000,bottom
"C3760","1uF","C_0603_1608Metric",354.450000,-311.275000,-90.000000,bottom
"C3761","1uF","C_0603_1608Metric",358.450000,-311.275000,-90.000000,bottom
"C3762","1uF","C_0603_1608Metric",362.450000,-311.275000,-90.000000,bottom
"C3763","1uF","C_0603_1608Metric",366.450000,-311.275000,-90.000000,bottom
"C3764","1uF","C_0603_1608Metric",370.450000,-311.275000,-90.000000,bottom
"C3765","1uF","C_0603_1608Metric",374.450000,-311.275000,-90.000000,bottom
"C3766","1uF","C_0603_1608Metric",378.450000,-311.275000,-90.000000,bottom
"C3767","1uF","C_0603_1608Metric",382.450000,-311.275000,-90.000000,bottom
"C3768","1uF","C_0603_1608Metric",386.450000,-311.275000,-90.000000,bottom
"C3769","1uF","C_0603_1608Metric",390.450000,-311.275000,-90.000000,bottom
"C3770","1uF","C_0603_1608Metric",394.450000,-311.275000,-90.000000,bottom
"C3771","1uF","C_0603_1608Metric",398.450000,-311.275000,-90.000000,bottom
"C3772","1uF","C_0603_1608Metric",402.450000,-311.275000,-90.000000,bottom
"C3773","1uF","C_0603_1608Metric",406.450000,-311.275000,-90.000000,bottom
"C3774","1uF","C_0603_1608Metric",410.450000,-311.275000,-90.000000,bottom
"C3775","1uF","C_0603_1608Metric",414.450000,-311.275000,-90.000000,bottom
"C3776","1uF","C_0603_1608Metric",418.450000,-311.275000,-90.000000,bottom
"C3777","1uF","C_0603_1608Metric",422.450000,-311.275000,-90.000000,bottom
"C3778","1uF","C_0603_1608Metric",426.450000,-311.275000,-90.000000,bottom
"C3779","1uF","C_0603_1608Metric",430.450000,-311.275000,-90.000000,bottom
"C3780","1uF","C_0603_1608Metric",434.450000,-311.275000,-90.000000,bottom
"C3781","1uF","C_0603_1608Metric",158.450000,-315.275000,-90.000000,bottom
"C3782","1uF","C_0603_1608Metric",162.450000,-315.275000,-90.000000,bottom
"C3783","1uF","C_0603_1608Metric",166.450000,-315.275000,-90.000000,bottom
"C3784","1uF","C_0603_1608Metric",170.450000,-315.275000,-90.000000,bottom
"C3785","1uF","C_0603_1608Metric",174.450000,-315.275000,-90.000000,bottom
"C3786","1uF","C_0603_1608Metric",178.450000,-315.275000,-90.000000,bottom
"C3787","1uF","C_0603_1608Metric",182.450000,-315.275000,-90.000000,bottom
"C3788","1uF","C_0603_1608Metric",186.450000,-315.275000,-90.000000,bottom
"C3789","1uF","C_0603_1608Metric",190.450000,-315.275000,-90.000000,bottom
"C3790","1uF","C_0603_1608Metric",194.450000,-315.275000,-90.000000,bottom
"C3791","1uF","C_0603_1608Metric",198.450000,-315.275000,-90.000000,bottom
"C3792","1uF","C_0603_1608Metric",202.450000,-315.275000,-90.000000,bottom
"C3793","1uF","C_0603_1608Metric",206.450000,-315.275000,-90.000000,bottom
"C3794","1uF","C_0603_1608Metric",210.450000,-315.275000,-90.000000,bottom
"C3795","1uF","C_0603_1608Metric",214.450000,-315.275000,-90.000000,bottom
"C3796","1uF","C_0603_1608Metric",218.450000,-315.275000,-90.000000,bottom
"C3797","1uF","C_0603_1608Metric",222.450000,-315.275000,-90.000000,bottom
"C3798","1uF","C_0603_1608Metric",226.450000,-315.275000,-90.000000,bottom
"C3799","1uF","C_0603_1608Metric",230.450000,-315.275000,-90.000000,bottom
"C3800","1uF","C_0603_1608Metric",234.450000,-315.275000,-90.000000,bottom
"C3801","1uF","C_0603_1608Metric",238.450000,-315.275000,-90.000000,bottom
"C3802","1uF","C_0603_1608Metric",242.450000,-315.275000,-90.000000,bottom
"C3803","1uF","C_0603_1608Metric",246.450000,-315.275000,-90.000000,bottom
"C3804","1uF","C_0603_1608Metric",250.450000,-315.275000,-90.000000,bottom
"C3805","1uF","C_0603_1608Metric",254.450000,-315.275000,-90.000000,bottom
"C3806","1uF","C_0603_1608Metric",258.450000,-315.275000,-90.000000,bottom
"C3807","1uF","C_0603_1608Metric",262.450000,-315.275000,-90.000000,bottom
"C3808","1uF","C_0603_1608Metric",266.450000,-315.275000,-90.000000,bottom
"C3809","1uF","C_0603_1608Metric",270.450000,-315.275000,-90.000000,bottom
"C3810","1uF","C_0603_1608Metric",274.450000,-315.275000,-90.000000,bottom
"C3811","1uF","C_0603_1608Metric",278.450000,-315.275000,-90.000000,bottom
"C3812","1uF","C_0603_1608Metric",282.450000,-315.275000,-90.000000,bottom
"C3813","1uF","C_0603_1608Metric",286.450000,-315.275000,-90.000000,bottom
"C3814","1uF","C_0603_1608Metric",290.450000,-315.275000,-90.000000,bottom
"C3815","1uF","C_0603_1608Metric",294.450000,-315.275000,-90.000000,bottom
"C3816","1uF","C_0603_1608Metric",298.450000,-315.275000,-90.000000,bottom
"C3817","1uF","C_0603_1608Metric",302.450000,-315.275000,-90.000000,bottom
"C3818","1uF","C_0603_1608Metric",306.450000,-315.275000,-90.000000,bottom
"C3819","1uF","C_0603_1608Metric",310.450000,-315.275000,-90.000000,bottom
"C3820","1uF","C_0603_1608Metric",314.450000,-315.275000,-90.000000,bottom
"C3821","1uF","C_0603_1608Metric",318.450000,-315.275000,-90.000000,bottom
"C3822","1uF","C_0603_1608Metric",322.450000,-315.275000,-90.000000,bottom
"C3823","1uF","C_0603_1608Metric",326.450000,-315.275000,-90.000000,bottom
"C3824","1uF","C_0603_1608Metric",330.450000,-315.275000,-90.000000,bottom
"C3825","1uF","C_0603_1608Metric",334.450000,-315.275000,-90.000000,bottom
"C3826","1uF","C_0603_1608Metric",338.450000,-315.275000,-90.000000,bottom
"C3827","1uF","C_0603_1608Metric",342.450000,-315.275000,-90.000000,bottom
"C3828","1uF","C_0603_1608Metric",346.450000,-315.275000,-90.000000,bottom
"C3829","1uF","C_0603_1608Metric",350.450000,-315.275000,-90.000000,bottom
"C3830","1uF","C_0603_1608Metric",354.450000,-315.275000,-90.000000,bottom
"C3831","1uF","C_0603_1608Metric",358.450000,-315.275000,-90.000000,bottom
"C3832","1uF","C_0603_1608Metric",362.450000,-315.275000,-90.000000,bottom
"C3833","1uF","C_0603_1608Metric",366.450000,-315.275000,-90.000000,bottom
"C3834","1uF","C_0603_1608Metric",370.450000,-315.275000,-90.000000,bottom
"C3835","1uF","C_0603_1608Metric",374.450000,-315.275000,-90.000000,bottom
"C3836","1uF","C_0603_1608Metric",378.450000,-315.275000,-90.000000,bottom
"C3837","1uF","C_0603_1608Metric",382.450000,-315.275000,-90.000000,bottom
"C3838","1uF","C_0603_1608Metric",386.450000,-315.275000,-90.000000,bottom
"C3839","1uF","C_0603_1608Metric",390.450000,-315.275000,-90.000000,bottom
"C3840","1uF","C_0603_1608Metric",394.450000,-315.275000,-90.000000,bottom
"C3841","1uF","C_0603_1608Metric",398.450000,-315.275000,-90.000000,bottom
"C3842","1uF","C_0603_1608Metric",402.450000,-315.275000,-90.000000,bottom
"C3843","1uF","C_0603_1608Metric",406.450000,-315.275000,-90.000000,bottom
"C3844","1uF","C_0603_1608Metric",410.450000,-315.275000,-90.000000,bottom
"C3845","1uF","C_0603_1608Metric",414.450000,-315.275000,-90.000000,bottom
"C3846","1uF","C_0603_1608Metric",418.450000,-315.275000,-90.000000,bottom
"C3847","1uF","C_0603_1608Metric",422.450000,-315.275000,-90.000000,bottom
"C3848","1uF","C_0603_1608Metric",426.450000,-315.275000,-90.000000,bottom
"C3849","1uF","C_0603_1608Metric",430.450000,-315.275000,-90.000000,bottom
"C3850","1uF","C_0603_1608Metric",434.450000,-315.275000,-90.000000,bottom
"C3851","1uF","C_0603_1608Metric",158.450000,-319.275000,-90.000000,bottom
"C3852","1uF","C_0603_1608Metric",162.450000,-319.275000,-90.000000,bottom
"C3853","1uF","C_0603_1608Metric",166.450000,-319.275000,-90.000000,bottom
"C3854","1uF","C_0603_1608Metric",170.450000,-319.275000,-90.000000,bottom
"C3855","1uF","C_0603_1608Metric",174.450000,-319.275000,-90.000000,bottom
"C3856","1uF","C_0603_1608Metric",178.450000,-319.275000,-90.000000,bottom
"C3857","1uF","C_0603_1608Metric",182.450000,-319.275000,-90.000000,bottom
"C3858","1uF","C_0603_1608Metric",186.450000,-319.275000,-90.000000,bottom
"C3859","1uF","C_0603_1608Metric",190.450000,-319.275000,-90.000000,bottom
"C3860","1uF","C_0603_1608Metric",194.450000,-319.275000,-90.000000,bottom
"C3861","1uF","C_0603_1608Metric",198.450000,-319.275000,-90.000000,bottom
"C3862","1uF","C_0603_1608Metric",202.450000,-319.275000,-90.000000,bottom
"C3863","1uF","C_0603_1608Metric",206.450000,-319.275000,-90.000000,bottom
"C3864","1uF","C_0603_1608Metric",210.450000,-319.275000,-90.000000,bottom
"C3865","1uF","C_0603_1608Metric",214.450000,-319.275000,-90.000000,bottom
"C3866","1uF","C_0603_1608Metric",218.450000,-319.275000,-90.000000,bottom
"C3867","1uF","C_0603_1608Metric",222.450000,-319.275000,-90.000000,bottom
"C3868","1uF","C_0603_1608Metric",226.450000,-319.275000,-90.000000,bottom
"C3869","1uF","C_0603_1608Metric",230.450000,-319.275000,-90.000000,bottom
"C3870","1uF","C_0603_1608Metric",234.450000,-319.275000,-90.000000,bottom
"C3871","1uF","C_0603_1608Metric",238.450000,-319.275000,-90.000000,bottom
"C3872","1uF","C_0603_1608Metric",242.450000,-319.275000,-90.000000,bottom
"C3873","1uF","C_0603_1608Metric",246.450000,-319.275000,-90.000000,bottom
"C3874","1uF","C_0603_1608Metric",250.450000,-319.275000,-90.000000,bottom
"C3875","1uF","C_0603_1608Metric",254.450000,-319.275000,-90.000000,bottom
"C3876","1uF","C_0603_1608Metric",258.450000,-319.275000,-90.000000,bottom
"C3877","1uF","C_0603_1608Metric",262.450000,-319.275000,-90.000000,bottom
"C3878","1uF","C_0603_1608Metric",266.450000,-319.275000,-90.000000,bottom
"C3879","1uF","C_0603_1608Metric",270.450000,-319.275000,-90.000000,bottom
"C3880","1uF","C_0603_1608Metric",274.450000,-319.275000,-90.000000,bottom
"C3881","1uF","C_0603_1608Metric",278.450000,-319.275000,-90.000000,bottom
"C3882","1uF","C_0603_1608Metric",282.450000,-319.275000,-90.000000,bottom
"C3883","1uF","C_0603_1608Metric",286.450000,-319.275000,-90.000000,bottom
"C3884","1uF","C_0603_1608Metric",290.450000,-319.275000,-90.000000,bottom
"C3885","1uF","C_0603_1608Metric",294.450000,-319.275000,-90.000000,bottom
"C3886","1uF","C_0603_1608Metric",298.450000,-319.275000,-90.000000,bottom
"C3887","1uF","C_0603_1608Metric",302.450000,-319.275000,-90.000000,bottom
"C3888","1uF","C_0603_1608Metric",306.450000,-319.275000,-90.000000,bottom
"C3889","1uF","C_0603_1608Metric",310.450000,-319.275000,-90.000000,bottom
"C3890","1uF","C_0603_1608Metric",314.450000,-319.275000,-90.000000,bottom
"C3891","1uF","C_0603_1608Metric",318.450000,-319.275000,-90.000000,bottom
"C3892","1uF","C_0603_1608Metric",322.450000,-319.275000,-90.000000,bottom
"C3893","1uF","C_0603_1608Metric",326.450000,-319.275000,-90.000000,bottom
"C3894","1uF","C_0603_1608Metric",330.450000,-319.275000,-90.000000,bottom
"C3895","1uF","C_0603_1608Metric",334.450000,-319.275000,-90.000000,bottom
"C3896","1uF","C_0603_1608Metric",338.450000,-319.275000,-90.000000,bottom
"C3897","1uF","C_0603_1608Metric",342.450000,-319.275000,-90.000000,bottom
"C3898","1uF","C_0603_1608Metric",346.450000,-319.275000,-90.000000,bottom
"C3899","1uF","C_0603_1608Metric",350.450000,-319.275000,-90.000000,bottom
"C3900","1uF","C_0603_1608Metric",354.450000,-319.275000,-90.000000,bottom
"C3901","1uF","C_0603_1608Metric",358.450000,-319.275000,-90.000000,bottom
"C3902","1uF","C_0603_1608Metric",362.450000,-319.275000,-90.000000,bottom
"C3903","1uF","C_0603_1608Metric",366.450000,-319.275000,-90.000000,bottom
"C3904","1uF","C_0603_1608Metric",370.450000,-319.275000,-90.000000,bottom
"C3905","1uF","C_0603_1608Metric",374.450000,-319.275000,-90.000000,bottom
"C3906","1uF","C_0603_1608Metric",378.450000,-319.275000,-90.000000,bottom
"C3907","1uF","C_0603_1608Metric",382.450000,-319.275000,-90.000000,bottom
"C3908","1uF","C_0603_1608Metric",386.450000,-319.275000,-90.000000,bottom
"C3909","1uF","C_0603_1608Metric",390.450000,-319.275000,-90.000000,bottom
"C3910","1uF","C_0603_1608Metric",394.450000,-319.275000,-90.000000,bottom
"C3911","1uF","C_0603_1608Metric",398.450000,-319.275000,-90.000000,bottom
"C3912","1uF","C_0603_1608Metric",402.450000,-319.275000,-90.000000,bottom
"C3913","1uF","C_0603_1608Metric",406.450000,-319.275000,-90.000000,bottom
"C3914","1uF","C_0603_1608Metric",410.450000,-319.275000,-90.000000,bottom
"C3915","1uF","C_0603_1608Metric",414.450000,-319.275000,-90.000000,bottom
"C3916","1uF","C_0603_1608Metric",418.450000,-319.275000,-90.000000,bottom
"C3917","1uF","C_0603_1608Metric",422.450000,-319.275000,-90.000000,bottom
"C3918","1uF","C_0603_1608Metric",426.450000,-319.275000,-90.000000,bottom
"C3919","1uF","C_0603_1608Metric",430.450000,-319.275000,-90.000000,bottom
"C3920","1uF","C_0603_1608Metric",434.450000,-319.275000,-90.000000,bottom
"C3921","1uF","C_0603_1608Metric",158.450000,-323.275000,-90.000000,bottom
"C3922","1uF","C_0603_1608Metric",162.450000,-323.275000,-90.000000,bottom
"C3923","1uF","C_0603_1608Metric",166.450000,-323.275000,-90.000000,bottom
"C3924","1uF","C_0603_1608Metric",170.450000,-323.275000,-90.000000,bottom
"C3925","1uF","C_0603_1608Metric",174.450000,-323.275000,-90.000000,bottom
"C3926","1uF","C_0603_1608Metric",178.450000,-323.275000,-90.000000,bottom
"C3927","1uF","C_0603_1608Metric",182.450000,-323.275000,-90.000000,bottom
"C3928","1uF","C_0603_1608Metric",186.450000,-323.275000,-90.000000,bottom
"C3929","1uF","C_0603_1608Metric",190.450000,-323.275000,-90.000000,bottom
"C3930","1uF","C_0603_1608Metric",194.450000,-323.275000,-90.000000,bottom
"C3931","1uF","C_0603_1608Metric",198.450000,-323.275000,-90.000000,bottom
"C3932","1uF","C_0603_1608Metric",202.450000,-323.275000,-90.000000,bottom
"C3933","1uF","C_0603_1608Metric",206.450000,-323.275000,-90.000000,bottom
"C3934","1uF","C_0603_1608Metric",210.450000,-323.275000,-90.000000,bottom
"C3935","1uF","C_0603_1608Metric",214.450000,-323.275000,-90.000000,bottom
"C3936","1uF","C_0603_1608Metric",218.450000,-323.275000,-90.000000,bottom
"C3937","1uF","C_0603_1608Metric",222.450000,-323.275000,-90.000000,bottom
"C3938","1uF","C_0603_1608Metric",226.450000,-323.275000,-90.000000,bottom
"C3939","1uF","C_0603_1608Metric",230.450000,-323.275000,-90.000000,bottom
"C3940","1uF","C_0603_1608Metric",234.450000,-323.275000,-90.000000,bottom
"C3941","1uF","C_0603_1608Metric",238.450000,-323.275000,-90.000000,bottom
"C3942","1uF","C_0603_1608Metric",242.450000,-323.275000,-90.000000,bottom
"C3943","1uF","C_0603_1608Metric",246.450000,-323.275000,-90.000000,bottom
"C3944","1uF","C_0603_1608Metric",250.450000,-323.275000,-90.000000,bottom
"C3945","1uF","C_0603_1608Metric",254.450000,-323.275000,-90.000000,bottom
"C3946","1uF","C_0603_1608Metric",258.450000,-323.275000,-90.000000,bottom
"C3947","1uF","C_0603_1608Metric",262.450000,-323.275000,-90.000000,bottom
"C3948","1uF","C_0603_1608Metric",266.450000,-323.275000,-90.000000,bottom
"C3949","1uF","C_0603_1608Metric",270.450000,-323.275000,-90.000000,bottom
"C3950","1uF","C_0603_1608Metric",274.450000,-323.275000,-90.000000,bottom
"C3951","1uF","C_0603_1608Metric",278.450000,-323.275000,-90.000000,bottom
"C3952","1uF","C_0603_1608Metric",282.450000,-323.275000,-90.000000,bottom
"C3953","1uF","C_0603_1608Metric",286.450000,-323.275000,-90.000000,bottom
"C3954","1uF","C_0603_1608Metric",290.450000,-323.275000,-90.000000,bottom
"C3955","1uF","C_0603_1608Metric",294.450000,-323.275000,-90.000000,bottom
"C3956","1uF","C_0603_1608Metric",298.450000,-323.275000,-90.000000,bottom
"C3957","1uF","C_0603_1608Metric",302.450000,-323.275000,-90.000000,bottom
"C3958","1uF","C_0603_1608Metric",306.450000,-323.275000,-90.000000,bottom
"C3959","1uF","C_0603_1608Metric",310.450000,-323.275000,-90.000000,bottom
"C3960","1uF","C_0603_1608Metric",314.450000,-323.275000,-90.000000,bottom
"C3961","1uF","C_0603_1608Metric",318.450000,-323.275000,-90.000000,bottom
"C3962","1uF","C_0603_1608Metric",322.450000,-323.275000,-90.000000,bottom
"C3963","1uF","C_0603_1608Metric",326.450000,-323.275000,-90.000000,bottom
"C3964","1uF","C_0603_1608Metric",330.450000,-323.275000,-90.000000,bottom
"C3965","1uF","C_0603_1608Metric",334.450000,-323.275000,-90.000000,bottom
"C3966","1uF","C_0603_1608Metric",338.450000,-323.275000,-90.000000,bottom
"C3967","1uF","C_0603_1608Metric",342.450000,-323.275000,-90.000000,bottom
"C3968","1uF","C_0603_1608Metric",346.450000,-323.275000,-90.000000,bottom
"C3969","1uF","C_0603_1608Metric",350.450000,-323.275000,-90.000000,bottom
"C3970","1uF","C_0603_1608Metric",354.450000,-323.275000,-90.000000,bottom
"C3971","1uF","C_0603_1608Metric",358.450000,-323.275000,-90.000000,bottom
"C3972","1uF","C_0603_1608Metric",362.450000,-323.275000,-90.000000,bottom
"C3973","1uF","C_0603_1608Metric",366.450000,-323.275000,-90.000000,bottom
"C3974","1uF","C_0603_1608Metric",370.450000,-323.275000,-90.000000,bottom
"C3975","1uF","C_0603_1608Metric",374.450000,-323.275000,-90.000000,bottom
"C3976","1uF","C_0603_1608Metric",378.450000,-323.275000,-90.000000,bottom
"C3977","1uF","C_0603_1608Metric",382.450000,-323.275000,-90.000000,bottom
"C3978","1uF","C_0603_1608Metric",386.450000,-323.275000,-90.000000,bottom
"C3979","1uF","C_0603_1608Metric",390.450000,-323.275000,-90.000000,bottom
"C3980","1uF","C_0603_1608Metric",394.450000,-323.275000,-90.000000,bottom
"C3981","1uF","C_0603_1608Metric",398.450000,-323.275000,-90.000000,bottom
"C3982","1uF","C_0603_1608Metric",402.450000,-323.275000,-90.000000,bottom
"C3983","1uF","C_0603_1608Metric",406.450000,-323.275000,-90.000000,bottom
"C3984","1uF","C_0603_1608Metric",410.450000,-323.275000,-90.000000,bottom
"C3985","1uF","C_0603_1608Metric",414.450000,-323.275000,-90.000000,bottom
"C3986","1uF","C_0603_1608Metric",418.450000,-323.275000,-90.000000,bottom
"C3987","1uF","C_0603_1608Metric",422.450000,-323.275000,-90.000000,bottom
"C3988","1uF","C_0603_1608Metric",426.450000,-323.275000,-90.000000,bottom
"C3989","1uF","C_0603_1608Metric",430.450000,-323.275000,-90.000000,bottom
"C3990","1uF","C_0603_1608Metric",434.450000,-323.275000,-90.000000,bottom
"C3991","1uF","C_0603_1608Metric",158.450000,-327.275000,-90.000000,bottom
"C3992","1uF","C_0603_1608Metric",162.450000,-327.275000,-90.000000,bottom
"C3993","1uF","C_0603_1608Metric",166.450000,-327.275000,-90.000000,bottom
"C3994","1uF","C_0603_1608Metric",170.450000,-327.275000,-90.000000,bottom
"C3995","1uF","C_0603_1608Metric",174.450000,-327.275000,-90.000000,bottom
"C3996","1uF","C_0603_1608Metric",178.450000,-327.275000,-90.000000,bottom
"C3997","1uF","C_0603_1608Metric",182.450000,-327.275000,-90.000000,bottom
"C3998","1uF","C_0603_1608Metric",186.450000,-327.275000,-90.000000,bottom
"C3999","1uF","C_0603_1608Metric",190.450000,-327.275000,-90.000000,bottom
"C4000","1uF","C_0603_1608Metric",194.450000,-327.275000,-90.000000,bottom
"C4001","1uF","C_0603_1608Metric",198.450000,-327.275000,-90.000000,bottom
"C4002","1uF","C_0603_1608Metric",202.450000,-327.275000,-90.000000,bottom
"C4003","1uF","C_0603_1608Metric",206.450000,-327.275000,-90.000000,bottom
"C4004","1uF","C_0603_1608Metric",210.450000,-327.275000,-90.000000,bottom
"C4005","1uF","C_0603_1608Metric",214.450000,-327.275000,-90.000000,bottom
"C4006","1uF","C_0603_1608Metric",218.450000,-327.275000,-90.000000,bottom
"C4007","1uF","C_0603_1608Metric",222.450000,-327.275000,-90.000000,bottom
"C4008","1uF","C_0603_1608Metric",226.450000,-327.275000,-90.000000,bottom
"C4009","1uF","C_0603_1608Metric",230.450000,-327.275000,-90.000000,bottom
"C4010","1uF","C_0603_1608Metric",234.450000,-327.275000,-90.000000,bottom
"C4011","1uF","C_0603_1608Metric",238.450000,-327.275000,-90.000000,bottom
"C4012","1uF","C_0603_1608Metric",242.450000,-327.275000,-90.000000,bottom
"C4013","1uF","C_0603_1608Metric",246.450000,-327.275000,-90.000000,bottom
"C4014","1uF","C_0603_1608Metric",250.450000,-327.275000,-90.000000,bottom
"C4015","1uF","C_0603_1608Metric",254.450000,-327.275000,-90.000000,bottom
"C4016","1uF","C_0603_1608Metric",258.450000,-327.275000,-90.000000,bottom
"C4017","1uF","C_0603_1608Metric",262.450000,-327.275000,-90.000000,bottom
"C4018","1uF","C_0603_1608Metric",266.450000,-327.275000,-90.000000,bottom
"C4019","1uF","C_0603_1608Metric",270.450000,-327.275000,-90.000000,bottom
"C4020","1uF","C_0603_1608Metric",274.450000,-327.275000,-90.000000,bottom
"C4021","1uF","C_0603_1608Metric",278.450000,-327.275000,-90.000000,bottom
"C4022","1uF","C_0603_1608Metric",282.450000,-327.275000,-90.000000,bottom
"C4023","1uF","C_0603_1608Metric",286.450000,-327.275000,-90.000000,bottom
"C4024","1uF","C_0603_1608Metric",290.450000,-327.275000,-90.000000,bottom
"C4025","1uF","C_0603_1608Metric",294.450000,-327.275000,-90.000000,bottom
"C4026","1uF","C_0603_1608Metric",298.450000,-327.275000,-90.000000,bottom
"C4027","1uF","C_0603_1608Metric",302.450000,-327.275000,-90.000000,bottom
"C4028","1uF","C_0603_1608Metric",306.450000,-327.275000,-90.000000,bottom
"C4029","1uF","C_0603_1608Metric",310.450000,-327.275000,-90.000000,bottom
"C4030","1uF","C_0603_1608Metric",314.450000,-327.275000,-90.000000,bottom
"C4031","1uF","C_0603_1608Metric",318.450000,-327.275000,-90.000000,bottom
"C4032","1uF","C_0603_1608Metric",322.450000,-327.275000,-90.000000,bottom
"C4033","1uF","C_0603_1608Metric",326.450000,-327.275000,-90.000000,bottom
"C4034","1uF","C_0603_1608Metric",330.450000,-327.275000,-90.000000,bottom
"C4035","1uF","C_0603_1608Metric",334.450000,-327.275000,-90.000000,bottom
"C4036","1uF","C_0603_1608Metric",338.450000,-327.275000,-90.000000,bottom
"C4037","1uF","C_0603_1608Metric",342.450000,-327.275000,-90.000000,bottom
"C4038","1uF","C_0603_1608Metric",346.450000,-327.275000,-90.000000,bottom
"C4039","1uF","C_0603_1608Metric",350.450000,-327.275000,-90.000000,bottom
"C4040","1uF","C_0603_1608Metric",354.450000,-327.275000,-90.000000,bottom
"C4041","1uF","C_0603_1608Metric",358.450000,-327.275000,-90.000000,bottom
"C4042","1uF","C_0603_1608Metric",362.450000,-327.275000,-90.000000,bottom
"C4043","1uF","C_0603_1608Metric",366.450000,-327.275000,-90.000000,bottom
"C4044","1uF","C_0603_1608Metric",370.450000,-327.275000,-90.000000,bottom
"C4045","1uF","C_0603_1608Metric",374.450000,-327.275000,-90.000000,bottom
"C4046","1uF","C_0603_1608Metric",378.450000,-327.275000,-90.000000,bottom
"C4047","1uF","C_0603_1608Metric",382.450000,-327.275000,-90.000000,bottom
"C4048","1uF","C_0603_1608Metric",386.450000,-327.275000,-90.000000,bottom
"C4049","1uF","C_0603_1608Metric",390.450000,-327.275000,-90.000000,bottom
"C4050","1uF","C_0603_1608Metric",394.450000,-327.275000,-90.000000,bottom
"C4051","1uF","C_0603_1608Metric",398.450000,-327.275000,-90.000000,bottom
"C4052","1uF","C_0603_1608Metric",402.450000,-327.275000,-90.000000,bottom
"C4053","1uF","C_0603_1608Metric",406.450000,-327.275000,-90.000000,bottom
"C4054","1uF","C_0603_1608Metric",410.450000,-327.275000,-90.000000,bottom
"C4055","1uF","C_0603_1608Metric",414.450000,-327.275000,-90.000000,bottom
"C4056","1uF","C_0603_1608Metric",418.450000,-327.275000,-90.000000,bottom
"C4057","1uF","C_0603_1608Metric",422.450000,-327.275000,-90.000000,bottom
"C4058","1uF","C_0603_1608Metric",426.450000,-327.275000,-90.000000,bottom
"C4059","1uF","C_0603_1608Metric",430.450000,-327.275000,-90.000000,bottom
"C4060","1uF","C_0603_1608Metric",434.450000,-327.275000,-90.000000,bottom
"C4061","1uF","C_0603_1608Metric",158.450000,-331.275000,-90.000000,bottom
"C4062","1uF","C_0603_1608Metric",162.450000,-331.275000,-90.000000,bottom
"C4063","1uF","C_0603_1608Metric",166.450000,-331.275000,-90.000000,bottom
"C4064","1uF","C_0603_1608Metric",170.450000,-331.275000,-90.000000,bottom
"C4065","1uF","C_0603_1608Metric",174.450000,-331.275000,-90.000000,bottom
"C4066","1uF","C_0603_1608Metric",178.450000,-331.275000,-90.000000,bottom
"C4067","1uF","C_0603_1608Metric",182.450000,-331.275000,-90.000000,bottom
"C4068","1uF","C_0603_1608Metric",186.450000,-331.275000,-90.000000,bottom
"C4069","1uF","C_0603_1608Metric",190.450000,-331.275000,-90.000000,bottom
"C4070","1uF","C_0603_1608Metric",194.450000,-331.275000,-90.000000,bottom
"C4071","1uF","C_0603_1608Metric",198.450000,-331.275000,-90.000000,bottom
"C4072","1uF","C_0603_1608Metric",202.450000,-331.275000,-90.000000,bottom
"C4073","1uF","C_0603_1608Metric",206.450000,-331.275000,-90.000000,bottom
"C4074","1uF","C_0603_1608Metric",210.450000,-331.275000,-90.000000,bottom
"C4075","1uF","C_0603_1608Metric",214.450000,-331.275000,-90.000000,bottom
"C4076","1uF","C_0603_1608Metric",218.450000,-331.275000,-90.000000,bottom
"C4077","1uF","C_0603_1608Metric",222.450000,-331.275000,-90.000000,bottom
"C4078","1uF","C_0603_1608Metric",226.450000,-331.275000,-90.000000,bottom
"C4079","1uF","C_0603_1608Metric",230.450000,-331.275000,-90.000000,bottom
"C4080","1uF","C_0603_1608Metric",234.450000,-331.275000,-90.000000,bottom
"C4081","1uF","C_0603_1608Metric",238.450000,-331.275000,-90.000000,bottom
"C4082","1uF","C_0603_1608Metric",242.450000,-331.275000,-90.000000,bottom
"C4083","1uF","C_0603_1608Metric",246.450000,-331.275000,-90.000000,bottom
"C4084","1uF","C_0603_1608Metric",250.450000,-331.275000,-90.000000,bottom
"C4085","1uF","C_0603_1608Metric",254.450000,-331.275000,-90.000000,bottom
"C4086","1uF","C_0603_1608Metric",258.450000,-331.275000,-90.000000,bottom
"C4087","1uF","C_0603_1608Metric",262.450000,-331.275000,-90.000000,bottom
"C4088","1uF","C_0603_1608Metric",266.450000,-331.275000,-90.000000,bottom
"C4089","1uF","C_0603_1608Metric",270.450000,-331.275000,-90.000000,bottom
"C4090","1uF","C_0603_1608Metric",274.450000,-331.275000,-90.000000,bottom
"C4091","1uF","C_0603_1608Metric",278.450000,-331.275000,-90.000000,bottom
"C4092","1uF","C_0603_1608Metric",282.450000,-331.275000,-90.000000,bottom
"C4093","1uF","C_0603_1608Metric",286.450000,-331.275000,-90.000000,bottom
"C4094","1uF","C_0603_1608Metric",290.450000,-331.275000,-90.000000,bottom
"C4095","1uF","C_0603_1608Metric",294.450000,-331.275000,-90.000000,bottom
"C4096","1uF","C_0603_1608Metric",298.450000,-331.275000,-90.000000,bottom
"C4097","1uF","C_0603_1608Metric",302.450000,-331.275000,-90.000000,bottom
"C4098","1uF","C_0603_1608Metric",306.450000,-331.275000,-90.000000,bottom
"C4099","1uF","C_0603_1608Metric",310.450000,-331.275000,-90.000000,bottom
"C4100","1uF","C_0603_1608Metric",314.450000,-331.275000,-90.000000,bottom
"C4101","1uF","C_0603_1608Metric",318.450000,-331.275000,-90.000000,bottom
"C4102","1uF","C_0603_1608Metric",322.450000,-331.275000,-90.000000,bottom
"C4103","1uF","C_0603_1608Metric",326.450000,-331.275000,-90.000000,bottom
"C4104","1uF","C_0603_1608Metric",330.450000,-331.275000,-90.000000,bottom
"C4105","1uF","C_0603_1608Metric",334.450000,-331.275000,-90.000000,bottom
"C4106","1uF","C_0603_1608Metric",338.450000,-331.275000,-90.000000,bottom
"C4107","1uF","C_0603_1608Metric",342.450000,-331.275000,-90.000000,bottom
"C4108","1uF","C_0603_1608Metric",346.450000,-331.275000,-90.000000,bottom
"C4109","1uF","C_0603_1608Metric",350.450000,-331.275000,-90.000000,bottom
"C4110","1uF","C_0603_1608Metric",354.450000,-331.275000,-90.000000,bottom
"C4111","1uF","C_0603_1608Metric",358.450000,-331.275000,-90.000000,bottom
"C4112","1uF","C_0603_1608Metric",362.450000,-331.275000,-90.000000,bottom
"C4113","1uF","C_0603_1608Metric",366.450000,-331.275000,-90.000000,bottom
"C4114","1uF","C_0603_1608Metric",370.450000,-331.275000,-90.000000,bottom
"C4115","1uF","C_0603_1608Metric",374.450000,-331.275000,-90.000000,bottom
"C4116","1uF","C_0603_1608Metric",378.450000,-331.275000,-90.000000,bottom
"C4117","1uF","C_0603_1608Metric",382.450000,-331.275000,-90.000000,bottom
"C4118","1uF","C_0603_1608Metric",386.450000,-331.275000,-90.000000,bottom
"C4119","1uF","C_0603_1608Metric",390.450000,-331.275000,-90.000000,bottom
"C4120","1uF","C_0603_1608Metric",394.450000,-331.275000,-90.000000,bottom
"C4121","1uF","C_0603_1608Metric",398.450000,-331.275000,-90.000000,bottom
"C4122","1uF","C_0603_1608Metric",402.450000,-331.275000,-90.000000,bottom
"C4123","1uF","C_0603_1608Metric",406.450000,-331.275000,-90.000000,bottom
"C4124","1uF","C_0603_1608Metric",410.450000,-331.275000,-90.000000,bottom
"C4125","1uF","C_0603_1608Metric",414.450000,-331.275000,-90.000000,bottom
"C4126","1uF","C_0603_1608Metric",418.450000,-331.275000,-90.000000,bottom
"C4127","1uF","C_0603_1608Metric",422.450000,-331.275000,-90.000000,bottom
"C4128","1uF","C_0603_1608Metric",426.450000,-331.275000,-90.000000,bottom
"C4129","1uF","C_0603_1608Metric",430.450000,-331.275000,-90.000000,bottom
"C4130","1uF","C_0603_1608Metric",434.450000,-331.275000,-90.000000,bottom
"C4131","1uF","C_0603_1608Metric",158.450000,-335.275000,-90.000000,bottom
"C4132","1uF","C_0603_1608Metric",162.450000,-335.275000,-90.000000,bottom
"C4133","1uF","C_0603_1608Metric",166.450000,-335.275000,-90.000000,bottom
"C4134","1uF","C_0603_1608Metric",170.450000,-335.275000,-90.000000,bottom
"C4135","1uF","C_0603_1608Metric",174.450000,-335.275000,-90.000000,bottom
"C4136","1uF","C_0603_1608Metric",178.450000,-335.275000,-90.000000,bottom
"C4137","1uF","C_0603_1608Metric",182.450000,-335.275000,-90.000000,bottom
"C4138","1uF","C_0603_1608Metric",186.450000,-335.275000,-90.000000,bottom
"C4139","1uF","C_0603_1608Metric",190.450000,-335.275000,-90.000000,bottom
"C4140","1uF","C_0603_1608Metric",194.450000,-335.275000,-90.000000,bottom
"C4141","1uF","C_0603_1608Metric",198.450000,-335.275000,-90.000000,bottom
"C4142","1uF","C_0603_1608Metric",202.450000,-335.275000,-90.000000,bottom
"C4143","1uF","C_0603_1608Metric",206.450000,-335.275000,-90.000000,bottom
"C4144","1uF","C_0603_1608Metric",210.450000,-335.275000,-90.000000,bottom
"C4145","1uF","C_0603_1608Metric",214.450000,-335.275000,-90.000000,bottom
"C4146","1uF","C_0603_1608Metric",218.450000,-335.275000,-90.000000,bottom
"C4147","1uF","C_0603_1608Metric",222.450000,-335.275000,-90.000000,bottom
"C4148","1uF","C_0603_1608Metric",226.450000,-335.275000,-90.000000,bottom
"C4149","1uF","C_0603_1608Metric",230.450000,-335.275000,-90.000000,bottom
"C4150","1uF","C_0603_1608Metric",234.450000,-335.275000,-90.000000,bottom
"C4151","1uF","C_0603_1608Metric",238.450000,-335.275000,-90.000000,bottom
"C4152","1uF","C_0603_1608Metric",242.450000,-335.275000,-90.000000,bottom
"C4153","1uF","C_0603_1608Metric",246.450000,-335.275000,-90.000000,bottom
"C4154","1uF","C_0603_1608Metric",250.450000,-335.275000,-90.000000,bottom
"C4155","1uF","C_0603_1608Metric",254.450000,-335.275000,-90.000000,bottom
"C4156","1uF","C_0603_1608Metric",258.450000,-335.275000,-90.000000,bottom
"C4157","1uF","C_0603_1608Metric",262.450000,-335.275000,-90.000000,bottom
"C4158","1uF","C_0603_1608Metric",266.450000,-335.275000,-90.000000,bottom
"C4159","1uF","C_0603_1608Metric",270.450000,-335.275000,-90.000000,bottom
"C4160","1uF","C_0603_1608Metric",274.450000,-335.275000,-90.000000,bottom
"C4161","1uF","C_0603_1608Metric",278.450000,-335.275000,-90.000000,bottom
"C4162","1uF","C_0603_1608Metric",282.450000,-335.275000,-90.000000,bottom
"C4163","1uF","C_0603_1608Metric",286.450000,-335.275000,-90.000000,bottom
"C4164","1uF","C_0603_1608Metric",290.450000,-335.275000,-90.000000,bottom
"C4165","1uF","C_0603_1608Metric",294.450000,-335.275000,-90.000000,bottom
"C4166","1uF","C_0603_1608Metric",298.450000,-335.275000,-90.000000,bottom
"C4167","1uF","C_0603_1608Metric",302.450000,-335.275000,-90.000000,bottom
"C4168","1uF","C_0603_1608Metric",306.450000,-335.275000,-90.000000,bottom
"C4169","1uF","C_0603_1608Metric",310.450000,-335.275000,-90.000000,bottom
"C4170","1uF","C_0603_1608Metric",314.450000,-335.275000,-90.000000,bottom
"C4171","1uF","C_0603_1608Metric",318.450000,-335.275000,-90.000000,bottom
"C4172","1uF","C_0603_1608Metric",322.450000,-335.275000,-90.000000,bottom
"C4173","1uF","C_0603_1608Metric",326.450000,-335.275000,-90.000000,bottom
"C4174","1uF","C_0603_1608Metric",330.450000,-335.275000,-90.000000,bottom
"C4175","1uF","C_0603_1608Metric",334.450000,-335.275000,-90.000000,bottom
"C4176","1uF","C_0603_1608Metric",338.450000,-335.275000,-90.000000,bottom
"C4177","1uF","C_0603_1608Metric",342.450000,-335.275000,-90.000000,bottom
"C4178","1uF","C_0603_1608Metric",346.450000,-335.275000,-90.000000,bottom
"C4179","1uF","C_0603_1608Metric",350.450000,-335.275000,-90.000000,bottom
"C4180","1uF","C_0603_1608Metric",354.450000,-335.275000,-90.000000,bottom
"C4181","1uF","C_0603_1608Metric",358.450000,-335.275000,-90.000000,bottom
"C4182","1uF","C_0603_1608Metric",362.450000,-335.275000,-90.000000,bottom
"C4183","1uF","C_0603_1608Metric",366.450000,-335.275000,-90.000000,bottom
"C4184","1uF","C_0603_1608Metric",370.450000,-335.275000,-90.000000,bottom
"C4185","1uF","C_0603_1608Metric",374.450000,-335.275000,-90.000000,bottom
"C4186","1uF","C_0603_1608Metric",378.450000,-335.275000,-90.000000,bottom
"C4187","1uF","C_0603_1608Metric",382.450000,-335.275000,-90.000000,bottom
"C4188","1uF","C_0603_1608Metric",386.450000,-335.275000,-90.000000,bottom
"C4189","1uF","C_0603_1608Metric",390.450000,-335.275000,-90.000000,bottom
"C4190","1uF","C_0603_1608Metric",394.450000,-335.275000,-90.000000,bottom
"C4191","1uF","C_0603_1608Metric",398.450000,-335.275000,-90.000000,bottom
"C4192","1uF","C_0603_1608Metric",402.450000,-335.275000,-90.000000,bottom
"C4193","1uF","C_0603_1608Metric",406.450000,-335.275000,-90.000000,bottom
"C4194","1uF","C_0603_1608Metric",410.450000,-335.275000,-90.000000,bottom
"C4195","1uF","C_0603_1608Metric",414.450000,-335.275000,-90.000000,bottom
"C4196","1uF","C_0603_1608Metric",418.450000,-335.275000,-90.000000,bottom
"C4197","1uF","C_0603_1608Metric",422.450000,-335.275000,-90.000000,bottom
"C4198","1uF","C_0603_1608Metric",426.450000,-335.275000,-90.000000,bottom
"C4199","1uF","C_0603_1608Metric",430.450000,-335.275000,-90.000000,bottom
"C4200","1uF","C_0603_1608Metric",434.450000,-335.275000,-90.000000,bottom
"C4202","T520Y337M006ATE040","CP_Elec_10x10",134.175000,-106.075000,180.000000,bottom
"C4206","T520Y337M006ATE040","CP_Elec_10x10",134.725000,-132.925000,180.000000,bottom
"C4210","T520Y337M006ATE040","CP_Elec_10x10",134.125000,-158.025000,180.000000,bottom
"C4214","T520Y337M006ATE040","CP_Elec_10x10",134.450000,-183.375000,180.000000,bottom
"C4218","T520Y337M006ATE040","CP_Elec_10x10",134.532500,-208.100000,180.000000,bottom
"C4222","T520Y337M006ATE040","CP_Elec_10x10",136.275000,-234.000000,180.000000,bottom
"C4226","T520Y337M006ATE040","CP_Elec_10x10",136.300000,-258.625000,180.000000,bottom
"C4230","T520Y337M006ATE040","CP_Elec_10x10",135.200000,-282.675000,180.000000,bottom
"C4234","T520Y337M006ATE040","CP_Elec_10x10",136.025000,-308.500000,180.000000,bottom
"C4238","T520Y337M006ATE040","CP_Elec_10x10",134.182500,-333.450000,180.000000,bottom
